date,is_adjustment_day,usd_vnd,brent_usd_per_barrel,diesel_base_price,diesel_retail_price,diesel_bog_contribution,diesel_bog_spending,e5ron92_base_price,e5ron92_retail_price,e5ron92_bog_contribution,e5ron92_bog_spending,mazut_base_price,mazut_retail_price,mazut_bog_contribution,mazut_bog_spending,ron95_base_price,ron95_retail_price,ron95_bog_contribution,ron95_bog_spending,petrolimex_bog_ty_dong,pvoil_bog_ty_dong
08/05/2018,1,22805.0,74.16,17307.0,17107.0,0.0,200.0,20398.0,19440.0,0.0,958.0,13759.0,13759.0,0.0,0.0,21362.0,21362.0,0.0,0.0,2620.0,194.058207992
09/05/2018,0,22805.0,77.6,17307.0,17107.0,0.0,200.0,20398.0,19440.0,0.0,958.0,13759.0,13759.0,0.0,0.0,21362.0,21362.0,0.0,0.0,2620.0,194.058207992
10/05/2018,0,22805.0,77.59,17307.0,17107.0,0.0,200.0,20398.0,19440.0,0.0,958.0,13759.0,13759.0,0.0,0.0,21362.0,21362.0,0.0,0.0,2620.0,194.058207992
11/05/2018,0,22805.0,77.37,17307.0,17107.0,0.0,200.0,20398.0,19440.0,0.0,958.0,13759.0,13759.0,0.0,0.0,21362.0,21362.0,0.0,0.0,2620.0,194.058207992
12/05/2018,0,22805.0,77.63666666666667,17307.0,17107.0,0.0,200.0,20398.0,19440.0,0.0,958.0,13759.0,13759.0,0.0,0.0,21362.0,21362.0,0.0,0.0,2620.0,194.058207992
13/05/2018,0,22805.0,77.90333333333334,17307.0,17107.0,0.0,200.0,20398.0,19440.0,0.0,958.0,13759.0,13759.0,0.0,0.0,21362.0,21362.0,0.0,0.0,2620.0,194.058207992
14/05/2018,0,22805.0,78.17,17307.0,17107.0,0.0,200.0,20398.0,19440.0,0.0,958.0,13759.0,13759.0,0.0,0.0,21362.0,21362.0,0.0,0.0,2620.0,194.058207992
15/05/2018,0,22805.0,78.94,17307.0,17107.0,0.0,200.0,20398.0,19440.0,0.0,958.0,13759.0,13759.0,0.0,0.0,21362.0,21362.0,0.0,0.0,2620.0,194.058207992
16/05/2018,0,22805.0,78.19,17307.0,17107.0,0.0,200.0,20398.0,19440.0,0.0,958.0,13759.0,13759.0,0.0,0.0,21362.0,21362.0,0.0,0.0,2620.0,194.058207992
17/05/2018,0,22810.0,80.09,17307.0,17107.0,0.0,200.0,20398.0,19440.0,0.0,958.0,13759.0,13759.0,0.0,0.0,21362.0,21362.0,0.0,0.0,2620.0,194.058207992
18/05/2018,0,22815.0,78.38,17307.0,17107.0,0.0,200.0,20398.0,19440.0,0.0,958.0,13759.0,13759.0,0.0,0.0,21362.0,21362.0,0.0,0.0,2620.0,194.058207992
19/05/2018,0,22815.0,78.36666666666666,17307.0,17107.0,0.0,200.0,20398.0,19440.0,0.0,958.0,13759.0,13759.0,0.0,0.0,21362.0,21362.0,0.0,0.0,2620.0,194.058207992
20/05/2018,0,22815.0,78.35333333333334,17307.0,17107.0,0.0,200.0,20398.0,19440.0,0.0,958.0,13759.0,13759.0,0.0,0.0,21362.0,21362.0,0.0,0.0,2620.0,194.058207992
21/05/2018,0,22815.0,78.34,17307.0,17107.0,0.0,200.0,20398.0,19440.0,0.0,958.0,13759.0,13759.0,0.0,0.0,21362.0,21362.0,0.0,0.0,2620.0,194.058207992
22/05/2018,0,22805.0,80.42,17307.0,17107.0,0.0,200.0,20398.0,19440.0,0.0,958.0,13759.0,13759.0,0.0,0.0,21362.0,21362.0,0.0,0.0,2620.0,194.058207992
23/05/2018,1,22810.0,78.69,17994.0,17694.0,0.0,300.0,21365.0,19940.0,0.0,1425.0,14637.0,14437.0,0.0,200.0,22342.0,22342.0,0.0,0.0,2550.0,194.058207992
24/05/2018,0,22810.0,78.9,17994.0,17694.0,0.0,300.0,21365.0,19940.0,0.0,1425.0,14637.0,14437.0,0.0,200.0,22342.0,22342.0,0.0,0.0,2550.0,194.058207992
25/05/2018,0,22825.0,76.6,17994.0,17694.0,0.0,300.0,21365.0,19940.0,0.0,1425.0,14637.0,14437.0,0.0,200.0,22342.0,22342.0,0.0,0.0,2550.0,194.058207992
26/05/2018,0,22831.666666666668,76.0775,17994.0,17694.0,0.0,300.0,21365.0,19940.0,0.0,1425.0,14637.0,14437.0,0.0,200.0,22342.0,22342.0,0.0,0.0,2550.0,194.058207992
27/05/2018,0,22838.333333333332,75.555,17994.0,17694.0,0.0,300.0,21365.0,19940.0,0.0,1425.0,14637.0,14437.0,0.0,200.0,22342.0,22342.0,0.0,0.0,2550.0,194.058207992
28/05/2018,0,22845.0,75.0325,17994.0,17694.0,0.0,300.0,21365.0,19940.0,0.0,1425.0,14637.0,14437.0,0.0,200.0,22342.0,22342.0,0.0,0.0,2550.0,194.058207992
29/05/2018,0,22880.0,74.51,17994.0,17694.0,0.0,300.0,21365.0,19940.0,0.0,1425.0,14637.0,14437.0,0.0,200.0,22342.0,22342.0,0.0,0.0,2550.0,194.058207992
30/05/2018,0,22855.0,75.89,17994.0,17694.0,0.0,300.0,21365.0,19940.0,0.0,1425.0,14637.0,14437.0,0.0,200.0,22342.0,22342.0,0.0,0.0,2550.0,194.058207992
31/05/2018,0,22835.0,76.45,17994.0,17694.0,0.0,300.0,21365.0,19940.0,0.0,1425.0,14637.0,14437.0,0.0,200.0,22342.0,22342.0,0.0,0.0,2550.0,194.058207992
01/06/2018,0,22835.0,74.54,17994.0,17694.0,0.0,300.0,21365.0,19940.0,0.0,1425.0,14637.0,14437.0,0.0,200.0,22342.0,22342.0,0.0,0.0,2550.0,194.058207992
02/06/2018,0,22841.666666666668,74.16333333333334,17994.0,17694.0,0.0,300.0,21365.0,19940.0,0.0,1425.0,14637.0,14437.0,0.0,200.0,22342.0,22342.0,0.0,0.0,2550.0,194.058207992
03/06/2018,0,22848.333333333332,73.78666666666666,17994.0,17694.0,0.0,300.0,21365.0,19940.0,0.0,1425.0,14637.0,14437.0,0.0,200.0,22342.0,22342.0,0.0,0.0,2550.0,194.058207992
04/06/2018,0,22855.0,73.41,17994.0,17694.0,0.0,300.0,21365.0,19940.0,0.0,1425.0,14637.0,14437.0,0.0,200.0,22342.0,22342.0,0.0,0.0,2550.0,194.058207992
05/06/2018,0,22845.0,72.91,17994.0,17694.0,0.0,300.0,21365.0,19940.0,0.0,1425.0,14637.0,14437.0,0.0,200.0,22342.0,22342.0,0.0,0.0,2550.0,194.058207992
06/06/2018,0,22840.0,73.23,17994.0,17694.0,0.0,300.0,21365.0,19940.0,0.0,1425.0,14637.0,14437.0,0.0,200.0,22342.0,22342.0,0.0,0.0,2550.0,194.058207992
07/06/2018,1,22847.121212121212,75.23,17850.0,17694.0,0.0,156.0,21210.0,19940.0,0.0,1270.0,14812.0,14437.0,0.0,375.0,22209.0,22209.0,0.0,0.0,2370.0,194.058207992
08/06/2018,0,22854.242424242424,75.11,17850.0,17694.0,0.0,156.0,21210.0,19940.0,0.0,1270.0,14812.0,14437.0,0.0,375.0,22209.0,22209.0,0.0,0.0,2370.0,194.058207992
09/06/2018,0,22861.363636363636,74.93333333333334,17850.0,17694.0,0.0,156.0,21210.0,19940.0,0.0,1270.0,14812.0,14437.0,0.0,375.0,22209.0,22209.0,0.0,0.0,2370.0,194.058207992
10/06/2018,0,22868.484848484848,74.75666666666666,17850.0,17694.0,0.0,156.0,21210.0,19940.0,0.0,1270.0,14812.0,14437.0,0.0,375.0,22209.0,22209.0,0.0,0.0,2370.0,194.058207992
11/06/2018,0,22875.60606060606,74.58,17850.0,17694.0,0.0,156.0,21210.0,19940.0,0.0,1270.0,14812.0,14437.0,0.0,375.0,22209.0,22209.0,0.0,0.0,2370.0,194.058207992
12/06/2018,0,22882.727272727272,74.86,17850.0,17694.0,0.0,156.0,21210.0,19940.0,0.0,1270.0,14812.0,14437.0,0.0,375.0,22209.0,22209.0,0.0,0.0,2370.0,194.058207992
13/06/2018,0,22889.848484848484,75.07,17850.0,17694.0,0.0,156.0,21210.0,19940.0,0.0,1270.0,14812.0,14437.0,0.0,375.0,22209.0,22209.0,0.0,0.0,2370.0,194.058207992
14/06/2018,0,22896.969696969696,74.77,17850.0,17694.0,0.0,156.0,21210.0,19940.0,0.0,1270.0,14812.0,14437.0,0.0,375.0,22209.0,22209.0,0.0,0.0,2370.0,194.058207992
15/06/2018,0,22904.090909090908,72.02,17850.0,17694.0,0.0,156.0,21210.0,19940.0,0.0,1270.0,14812.0,14437.0,0.0,375.0,22209.0,22209.0,0.0,0.0,2370.0,194.058207992
16/06/2018,0,22911.21212121212,72.97,17850.0,17694.0,0.0,156.0,21210.0,19940.0,0.0,1270.0,14812.0,14437.0,0.0,375.0,22209.0,22209.0,0.0,0.0,2370.0,194.058207992
17/06/2018,0,22918.333333333332,73.92,17850.0,17694.0,0.0,156.0,21210.0,19940.0,0.0,1270.0,14812.0,14437.0,0.0,375.0,22209.0,22209.0,0.0,0.0,2370.0,194.058207992
18/06/2018,0,22925.454545454544,74.87,17850.0,17694.0,0.0,156.0,21210.0,19940.0,0.0,1270.0,14812.0,14437.0,0.0,375.0,22209.0,22209.0,0.0,0.0,2370.0,194.058207992
19/06/2018,0,22932.575757575756,74.92,17850.0,17694.0,0.0,156.0,21210.0,19940.0,0.0,1270.0,14812.0,14437.0,0.0,375.0,22209.0,22209.0,0.0,0.0,2370.0,194.058207992
20/06/2018,0,22939.696969696968,74.25,17850.0,17694.0,0.0,156.0,21210.0,19940.0,0.0,1270.0,14812.0,14437.0,0.0,375.0,22209.0,22209.0,0.0,0.0,2370.0,194.058207992
21/06/2018,0,22946.81818181818,72.87,17850.0,17694.0,0.0,156.0,21210.0,19940.0,0.0,1270.0,14812.0,14437.0,0.0,375.0,22209.0,22209.0,0.0,0.0,2370.0,194.058207992
22/06/2018,0,22953.939393939392,73.67,17850.0,17694.0,0.0,156.0,21210.0,19940.0,0.0,1270.0,14812.0,14437.0,0.0,375.0,22209.0,22209.0,0.0,0.0,2270.0,194.058207992
23/06/2018,0,22961.060606060608,73.38666666666667,17850.0,17694.0,0.0,156.0,21210.0,19940.0,0.0,1270.0,14812.0,14437.0,0.0,375.0,22209.0,22209.0,0.0,0.0,2270.0,194.058207992
24/06/2018,0,22968.18181818182,73.10333333333332,17850.0,17694.0,0.0,156.0,21210.0,19940.0,0.0,1270.0,14812.0,14437.0,0.0,375.0,22209.0,22209.0,0.0,0.0,2270.0,194.058207992
25/06/2018,0,22975.303030303032,72.82,17850.0,17694.0,0.0,156.0,21210.0,19940.0,0.0,1270.0,14812.0,14437.0,0.0,375.0,22209.0,22209.0,0.0,0.0,2270.0,194.058207992
26/06/2018,0,22982.424242424244,73.58,17850.0,17694.0,0.0,156.0,21210.0,19940.0,0.0,1270.0,14812.0,14437.0,0.0,375.0,22209.0,22209.0,0.0,0.0,2270.0,194.058207992
27/06/2018,0,22989.545454545456,76.09,17850.0,17694.0,0.0,156.0,21210.0,19940.0,0.0,1270.0,14812.0,14437.0,0.0,375.0,22209.0,22209.0,0.0,0.0,2270.0,194.058207992
28/06/2018,0,22996.666666666668,76.26,17850.0,17694.0,0.0,156.0,21210.0,19940.0,0.0,1270.0,14812.0,14437.0,0.0,375.0,22209.0,22209.0,0.0,0.0,2270.0,194.058207992
29/06/2018,0,23003.78787878788,77.44,17850.0,17694.0,0.0,156.0,21210.0,19940.0,0.0,1270.0,14812.0,14437.0,0.0,375.0,22209.0,22209.0,0.0,0.0,2270.0,194.058207992
30/06/2018,0,23010.909090909092,77.19666666666666,17850.0,17694.0,0.0,156.0,21210.0,19940.0,0.0,1270.0,14812.0,14437.0,0.0,375.0,22209.0,22209.0,0.0,0.0,2270.0,194.058207992
01/07/2018,0,23018.030303030304,76.95333333333333,17850.0,17694.0,0.0,156.0,21210.0,19940.0,0.0,1270.0,14812.0,14437.0,0.0,375.0,22209.0,22209.0,0.0,0.0,2270.0,203.643301652
02/07/2018,0,23025.151515151516,76.71,17850.0,17694.0,0.0,156.0,21210.0,19940.0,0.0,1270.0,14812.0,14437.0,0.0,375.0,22209.0,22209.0,0.0,0.0,2270.0,203.643301652
03/07/2018,0,23032.272727272728,75.87,17850.0,17694.0,0.0,156.0,21210.0,19940.0,0.0,1270.0,14812.0,14437.0,0.0,375.0,22209.0,22209.0,0.0,0.0,2270.0,203.643301652
04/07/2018,0,23039.39393939394,76.99,17850.0,17694.0,0.0,156.0,21210.0,19940.0,0.0,1270.0,14812.0,14437.0,0.0,375.0,22209.0,22209.0,0.0,0.0,2270.0,203.643301652
05/07/2018,0,23046.515151515152,77.09,17850.0,17694.0,0.0,156.0,21210.0,19940.0,0.0,1270.0,14812.0,14437.0,0.0,375.0,22209.0,22209.0,0.0,0.0,2270.0,203.643301652
06/07/2018,0,23053.636363636364,74.98,17850.0,17694.0,0.0,156.0,21210.0,19940.0,0.0,1270.0,14812.0,14437.0,0.0,375.0,22209.0,22209.0,0.0,0.0,2270.0,203.643301652
07/07/2018,0,23060.757575757576,75.68,17850.0,17694.0,0.0,156.0,21210.0,19940.0,0.0,1270.0,14812.0,14437.0,0.0,375.0,22209.0,22209.0,0.0,0.0,2260.0,203.643301652
08/07/2018,0,23067.878787878788,76.38,17850.0,17694.0,0.0,156.0,21210.0,19940.0,0.0,1270.0,14812.0,14437.0,0.0,375.0,22209.0,22209.0,0.0,0.0,2260.0,203.643301652
09/07/2018,0,23075.0,77.08,17850.0,17694.0,0.0,156.0,21210.0,19940.0,0.0,1270.0,14812.0,14437.0,0.0,375.0,22209.0,22209.0,0.0,0.0,2260.0,203.643301652
10/07/2018,0,23075.0,77.8,17850.0,17694.0,0.0,156.0,21210.0,19940.0,0.0,1270.0,14812.0,14437.0,0.0,375.0,22209.0,22209.0,0.0,0.0,2260.0,203.643301652
11/07/2018,0,23075.0,75.35,17850.0,17694.0,0.0,156.0,21210.0,19940.0,0.0,1270.0,14812.0,14437.0,0.0,375.0,22209.0,22209.0,0.0,0.0,2260.0,203.643301652
12/07/2018,0,23075.0,72.11,17850.0,17694.0,0.0,156.0,21210.0,19940.0,0.0,1270.0,14812.0,14437.0,0.0,375.0,22209.0,22209.0,0.0,0.0,2260.0,203.643301652
13/07/2018,0,23080.0,74.11,17850.0,17694.0,0.0,156.0,21210.0,19940.0,0.0,1270.0,14812.0,14437.0,0.0,375.0,22209.0,22209.0,0.0,0.0,2260.0,203.643301652
14/07/2018,0,23080.0,73.08333333333333,17850.0,17694.0,0.0,156.0,21210.0,19940.0,0.0,1270.0,14812.0,14437.0,0.0,375.0,22209.0,22209.0,0.0,0.0,2260.0,203.643301652
15/07/2018,0,23080.0,72.05666666666667,17850.0,17694.0,0.0,156.0,21210.0,19940.0,0.0,1270.0,14812.0,14437.0,0.0,375.0,22209.0,22209.0,0.0,0.0,2260.0,203.643301652
16/07/2018,0,23080.0,71.03,17850.0,17694.0,0.0,156.0,21210.0,19940.0,0.0,1270.0,14812.0,14437.0,0.0,375.0,22209.0,22209.0,0.0,0.0,2260.0,203.643301652
17/07/2018,0,23080.0,70.87,17850.0,17694.0,0.0,156.0,21210.0,19940.0,0.0,1270.0,14812.0,14437.0,0.0,375.0,22209.0,22209.0,0.0,0.0,2260.0,203.643301652
18/07/2018,0,23080.0,70.52,17850.0,17694.0,0.0,156.0,21210.0,19940.0,0.0,1270.0,14812.0,14437.0,0.0,375.0,22209.0,22209.0,0.0,0.0,2260.0,203.643301652
19/07/2018,0,23085.0,71.94,17850.0,17694.0,0.0,156.0,21210.0,19940.0,0.0,1270.0,14812.0,14437.0,0.0,375.0,22209.0,22209.0,0.0,0.0,2260.0,203.643301652
20/07/2018,0,23085.0,71.99,17850.0,17694.0,0.0,156.0,21210.0,19940.0,0.0,1270.0,14812.0,14437.0,0.0,375.0,22209.0,22209.0,0.0,0.0,2260.0,203.643301652
21/07/2018,0,23090.625,72.47666666666666,17850.0,17694.0,0.0,156.0,21210.0,19940.0,0.0,1270.0,14812.0,14437.0,0.0,375.0,22209.0,22209.0,0.0,0.0,2260.0,203.643301652
22/07/2018,0,23096.25,72.96333333333334,17850.0,17694.0,0.0,156.0,21210.0,19940.0,0.0,1270.0,14812.0,14437.0,0.0,375.0,22209.0,22209.0,0.0,0.0,2260.0,203.643301652
23/07/2018,1,23101.875,73.45,17242.0,17086.0,0.0,156.0,20464.0,19611.0,0.0,853.0,14826.0,14756.0,0.0,70.0,21272.0,21272.0,0.0,0.0,2256.0,203.643301652
24/07/2018,0,23107.5,73.53,17242.0,17086.0,0.0,156.0,20464.0,19611.0,0.0,853.0,14826.0,14756.0,0.0,70.0,21272.0,21272.0,0.0,0.0,2256.0,203.643301652
25/07/2018,0,23113.125,73.67,17242.0,17086.0,0.0,156.0,20464.0,19611.0,0.0,853.0,14826.0,14756.0,0.0,70.0,21272.0,21272.0,0.0,0.0,2256.0,203.643301652
26/07/2018,0,23118.75,74.51,17242.0,17086.0,0.0,156.0,20464.0,19611.0,0.0,853.0,14826.0,14756.0,0.0,70.0,21272.0,21272.0,0.0,0.0,2256.0,203.643301652
27/07/2018,0,23124.375,74.84,17242.0,17086.0,0.0,156.0,20464.0,19611.0,0.0,853.0,14826.0,14756.0,0.0,70.0,21272.0,21272.0,0.0,0.0,2256.0,203.643301652
28/07/2018,0,23130.0,74.89,17242.0,17086.0,0.0,156.0,20464.0,19611.0,0.0,853.0,14826.0,14756.0,0.0,70.0,21272.0,21272.0,0.0,0.0,2256.0,203.643301652
29/07/2018,0,23135.625,74.94,17242.0,17086.0,0.0,156.0,20464.0,19611.0,0.0,853.0,14826.0,14756.0,0.0,70.0,21272.0,21272.0,0.0,0.0,2256.0,203.643301652
30/07/2018,0,23141.25,74.99,17242.0,17086.0,0.0,156.0,20464.0,19611.0,0.0,853.0,14826.0,14756.0,0.0,70.0,21272.0,21272.0,0.0,0.0,2256.0,203.643301652
31/07/2018,0,23146.875,74.16,17242.0,17086.0,0.0,156.0,20464.0,19611.0,0.0,853.0,14826.0,14756.0,0.0,70.0,21272.0,21272.0,0.0,0.0,2256.0,203.643301652
01/08/2018,0,23152.5,72.28,17242.0,17086.0,0.0,156.0,20464.0,19611.0,0.0,853.0,14826.0,14756.0,0.0,70.0,21272.0,21272.0,0.0,0.0,2256.0,173.280016453
02/08/2018,0,23158.125,72.95,17242.0,17086.0,0.0,156.0,20464.0,19611.0,0.0,853.0,14826.0,14756.0,0.0,70.0,21272.0,21272.0,0.0,0.0,2256.0,173.280016453
03/08/2018,0,23163.75,72.48,17242.0,17086.0,0.0,156.0,20464.0,19611.0,0.0,853.0,14826.0,14756.0,0.0,70.0,21272.0,21272.0,0.0,0.0,2256.0,173.280016453
04/08/2018,0,23169.375,72.49000000000001,17242.0,17086.0,0.0,156.0,20464.0,19611.0,0.0,853.0,14826.0,14756.0,0.0,70.0,21272.0,21272.0,0.0,0.0,2256.0,173.280016453
05/08/2018,0,23175.0,72.5,17242.0,17086.0,0.0,156.0,20464.0,19611.0,0.0,853.0,14826.0,14756.0,0.0,70.0,21272.0,21272.0,0.0,0.0,2256.0,173.280016453
06/08/2018,0,23180.625,72.51,17242.0,17086.0,0.0,156.0,20464.0,19611.0,0.0,853.0,14826.0,14756.0,0.0,70.0,21272.0,21272.0,0.0,0.0,2256.0,173.280016453
07/08/2018,1,23186.25,72.31,17538.0,17382.0,0.0,156.0,20805.0,19611.0,0.0,1194.0,15083.0,15013.0,0.0,70.0,21731.0,21731.0,0.0,0.0,2240.0,173.280016453
08/08/2018,0,23191.875,70.71,17538.0,17382.0,0.0,156.0,20805.0,19611.0,0.0,1194.0,15083.0,15013.0,0.0,70.0,21731.0,21731.0,0.0,0.0,2240.0,173.280016453
09/08/2018,0,23197.5,70.55,17538.0,17382.0,0.0,156.0,20805.0,19611.0,0.0,1194.0,15083.0,15013.0,0.0,70.0,21731.0,21731.0,0.0,0.0,2240.0,173.280016453
10/08/2018,0,23203.125,71.0,17538.0,17382.0,0.0,156.0,20805.0,19611.0,0.0,1194.0,15083.0,15013.0,0.0,70.0,21731.0,21731.0,0.0,0.0,2240.0,173.280016453
11/08/2018,0,23208.75,70.87333333333333,17538.0,17382.0,0.0,156.0,20805.0,19611.0,0.0,1194.0,15083.0,15013.0,0.0,70.0,21731.0,21731.0,0.0,0.0,2240.0,173.280016453
12/08/2018,0,23214.375,70.74666666666667,17538.0,17382.0,0.0,156.0,20805.0,19611.0,0.0,1194.0,15083.0,15013.0,0.0,70.0,21731.0,21731.0,0.0,0.0,2240.0,173.280016453
13/08/2018,0,23220.0,70.62,17538.0,17382.0,0.0,156.0,20805.0,19611.0,0.0,1194.0,15083.0,15013.0,0.0,70.0,21731.0,21731.0,0.0,0.0,2240.0,173.280016453
14/08/2018,0,23225.625,70.77,17538.0,17382.0,0.0,156.0,20805.0,19611.0,0.0,1194.0,15083.0,15013.0,0.0,70.0,21731.0,21731.0,0.0,0.0,2240.0,173.280016453
15/08/2018,0,23231.25,68.38,17538.0,17382.0,0.0,156.0,20805.0,19611.0,0.0,1194.0,15083.0,15013.0,0.0,70.0,21731.0,21731.0,0.0,0.0,2240.0,173.280016453
16/08/2018,0,23236.875,69.21,17538.0,17382.0,0.0,156.0,20805.0,19611.0,0.0,1194.0,15083.0,15013.0,0.0,70.0,21731.0,21731.0,0.0,0.0,2240.0,173.280016453
17/08/2018,0,23242.5,70.14,17538.0,17382.0,0.0,156.0,20805.0,19611.0,0.0,1194.0,15083.0,15013.0,0.0,70.0,21731.0,21731.0,0.0,0.0,2240.0,173.280016453
18/08/2018,0,23248.125,70.46333333333334,17538.0,17382.0,0.0,156.0,20805.0,19611.0,0.0,1194.0,15083.0,15013.0,0.0,70.0,21731.0,21731.0,0.0,0.0,2240.0,173.280016453
19/08/2018,0,23253.75,70.78666666666666,17538.0,17382.0,0.0,156.0,20805.0,19611.0,0.0,1194.0,15083.0,15013.0,0.0,70.0,21731.0,21731.0,0.0,0.0,2240.0,173.280016453
20/08/2018,0,23259.375,71.11,17538.0,17382.0,0.0,156.0,20805.0,19611.0,0.0,1194.0,15083.0,15013.0,0.0,70.0,21731.0,21731.0,0.0,0.0,2240.0,173.280016453
21/08/2018,0,23265.0,71.65,17538.0,17382.0,0.0,156.0,20805.0,19611.0,0.0,1194.0,15083.0,15013.0,0.0,70.0,21731.0,21731.0,0.0,0.0,2240.0,173.280016453
22/08/2018,0,23270.625,72.96,17538.0,17382.0,0.0,156.0,20805.0,19611.0,0.0,1194.0,15083.0,15013.0,0.0,70.0,21731.0,21731.0,0.0,0.0,2300.0,173.280016453
23/08/2018,0,23276.25,73.73,17538.0,17382.0,0.0,156.0,20805.0,19611.0,0.0,1194.0,15083.0,15013.0,0.0,70.0,21731.0,21731.0,0.0,0.0,2300.0,173.280016453
24/08/2018,0,23281.875,74.41,17538.0,17382.0,0.0,156.0,20805.0,19611.0,0.0,1194.0,15083.0,15013.0,0.0,70.0,21731.0,21731.0,0.0,0.0,2300.0,173.280016453
25/08/2018,0,23287.5,74.41,17538.0,17382.0,0.0,156.0,20805.0,19611.0,0.0,1194.0,15083.0,15013.0,0.0,70.0,21731.0,21731.0,0.0,0.0,2300.0,173.280016453
26/08/2018,0,23293.125,74.41,17538.0,17382.0,0.0,156.0,20805.0,19611.0,0.0,1194.0,15083.0,15013.0,0.0,70.0,21731.0,21731.0,0.0,0.0,2300.0,173.280016453
27/08/2018,0,23298.75,74.41,17538.0,17382.0,0.0,156.0,20805.0,19611.0,0.0,1194.0,15083.0,15013.0,0.0,70.0,21731.0,21731.0,0.0,0.0,2300.0,173.280016453
28/08/2018,0,23304.375,75.91,17538.0,17382.0,0.0,156.0,20805.0,19611.0,0.0,1194.0,15083.0,15013.0,0.0,70.0,21731.0,21731.0,0.0,0.0,2300.0,173.280016453
29/08/2018,0,23310.0,76.07,17538.0,17382.0,0.0,156.0,20805.0,19611.0,0.0,1194.0,15083.0,15013.0,0.0,70.0,21731.0,21731.0,0.0,0.0,2300.0,173.280016453
30/08/2018,0,23315.625,77.05,17538.0,17382.0,0.0,156.0,20805.0,19611.0,0.0,1194.0,15083.0,15013.0,0.0,70.0,21731.0,21731.0,0.0,0.0,2300.0,173.280016453
31/08/2018,0,23321.25,76.94,17538.0,17382.0,0.0,156.0,20805.0,19611.0,0.0,1194.0,15083.0,15013.0,0.0,70.0,21731.0,21731.0,0.0,0.0,2300.0,173.280016453
01/09/2018,0,23326.875,77.23,17538.0,17382.0,0.0,156.0,20805.0,19611.0,0.0,1194.0,15083.0,15013.0,0.0,70.0,21731.0,21731.0,0.0,0.0,2300.0,63.533855713
02/09/2018,0,23332.5,77.52,17538.0,17382.0,0.0,156.0,20805.0,19611.0,0.0,1194.0,15083.0,15013.0,0.0,70.0,21731.0,21731.0,0.0,0.0,2300.0,63.533855713
03/09/2018,0,23338.125,77.81,17538.0,17382.0,0.0,156.0,20805.0,19611.0,0.0,1194.0,15083.0,15013.0,0.0,70.0,21731.0,21731.0,0.0,0.0,2300.0,63.533855713
04/09/2018,0,23343.75,77.51,17538.0,17382.0,0.0,156.0,20805.0,19611.0,0.0,1194.0,15083.0,15013.0,0.0,70.0,21731.0,21731.0,0.0,0.0,2300.0,63.533855713
05/09/2018,0,23349.375,76.68,17538.0,17382.0,0.0,156.0,20805.0,19611.0,0.0,1194.0,15083.0,15013.0,0.0,70.0,21731.0,21731.0,0.0,0.0,2300.0,63.533855713
06/09/2018,1,23355.0,75.67,18469.0,18069.0,0.0,400.0,21474.0,19911.0,0.0,1563.0,14916.0,14846.0,0.0,70.0,22437.0,22437.0,0.0,0.0,2100.0,63.533855713
07/09/2018,0,23340.0,75.55,18469.0,18069.0,0.0,400.0,21474.0,19911.0,0.0,1563.0,14916.0,14846.0,0.0,70.0,22437.0,22437.0,0.0,0.0,2100.0,63.533855713
08/09/2018,0,23340.0,75.95666666666666,18469.0,18069.0,0.0,400.0,21474.0,19911.0,0.0,1563.0,14916.0,14846.0,0.0,70.0,22437.0,22437.0,0.0,0.0,2100.0,63.533855713
09/09/2018,0,23340.0,76.36333333333333,18469.0,18069.0,0.0,400.0,21474.0,19911.0,0.0,1563.0,14916.0,14846.0,0.0,70.0,22437.0,22437.0,0.0,0.0,2100.0,63.533855713
10/09/2018,0,23340.0,76.77,18469.0,18069.0,0.0,400.0,21474.0,19911.0,0.0,1563.0,14916.0,14846.0,0.0,70.0,22437.0,22437.0,0.0,0.0,2100.0,63.533855713
11/09/2018,0,23325.0,78.22,18469.0,18069.0,0.0,400.0,21474.0,19911.0,0.0,1563.0,14916.0,14846.0,0.0,70.0,22437.0,22437.0,0.0,0.0,2100.0,63.533855713
12/09/2018,0,23325.0,80.02,18469.0,18069.0,0.0,400.0,21474.0,19911.0,0.0,1563.0,14916.0,14846.0,0.0,70.0,22437.0,22437.0,0.0,0.0,2100.0,63.533855713
13/09/2018,0,23305.0,77.66,18469.0,18069.0,0.0,400.0,21474.0,19911.0,0.0,1563.0,14916.0,14846.0,0.0,70.0,22437.0,22437.0,0.0,0.0,2100.0,63.533855713
14/09/2018,0,23290.0,77.87,18469.0,18069.0,0.0,400.0,21474.0,19911.0,0.0,1563.0,14916.0,14846.0,0.0,70.0,22437.0,22437.0,0.0,0.0,2100.0,63.533855713
15/09/2018,0,23301.666666666668,77.98666666666666,18469.0,18069.0,0.0,400.0,21474.0,19911.0,0.0,1563.0,14916.0,14846.0,0.0,70.0,22437.0,22437.0,0.0,0.0,2100.0,63.533855713
16/09/2018,0,23313.333333333332,78.10333333333334,18469.0,18069.0,0.0,400.0,21474.0,19911.0,0.0,1563.0,14916.0,14846.0,0.0,70.0,22437.0,22437.0,0.0,0.0,2100.0,63.533855713
17/09/2018,0,23325.0,78.22,18469.0,18069.0,0.0,400.0,21474.0,19911.0,0.0,1563.0,14916.0,14846.0,0.0,70.0,22437.0,22437.0,0.0,0.0,2100.0,63.533855713
18/09/2018,0,23325.0,79.25,18469.0,18069.0,0.0,400.0,21474.0,19911.0,0.0,1563.0,14916.0,14846.0,0.0,70.0,22437.0,22437.0,0.0,0.0,2100.0,63.533855713
19/09/2018,0,23340.0,79.43,18469.0,18069.0,0.0,400.0,21474.0,19911.0,0.0,1563.0,14916.0,14846.0,0.0,70.0,22437.0,22437.0,0.0,0.0,2100.0,63.533855713
20/09/2018,0,23360.0,79.03,18469.0,18069.0,0.0,400.0,21474.0,19911.0,0.0,1563.0,14916.0,14846.0,0.0,70.0,22437.0,22437.0,0.0,0.0,2100.0,63.533855713
21/09/2018,1,23361.666666666668,78.9,18526.0,18126.0,0.0,400.0,21794.0,20231.0,0.0,1563.0,14942.0,14872.0,0.0,70.0,22730.0,22730.0,0.0,0.0,1930.0,63.533855713
22/09/2018,0,23363.333333333332,79.56333333333333,18526.0,18126.0,0.0,400.0,21794.0,20231.0,0.0,1563.0,14942.0,14872.0,0.0,70.0,22730.0,22730.0,0.0,0.0,1930.0,63.533855713
23/09/2018,0,23365.0,80.22666666666667,18526.0,18126.0,0.0,400.0,21794.0,20231.0,0.0,1563.0,14942.0,14872.0,0.0,70.0,22730.0,22730.0,0.0,0.0,1930.0,63.533855713
24/09/2018,0,23366.666666666668,80.89,18526.0,18126.0,0.0,400.0,21794.0,20231.0,0.0,1563.0,14942.0,14872.0,0.0,70.0,22730.0,22730.0,0.0,0.0,1930.0,63.533855713
25/09/2018,0,23368.333333333332,82.21,18526.0,18126.0,0.0,400.0,21794.0,20231.0,0.0,1563.0,14942.0,14872.0,0.0,70.0,22730.0,22730.0,0.0,0.0,1930.0,63.533855713
26/09/2018,0,23370.0,81.87,18526.0,18126.0,0.0,400.0,21794.0,20231.0,0.0,1563.0,14942.0,14872.0,0.0,70.0,22730.0,22730.0,0.0,0.0,1930.0,63.533855713
27/09/2018,0,23371.666666666668,81.54,18526.0,18126.0,0.0,400.0,21794.0,20231.0,0.0,1563.0,14942.0,14872.0,0.0,70.0,22730.0,22730.0,0.0,0.0,1930.0,63.533855713
28/09/2018,0,23373.333333333332,82.72,18526.0,18126.0,0.0,400.0,21794.0,20231.0,0.0,1563.0,14942.0,14872.0,0.0,70.0,22730.0,22730.0,0.0,0.0,1930.0,63.533855713
29/09/2018,0,23375.0,83.46,18526.0,18126.0,0.0,400.0,21794.0,20231.0,0.0,1563.0,14942.0,14872.0,0.0,70.0,22730.0,22730.0,0.0,0.0,1930.0,63.533855713
30/09/2018,0,23376.666666666668,84.2,18526.0,18126.0,0.0,400.0,21794.0,20231.0,0.0,1563.0,14942.0,14872.0,0.0,70.0,22730.0,22730.0,0.0,0.0,1930.0,63.533855713
01/10/2018,0,23378.333333333332,84.94,18526.0,18126.0,0.0,400.0,21794.0,20231.0,0.0,1563.0,14942.0,14872.0,0.0,70.0,22730.0,22730.0,0.0,0.0,1930.0,-62.416530114
02/10/2018,0,23380.0,85.63,18526.0,18126.0,0.0,400.0,21794.0,20231.0,0.0,1563.0,14942.0,14872.0,0.0,70.0,22730.0,22730.0,0.0,0.0,1930.0,-62.416530114
03/10/2018,0,23381.666666666668,85.45,18526.0,18126.0,0.0,400.0,21794.0,20231.0,0.0,1563.0,14942.0,14872.0,0.0,70.0,22730.0,22730.0,0.0,0.0,1930.0,-62.416530114
04/10/2018,0,23383.333333333332,86.07,18526.0,18126.0,0.0,400.0,21794.0,20231.0,0.0,1563.0,14942.0,14872.0,0.0,70.0,22730.0,22730.0,0.0,0.0,1930.0,-62.416530114
05/10/2018,0,23385.0,85.12,18526.0,18126.0,0.0,400.0,21794.0,20231.0,0.0,1563.0,14942.0,14872.0,0.0,70.0,22730.0,22730.0,0.0,0.0,1930.0,-62.416530114
06/10/2018,0,23386.666666666668,84.82000000000001,18526.0,18126.0,0.0,400.0,21794.0,20231.0,0.0,1563.0,14942.0,14872.0,0.0,70.0,22730.0,22730.0,0.0,0.0,1700.0,-62.416530114
07/10/2018,0,23388.333333333332,84.52,18526.0,18126.0,0.0,400.0,21794.0,20231.0,0.0,1563.0,14942.0,14872.0,0.0,70.0,22730.0,22730.0,0.0,0.0,1700.0,-62.416530114
08/10/2018,0,23390.0,84.22,18526.0,18126.0,0.0,400.0,21794.0,20231.0,0.0,1563.0,14942.0,14872.0,0.0,70.0,22730.0,22730.0,0.0,0.0,1700.0,-62.416530114
09/10/2018,0,23395.0,85.16,18526.0,18126.0,0.0,400.0,21794.0,20231.0,0.0,1563.0,14942.0,14872.0,0.0,70.0,22730.0,22730.0,0.0,0.0,1700.0,-62.416530114
10/10/2018,0,23385.0,83.82,18526.0,18126.0,0.0,400.0,21794.0,20231.0,0.0,1563.0,14942.0,14872.0,0.0,70.0,22730.0,22730.0,0.0,0.0,1700.0,-62.416530114
11/10/2018,0,23385.0,81.35,18526.0,18126.0,0.0,400.0,21794.0,20231.0,0.0,1563.0,14942.0,14872.0,0.0,70.0,22730.0,22730.0,0.0,0.0,1700.0,-62.416530114
12/10/2018,0,23385.0,80.71,18526.0,18126.0,0.0,400.0,21794.0,20231.0,0.0,1563.0,14942.0,14872.0,0.0,70.0,22730.0,22730.0,0.0,0.0,1700.0,-62.416530114
13/10/2018,0,23381.666666666668,80.77666666666666,18526.0,18126.0,0.0,400.0,21794.0,20231.0,0.0,1563.0,14942.0,14872.0,0.0,70.0,22730.0,22730.0,0.0,0.0,1700.0,-62.416530114
14/10/2018,0,23378.333333333332,80.84333333333333,18526.0,18126.0,0.0,400.0,21794.0,20231.0,0.0,1563.0,14942.0,14872.0,0.0,70.0,22730.0,22730.0,0.0,0.0,1700.0,-62.416530114
15/10/2018,0,23375.0,80.91,18526.0,18126.0,0.0,400.0,21794.0,20231.0,0.0,1563.0,14942.0,14872.0,0.0,70.0,22730.0,22730.0,0.0,0.0,1700.0,-62.416530114
16/10/2018,0,23375.0,80.53,18526.0,18126.0,0.0,400.0,21794.0,20231.0,0.0,1563.0,14942.0,14872.0,0.0,70.0,22730.0,22730.0,0.0,0.0,1700.0,-62.416530114
17/10/2018,0,23385.0,79.91,18526.0,18126.0,0.0,400.0,21794.0,20231.0,0.0,1563.0,14942.0,14872.0,0.0,70.0,22730.0,22730.0,0.0,0.0,1700.0,-62.416530114
18/10/2018,0,23385.0,80.3,18526.0,18126.0,0.0,400.0,21794.0,20231.0,0.0,1563.0,14942.0,14872.0,0.0,70.0,22730.0,22730.0,0.0,0.0,1700.0,-62.416530114
19/10/2018,0,23390.0,80.38,18526.0,18126.0,0.0,400.0,21794.0,20231.0,0.0,1563.0,14942.0,14872.0,0.0,70.0,22730.0,22730.0,0.0,0.0,1700.0,-62.416530114
20/10/2018,0,23390.0,80.40333333333334,18526.0,18126.0,0.0,400.0,21794.0,20231.0,0.0,1563.0,14942.0,14872.0,0.0,70.0,22730.0,22730.0,0.0,0.0,1700.0,-62.416530114
21/10/2018,0,23390.0,80.42666666666666,18526.0,18126.0,0.0,400.0,21794.0,20231.0,0.0,1563.0,14942.0,14872.0,0.0,70.0,22730.0,22730.0,0.0,0.0,1700.0,-62.416530114
22/10/2018,1,23390.0,80.45,19245.0,18911.0,300.0,634.0,21895.0,20682.0,0.0,1213.0,16347.0,15994.0,300.0,653.0,22803.0,22203.0,0.0,600.0,1420.0,-62.416530114
23/10/2018,0,23390.0,78.67,19245.0,18911.0,300.0,634.0,21895.0,20682.0,0.0,1213.0,16347.0,15994.0,300.0,653.0,22803.0,22203.0,0.0,600.0,1420.0,-62.416530114
24/10/2018,0,23390.0,77.34,19245.0,18911.0,300.0,634.0,21895.0,20682.0,0.0,1213.0,16347.0,15994.0,300.0,653.0,22803.0,22203.0,0.0,600.0,1420.0,-62.416530114
25/10/2018,0,23390.0,77.3,19245.0,18911.0,300.0,634.0,21895.0,20682.0,0.0,1213.0,16347.0,15994.0,300.0,653.0,22803.0,22203.0,0.0,600.0,1420.0,-62.416530114
26/10/2018,0,23390.0,77.4,19245.0,18911.0,300.0,634.0,21895.0,20682.0,0.0,1213.0,16347.0,15994.0,300.0,653.0,22803.0,22203.0,0.0,600.0,1420.0,-62.416530114
27/10/2018,0,23390.0,77.45333333333333,19245.0,18911.0,300.0,634.0,21895.0,20682.0,0.0,1213.0,16347.0,15994.0,300.0,653.0,22803.0,22203.0,0.0,600.0,1420.0,-62.416530114
28/10/2018,0,23390.0,77.50666666666667,19245.0,18911.0,300.0,634.0,21895.0,20682.0,0.0,1213.0,16347.0,15994.0,300.0,653.0,22803.0,22203.0,0.0,600.0,1420.0,-62.416530114
29/10/2018,0,23390.0,77.56,19245.0,18911.0,300.0,634.0,21895.0,20682.0,0.0,1213.0,16347.0,15994.0,300.0,653.0,22803.0,22203.0,0.0,600.0,1420.0,-62.416530114
30/10/2018,0,23390.0,75.68,19245.0,18911.0,300.0,634.0,21895.0,20682.0,0.0,1213.0,16347.0,15994.0,300.0,653.0,22803.0,22203.0,0.0,600.0,1420.0,-62.416530114
31/10/2018,0,23390.0,74.84,19245.0,18911.0,300.0,634.0,21895.0,20682.0,0.0,1213.0,16347.0,15994.0,300.0,653.0,22803.0,22203.0,0.0,600.0,1420.0,-62.416530114
01/11/2018,0,23380.0,71.25,19245.0,18911.0,300.0,634.0,21895.0,20682.0,0.0,1213.0,16347.0,15994.0,300.0,653.0,22803.0,22203.0,0.0,600.0,1420.0,64.359556266
02/11/2018,0,23365.0,71.11,19245.0,18911.0,300.0,634.0,21895.0,20682.0,0.0,1213.0,16347.0,15994.0,300.0,653.0,22803.0,22203.0,0.0,600.0,1420.0,64.359556266
03/11/2018,0,23031.666666666668,71.63333333333334,19245.0,18911.0,300.0,634.0,21895.0,20682.0,0.0,1213.0,16347.0,15994.0,300.0,653.0,22803.0,22203.0,0.0,600.0,1420.0,64.359556266
04/11/2018,0,22698.333333333332,72.15666666666667,19245.0,18911.0,300.0,634.0,21895.0,20682.0,0.0,1213.0,16347.0,15994.0,300.0,653.0,22803.0,22203.0,0.0,600.0,1420.0,64.359556266
05/11/2018,0,22365.0,72.68,19245.0,18911.0,300.0,634.0,21895.0,20682.0,0.0,1213.0,16347.0,15994.0,300.0,653.0,22803.0,22203.0,0.0,600.0,1420.0,64.359556266
06/11/2018,1,22373.676470588234,70.64,18544.0,18210.0,300.0,634.0,20300.0,19600.0,0.0,700.0,15961.0,15994.0,300.0,267.0,21065.0,20465.0,0.0,600.0,1230.0,64.359556266
07/11/2018,0,22382.352941176472,70.1,18544.0,18210.0,300.0,634.0,20300.0,19600.0,0.0,700.0,15961.0,15994.0,300.0,267.0,21065.0,20465.0,0.0,600.0,1230.0,64.359556266
08/11/2018,0,22391.029411764706,69.29,18544.0,18210.0,300.0,634.0,20300.0,19600.0,0.0,700.0,15961.0,15994.0,300.0,267.0,21065.0,20465.0,0.0,600.0,1230.0,64.359556266
09/11/2018,0,22399.70588235294,69.01,18544.0,18210.0,300.0,634.0,20300.0,19600.0,0.0,700.0,15961.0,15994.0,300.0,267.0,21065.0,20465.0,0.0,600.0,1230.0,64.359556266
10/11/2018,0,22408.382352941175,69.27666666666667,18544.0,18210.0,300.0,634.0,20300.0,19600.0,0.0,700.0,15961.0,15994.0,300.0,267.0,21065.0,20465.0,0.0,600.0,1230.0,64.359556266
11/11/2018,0,22417.058823529413,69.54333333333334,18544.0,18210.0,300.0,634.0,20300.0,19600.0,0.0,700.0,15961.0,15994.0,300.0,267.0,21065.0,20465.0,0.0,600.0,1230.0,64.359556266
12/11/2018,0,22425.735294117647,69.81,18544.0,18210.0,300.0,634.0,20300.0,19600.0,0.0,700.0,15961.0,15994.0,300.0,267.0,21065.0,20465.0,0.0,600.0,1230.0,64.359556266
13/11/2018,0,22434.41176470588,65.45,18544.0,18210.0,300.0,634.0,20300.0,19600.0,0.0,700.0,15961.0,15994.0,300.0,267.0,21065.0,20465.0,0.0,600.0,1230.0,64.359556266
14/11/2018,0,22443.08823529412,64.88,18544.0,18210.0,300.0,634.0,20300.0,19600.0,0.0,700.0,15961.0,15994.0,300.0,267.0,21065.0,20465.0,0.0,600.0,1230.0,64.359556266
15/11/2018,0,22451.764705882353,65.61,18544.0,18210.0,300.0,634.0,20300.0,19600.0,0.0,700.0,15961.0,15994.0,300.0,267.0,21065.0,20465.0,0.0,600.0,1230.0,64.359556266
16/11/2018,0,22460.441176470587,65.29,18544.0,18210.0,300.0,634.0,20300.0,19600.0,0.0,700.0,15961.0,15994.0,300.0,267.0,21065.0,20465.0,0.0,600.0,1230.0,64.359556266
17/11/2018,0,22469.117647058825,64.90666666666667,18544.0,18210.0,300.0,634.0,20300.0,19600.0,0.0,700.0,15961.0,15994.0,300.0,267.0,21065.0,20465.0,0.0,600.0,1230.0,64.359556266
18/11/2018,0,22477.79411764706,64.52333333333334,18544.0,18210.0,300.0,634.0,20300.0,19600.0,0.0,700.0,15961.0,15994.0,300.0,267.0,21065.0,20465.0,0.0,600.0,1230.0,64.359556266
19/11/2018,0,22486.470588235294,64.14,18544.0,18210.0,300.0,634.0,20300.0,19600.0,0.0,700.0,15961.0,15994.0,300.0,267.0,21065.0,20465.0,0.0,600.0,1230.0,64.359556266
20/11/2018,0,22495.147058823528,61.5,18544.0,18210.0,300.0,634.0,20300.0,19600.0,0.0,700.0,15961.0,15994.0,300.0,267.0,21065.0,20465.0,0.0,600.0,1230.0,64.359556266
21/11/2018,0,22503.823529411766,61.65,18544.0,18210.0,300.0,634.0,20300.0,19600.0,0.0,700.0,15961.0,15994.0,300.0,267.0,21065.0,20465.0,0.0,600.0,1262.0,64.359556266
22/11/2018,0,22512.5,61.11,18544.0,18210.0,300.0,634.0,20300.0,19600.0,0.0,700.0,15961.0,15994.0,300.0,267.0,21065.0,20465.0,0.0,600.0,1262.0,64.359556266
23/11/2018,0,22521.176470588234,57.69,18544.0,18210.0,300.0,634.0,20300.0,19600.0,0.0,700.0,15961.0,15994.0,300.0,267.0,21065.0,20465.0,0.0,600.0,1262.0,64.359556266
24/11/2018,0,22529.852941176472,58.36,18544.0,18210.0,300.0,634.0,20300.0,19600.0,0.0,700.0,15961.0,15994.0,300.0,267.0,21065.0,20465.0,0.0,600.0,1262.0,64.359556266
25/11/2018,0,22538.529411764706,59.03,18544.0,18210.0,300.0,634.0,20300.0,19600.0,0.0,700.0,15961.0,15994.0,300.0,267.0,21065.0,20465.0,0.0,600.0,1262.0,64.359556266
26/11/2018,0,22547.20588235294,59.7,18544.0,18210.0,300.0,634.0,20300.0,19600.0,0.0,700.0,15961.0,15994.0,300.0,267.0,21065.0,20465.0,0.0,600.0,1262.0,64.359556266
27/11/2018,0,22555.882352941175,59.58,18544.0,18210.0,300.0,634.0,20300.0,19600.0,0.0,700.0,15961.0,15994.0,300.0,267.0,21065.0,20465.0,0.0,600.0,1262.0,64.359556266
28/11/2018,0,22564.558823529413,57.97,18544.0,18210.0,300.0,634.0,20300.0,19600.0,0.0,700.0,15961.0,15994.0,300.0,267.0,21065.0,20465.0,0.0,600.0,1262.0,64.359556266
29/11/2018,0,22573.235294117647,58.29,18544.0,18210.0,300.0,634.0,20300.0,19600.0,0.0,700.0,15961.0,15994.0,300.0,267.0,21065.0,20465.0,0.0,600.0,1262.0,64.359556266
30/11/2018,0,22581.91176470588,57.71,18544.0,18210.0,300.0,634.0,20300.0,19600.0,0.0,700.0,15961.0,15994.0,300.0,267.0,21065.0,20465.0,0.0,600.0,1262.0,64.359556266
01/12/2018,0,22590.58823529412,58.53,18544.0,18210.0,300.0,634.0,20300.0,19600.0,0.0,700.0,15961.0,15994.0,300.0,267.0,21065.0,20465.0,0.0,600.0,1262.0,37.576277356
02/12/2018,0,22599.264705882353,59.35,18544.0,18210.0,300.0,634.0,20300.0,19600.0,0.0,700.0,15961.0,15994.0,300.0,267.0,21065.0,20465.0,0.0,600.0,1262.0,37.576277356
03/12/2018,0,22607.941176470587,60.17,18544.0,18210.0,300.0,634.0,20300.0,19600.0,0.0,700.0,15961.0,15994.0,300.0,267.0,21065.0,20465.0,0.0,600.0,1262.0,37.576277356
04/12/2018,0,22616.617647058825,61.22,18544.0,18210.0,300.0,634.0,20300.0,19600.0,0.0,700.0,15961.0,15994.0,300.0,267.0,21065.0,20465.0,0.0,600.0,1262.0,37.576277356
05/12/2018,0,22625.29411764706,61.4,18544.0,18210.0,300.0,634.0,20300.0,19600.0,0.0,700.0,15961.0,15994.0,300.0,267.0,21065.0,20465.0,0.0,600.0,1262.0,37.576277356
06/12/2018,0,22633.970588235294,57.83,18544.0,18210.0,300.0,634.0,20300.0,19600.0,0.0,700.0,15961.0,15994.0,300.0,267.0,21065.0,20465.0,0.0,600.0,1460.0,37.576277356
07/12/2018,0,22642.647058823528,61.71,18544.0,18210.0,300.0,634.0,20300.0,19600.0,0.0,700.0,15961.0,15994.0,300.0,267.0,21065.0,20465.0,0.0,600.0,1460.0,37.576277356
08/12/2018,0,22651.323529411766,61.236666666666665,18544.0,18210.0,300.0,634.0,20300.0,19600.0,0.0,700.0,15961.0,15994.0,300.0,267.0,21065.0,20465.0,0.0,600.0,1460.0,37.576277356
09/12/2018,0,22660.0,60.763333333333335,18544.0,18210.0,300.0,634.0,20300.0,19600.0,0.0,700.0,15961.0,15994.0,300.0,267.0,21065.0,20465.0,0.0,600.0,1460.0,37.576277356
10/12/2018,0,22668.676470588234,60.29,18544.0,18210.0,300.0,634.0,20300.0,19600.0,0.0,700.0,15961.0,15994.0,300.0,267.0,21065.0,20465.0,0.0,600.0,1460.0,37.576277356
11/12/2018,0,22677.352941176472,59.73,18544.0,18210.0,300.0,634.0,20300.0,19600.0,0.0,700.0,15961.0,15994.0,300.0,267.0,21065.0,20465.0,0.0,600.0,1460.0,37.576277356
12/12/2018,0,22686.029411764706,59.94,18544.0,18210.0,300.0,634.0,20300.0,19600.0,0.0,700.0,15961.0,15994.0,300.0,267.0,21065.0,20465.0,0.0,600.0,1460.0,37.576277356
13/12/2018,0,22694.70588235294,59.03,18544.0,18210.0,300.0,634.0,20300.0,19600.0,0.0,700.0,15961.0,15994.0,300.0,267.0,21065.0,20465.0,0.0,600.0,1460.0,37.576277356
14/12/2018,0,22703.382352941175,58.56,18544.0,18210.0,300.0,634.0,20300.0,19600.0,0.0,700.0,15961.0,15994.0,300.0,267.0,21065.0,20465.0,0.0,600.0,1460.0,37.576277356
15/12/2018,0,22712.058823529413,58.23666666666667,18544.0,18210.0,300.0,634.0,20300.0,19600.0,0.0,700.0,15961.0,15994.0,300.0,267.0,21065.0,20465.0,0.0,600.0,1460.0,37.576277356
16/12/2018,0,22720.735294117647,57.913333333333334,18544.0,18210.0,300.0,634.0,20300.0,19600.0,0.0,700.0,15961.0,15994.0,300.0,267.0,21065.0,20465.0,0.0,600.0,1460.0,37.576277356
17/12/2018,0,22729.41176470588,57.59,18544.0,18210.0,300.0,634.0,20300.0,19600.0,0.0,700.0,15961.0,15994.0,300.0,267.0,21065.0,20465.0,0.0,600.0,1460.0,37.576277356
18/12/2018,0,22738.08823529412,55.26,18544.0,18210.0,300.0,634.0,20300.0,19600.0,0.0,700.0,15961.0,15994.0,300.0,267.0,21065.0,20465.0,0.0,600.0,1460.0,37.576277356
19/12/2018,0,22746.764705882353,55.6,18544.0,18210.0,300.0,634.0,20300.0,19600.0,0.0,700.0,15961.0,15994.0,300.0,267.0,21065.0,20465.0,0.0,600.0,1460.0,37.576277356
20/12/2018,0,22755.441176470587,52.84,18544.0,18210.0,300.0,634.0,20300.0,19600.0,0.0,700.0,15961.0,15994.0,300.0,267.0,21065.0,20465.0,0.0,600.0,1460.0,37.576277356
21/12/2018,0,22764.117647058825,51.93,18544.0,18210.0,300.0,634.0,20300.0,19600.0,0.0,700.0,15961.0,15994.0,300.0,267.0,21065.0,20465.0,0.0,600.0,1680.0,37.576277356
22/12/2018,0,22772.79411764706,51.85666666666667,18544.0,18210.0,300.0,634.0,20300.0,19600.0,0.0,700.0,15961.0,15994.0,300.0,267.0,21065.0,20465.0,0.0,600.0,1680.0,37.576277356
23/12/2018,0,22781.470588235294,51.78333333333333,18544.0,18210.0,300.0,634.0,20300.0,19600.0,0.0,700.0,15961.0,15994.0,300.0,267.0,21065.0,20465.0,0.0,600.0,1680.0,37.576277356
24/12/2018,0,22790.147058823528,51.71,18544.0,18210.0,300.0,634.0,20300.0,19600.0,0.0,700.0,15961.0,15994.0,300.0,267.0,21065.0,20465.0,0.0,600.0,1680.0,37.576277356
25/12/2018,0,22798.823529411766,51.63666666666667,18544.0,18210.0,300.0,634.0,20300.0,19600.0,0.0,700.0,15961.0,15994.0,300.0,267.0,21065.0,20465.0,0.0,600.0,1680.0,37.576277356
26/12/2018,0,22807.5,51.56333333333333,18544.0,18210.0,300.0,634.0,20300.0,19600.0,0.0,700.0,15961.0,15994.0,300.0,267.0,21065.0,20465.0,0.0,600.0,1680.0,37.576277356
27/12/2018,0,22816.176470588234,51.49,18544.0,18210.0,300.0,634.0,20300.0,19600.0,0.0,700.0,15961.0,15994.0,300.0,267.0,21065.0,20465.0,0.0,600.0,1680.0,37.576277356
28/12/2018,0,22824.852941176472,50.57,18544.0,18210.0,300.0,634.0,20300.0,19600.0,0.0,700.0,15961.0,15994.0,300.0,267.0,21065.0,20465.0,0.0,600.0,1680.0,37.576277356
29/12/2018,0,22833.529411764706,51.268,18544.0,18210.0,300.0,634.0,20300.0,19600.0,0.0,700.0,15961.0,15994.0,300.0,267.0,21065.0,20465.0,0.0,600.0,1680.0,37.576277356
30/12/2018,0,22842.20588235294,51.966,18544.0,18210.0,300.0,634.0,20300.0,19600.0,0.0,700.0,15961.0,15994.0,300.0,267.0,21065.0,20465.0,0.0,600.0,1680.0,37.576277356
31/12/2018,0,22850.882352941175,52.664,18544.0,18210.0,300.0,634.0,20300.0,19600.0,0.0,700.0,15961.0,15994.0,300.0,267.0,21065.0,20465.0,0.0,600.0,1680.0,37.576277356
01/01/2019,0,22859.558823529413,53.362,18544.0,18210.0,300.0,634.0,20300.0,19600.0,0.0,700.0,15961.0,15994.0,300.0,267.0,21065.0,20465.0,0.0,600.0,1910.0,37.576277356
02/01/2019,0,22868.235294117647,54.06,18544.0,18210.0,300.0,634.0,20300.0,19600.0,0.0,700.0,15961.0,15994.0,300.0,267.0,21065.0,20465.0,0.0,600.0,1910.0,37.576277356
03/01/2019,0,22876.91176470588,53.23,18544.0,18210.0,300.0,634.0,20300.0,19600.0,0.0,700.0,15961.0,15994.0,300.0,267.0,21065.0,20465.0,0.0,600.0,1910.0,37.576277356
04/01/2019,0,22885.58823529412,55.64,18544.0,18210.0,300.0,634.0,20300.0,19600.0,0.0,700.0,15961.0,15994.0,300.0,267.0,21065.0,20465.0,0.0,600.0,1910.0,37.576277356
05/01/2019,0,22894.264705882353,56.126666666666665,18544.0,18210.0,300.0,634.0,20300.0,19600.0,0.0,700.0,15961.0,15994.0,300.0,267.0,21065.0,20465.0,0.0,600.0,1910.0,37.576277356
06/01/2019,0,22902.941176470587,56.61333333333334,18544.0,18210.0,300.0,634.0,20300.0,19600.0,0.0,700.0,15961.0,15994.0,300.0,267.0,21065.0,20465.0,0.0,600.0,1910.0,37.576277356
07/01/2019,0,22911.617647058825,57.1,18544.0,18210.0,300.0,634.0,20300.0,19600.0,0.0,700.0,15961.0,15994.0,300.0,267.0,21065.0,20465.0,0.0,600.0,1910.0,37.576277356
08/01/2019,0,22920.29411764706,56.91,18544.0,18210.0,300.0,634.0,20300.0,19600.0,0.0,700.0,15961.0,15994.0,300.0,267.0,21065.0,20465.0,0.0,600.0,1910.0,37.576277356
09/01/2019,0,22928.970588235294,59.46,18544.0,18210.0,300.0,634.0,20300.0,19600.0,0.0,700.0,15961.0,15994.0,300.0,267.0,21065.0,20465.0,0.0,600.0,1910.0,37.576277356
10/01/2019,0,22937.647058823528,60.47,18544.0,18210.0,300.0,634.0,20300.0,19600.0,0.0,700.0,15961.0,15994.0,300.0,267.0,21065.0,20465.0,0.0,600.0,1910.0,37.576277356
11/01/2019,0,22946.323529411766,59.24,18544.0,18210.0,300.0,634.0,20300.0,19600.0,0.0,700.0,15961.0,15994.0,300.0,267.0,21065.0,20465.0,0.0,600.0,1910.0,37.576277356
12/01/2019,0,22955.0,59.093333333333334,18544.0,18210.0,300.0,634.0,20300.0,19600.0,0.0,700.0,15961.0,15994.0,300.0,267.0,21065.0,20465.0,0.0,600.0,1910.0,37.576277356
13/01/2019,0,22963.676470588234,58.946666666666665,18544.0,18210.0,300.0,634.0,20300.0,19600.0,0.0,700.0,15961.0,15994.0,300.0,267.0,21065.0,20465.0,0.0,600.0,1910.0,37.576277356
14/01/2019,0,22972.352941176472,58.8,18544.0,18210.0,300.0,634.0,20300.0,19600.0,0.0,700.0,15961.0,15994.0,300.0,267.0,21065.0,20465.0,0.0,600.0,1910.0,37.576277356
15/01/2019,0,22981.029411764706,58.65,18544.0,18210.0,300.0,634.0,20300.0,19600.0,0.0,700.0,15961.0,15994.0,300.0,267.0,21065.0,20465.0,0.0,600.0,1910.0,37.576277356
16/01/2019,0,22989.70588235294,59.81,18544.0,18210.0,300.0,634.0,20300.0,19600.0,0.0,700.0,15961.0,15994.0,300.0,267.0,21065.0,20465.0,0.0,600.0,2133.0,87.4
17/01/2019,0,22998.382352941175,59.85,18544.0,18210.0,300.0,634.0,20300.0,19600.0,0.0,700.0,15961.0,15994.0,300.0,267.0,21065.0,20465.0,0.0,600.0,2133.0,87.4
18/01/2019,0,23007.058823529413,62.04,18544.0,18210.0,300.0,634.0,20300.0,19600.0,0.0,700.0,15961.0,15994.0,300.0,267.0,21065.0,20465.0,0.0,600.0,2133.0,87.4
19/01/2019,0,23015.735294117647,62.086666666666666,18544.0,18210.0,300.0,634.0,20300.0,19600.0,0.0,700.0,15961.0,15994.0,300.0,267.0,21065.0,20465.0,0.0,600.0,2133.0,87.4
20/01/2019,0,23024.41176470588,62.13333333333333,18544.0,18210.0,300.0,634.0,20300.0,19600.0,0.0,700.0,15961.0,15994.0,300.0,267.0,21065.0,20465.0,0.0,600.0,2133.0,87.4
21/01/2019,0,23033.08823529412,62.18,18544.0,18210.0,300.0,634.0,20300.0,19600.0,0.0,700.0,15961.0,15994.0,300.0,267.0,21065.0,20465.0,0.0,600.0,2133.0,87.4
22/01/2019,0,23041.764705882353,60.9,18544.0,18210.0,300.0,634.0,20300.0,19600.0,0.0,700.0,15961.0,15994.0,300.0,267.0,21065.0,20465.0,0.0,600.0,2133.0,87.4
23/01/2019,0,23050.441176470587,61.05,18544.0,18210.0,300.0,634.0,20300.0,19600.0,0.0,700.0,15961.0,15994.0,300.0,267.0,21065.0,20465.0,0.0,600.0,2133.0,87.4
24/01/2019,0,23059.117647058825,61.09,18544.0,18210.0,300.0,634.0,20300.0,19600.0,0.0,700.0,15961.0,15994.0,300.0,267.0,21065.0,20465.0,0.0,600.0,2133.0,87.4
25/01/2019,0,23067.79411764706,61.49,18544.0,18210.0,300.0,634.0,20300.0,19600.0,0.0,700.0,15961.0,15994.0,300.0,267.0,21065.0,20465.0,0.0,600.0,2133.0,87.4
26/01/2019,0,23076.470588235294,60.89666666666667,18544.0,18210.0,300.0,634.0,20300.0,19600.0,0.0,700.0,15961.0,15994.0,300.0,267.0,21065.0,20465.0,0.0,600.0,2133.0,87.4
27/01/2019,0,23085.147058823528,60.303333333333335,18544.0,18210.0,300.0,634.0,20300.0,19600.0,0.0,700.0,15961.0,15994.0,300.0,267.0,21065.0,20465.0,0.0,600.0,2133.0,87.4
28/01/2019,0,23093.823529411766,59.71,18544.0,18210.0,300.0,634.0,20300.0,19600.0,0.0,700.0,15961.0,15994.0,300.0,267.0,21065.0,20465.0,0.0,600.0,2133.0,87.4
29/01/2019,0,23102.5,60.98,18544.0,18210.0,300.0,634.0,20300.0,19600.0,0.0,700.0,15961.0,15994.0,300.0,267.0,21065.0,20465.0,0.0,600.0,2133.0,87.4
30/01/2019,0,23111.176470588234,61.89,18544.0,18210.0,300.0,634.0,20300.0,19600.0,0.0,700.0,15961.0,15994.0,300.0,267.0,21065.0,20465.0,0.0,600.0,2133.0,87.4
31/01/2019,0,23119.852941176472,62.46,18544.0,18210.0,300.0,634.0,20300.0,19600.0,0.0,700.0,15961.0,15994.0,300.0,267.0,21065.0,20465.0,0.0,600.0,1940.0,40.8
01/02/2019,0,23128.529411764706,61.86,18544.0,18210.0,300.0,634.0,20300.0,19600.0,0.0,700.0,15961.0,15994.0,300.0,267.0,21065.0,20465.0,0.0,600.0,1940.0,40.8
02/02/2019,0,23137.20588235294,61.99333333333333,18544.0,18210.0,300.0,634.0,20300.0,19600.0,0.0,700.0,15961.0,15994.0,300.0,267.0,21065.0,20465.0,0.0,600.0,1940.0,40.8
03/02/2019,0,23145.882352941175,62.126666666666665,18544.0,18210.0,300.0,634.0,20300.0,19600.0,0.0,700.0,15961.0,15994.0,300.0,267.0,21065.0,20465.0,0.0,600.0,1940.0,40.8
04/02/2019,0,23154.558823529413,62.26,18544.0,18210.0,300.0,634.0,20300.0,19600.0,0.0,700.0,15961.0,15994.0,300.0,267.0,21065.0,20465.0,0.0,600.0,1940.0,40.8
05/02/2019,0,23163.235294117647,61.67,18544.0,18210.0,300.0,634.0,20300.0,19600.0,0.0,700.0,15961.0,15994.0,300.0,267.0,21065.0,20465.0,0.0,600.0,1940.0,40.8
06/02/2019,0,23171.91176470588,62.22,18544.0,18210.0,300.0,634.0,20300.0,19600.0,0.0,700.0,15961.0,15994.0,300.0,267.0,21065.0,20465.0,0.0,600.0,1940.0,40.8
07/02/2019,0,23180.58823529412,61.01,18544.0,18210.0,300.0,634.0,20300.0,19600.0,0.0,700.0,15961.0,15994.0,300.0,267.0,21065.0,20465.0,0.0,600.0,1940.0,40.8
08/02/2019,0,23189.264705882353,61.37,18544.0,18210.0,300.0,634.0,20300.0,19600.0,0.0,700.0,15961.0,15994.0,300.0,267.0,21065.0,20465.0,0.0,600.0,1940.0,40.8
09/02/2019,0,23197.941176470587,61.346666666666664,18544.0,18210.0,300.0,634.0,20300.0,19600.0,0.0,700.0,15961.0,15994.0,300.0,267.0,21065.0,20465.0,0.0,600.0,1940.0,40.8
10/02/2019,0,23206.617647058825,61.32333333333333,18544.0,18210.0,300.0,634.0,20300.0,19600.0,0.0,700.0,15961.0,15994.0,300.0,267.0,21065.0,20465.0,0.0,600.0,1940.0,40.8
11/02/2019,0,23215.29411764706,61.3,18544.0,18210.0,300.0,634.0,20300.0,19600.0,0.0,700.0,15961.0,15994.0,300.0,267.0,21065.0,20465.0,0.0,600.0,1940.0,40.8
12/02/2019,0,23223.970588235294,62.58,18544.0,18210.0,300.0,634.0,20300.0,19600.0,0.0,700.0,15961.0,15994.0,300.0,267.0,21065.0,20465.0,0.0,600.0,1940.0,40.8
13/02/2019,0,23232.647058823528,63.27,18544.0,18210.0,300.0,634.0,20300.0,19600.0,0.0,700.0,15961.0,15994.0,300.0,267.0,21065.0,20465.0,0.0,600.0,1940.0,40.8
14/02/2019,0,23241.323529411766,64.0,18544.0,18210.0,300.0,634.0,20300.0,19600.0,0.0,700.0,15961.0,15994.0,300.0,267.0,21065.0,20465.0,0.0,600.0,1940.0,40.8
15/02/2019,0,23250.0,65.65,18544.0,18210.0,300.0,634.0,20300.0,19600.0,0.0,700.0,15961.0,15994.0,300.0,267.0,21065.0,20465.0,0.0,600.0,1720.0,-49.4
16/02/2019,0,23250.0,65.90333333333334,18544.0,18210.0,300.0,634.0,20300.0,19600.0,0.0,700.0,15961.0,15994.0,300.0,267.0,21065.0,20465.0,0.0,600.0,1720.0,-49.4
17/02/2019,0,23250.0,66.15666666666667,18544.0,18210.0,300.0,634.0,20300.0,19600.0,0.0,700.0,15961.0,15994.0,300.0,267.0,21065.0,20465.0,0.0,600.0,1720.0,-49.4
18/02/2019,0,23250.0,66.41,18544.0,18210.0,300.0,634.0,20300.0,19600.0,0.0,700.0,15961.0,15994.0,300.0,267.0,21065.0,20465.0,0.0,600.0,1720.0,-49.4
19/02/2019,0,23250.0,65.86,18544.0,18210.0,300.0,634.0,20300.0,19600.0,0.0,700.0,15961.0,15994.0,300.0,267.0,21065.0,20465.0,0.0,600.0,1720.0,-49.4
20/02/2019,0,23250.0,66.82,18544.0,18210.0,300.0,634.0,20300.0,19600.0,0.0,700.0,15961.0,15994.0,300.0,267.0,21065.0,20465.0,0.0,600.0,1720.0,-49.4
21/02/2019,0,23260.0,66.91,18544.0,18210.0,300.0,634.0,20300.0,19600.0,0.0,700.0,15961.0,15994.0,300.0,267.0,21065.0,20465.0,0.0,600.0,1720.0,-49.4
22/02/2019,0,23265.0,66.91,18544.0,18210.0,300.0,634.0,20300.0,19600.0,0.0,700.0,15961.0,15994.0,300.0,267.0,21065.0,20465.0,0.0,600.0,1720.0,-49.4
23/02/2019,0,23265.0,65.94666666666666,18544.0,18210.0,300.0,634.0,20300.0,19600.0,0.0,700.0,15961.0,15994.0,300.0,267.0,21065.0,20465.0,0.0,600.0,1720.0,-49.4
24/02/2019,0,23265.0,64.98333333333333,18544.0,18210.0,300.0,634.0,20300.0,19600.0,0.0,700.0,15961.0,15994.0,300.0,267.0,21065.0,20465.0,0.0,600.0,1720.0,-49.4
25/02/2019,0,23265.0,64.02,18544.0,18210.0,300.0,634.0,20300.0,19600.0,0.0,700.0,15961.0,15994.0,300.0,267.0,21065.0,20465.0,0.0,600.0,1720.0,-49.4
26/02/2019,0,23250.0,64.51,18544.0,18210.0,300.0,634.0,20300.0,19600.0,0.0,700.0,15961.0,15994.0,300.0,267.0,21065.0,20465.0,0.0,600.0,1720.0,-49.4
27/02/2019,0,23250.0,65.55,18544.0,18210.0,300.0,634.0,20300.0,19600.0,0.0,700.0,15961.0,15994.0,300.0,267.0,21065.0,20465.0,0.0,600.0,1720.0,-49.4
28/02/2019,0,23250.0,65.03,18544.0,18210.0,300.0,634.0,20300.0,19600.0,0.0,700.0,15961.0,15994.0,300.0,267.0,21065.0,20465.0,0.0,600.0,1720.0,-49.4
01/03/2019,0,23250.0,63.71,18544.0,18210.0,300.0,634.0,20300.0,19600.0,0.0,700.0,15961.0,15994.0,300.0,267.0,21065.0,20465.0,0.0,600.0,1720.0,-49.4
02/03/2019,1,23250.0,63.95333333333333,17222.0,16168.0,300.0,1354.0,19211.0,17211.0,0.0,2000.0,15483.0,14383.0,300.0,1400.0,19799.0,19199.0,0.0,600.0,1210.0,-203.6
03/03/2019,0,23250.0,64.19666666666666,17222.0,16168.0,300.0,1354.0,19211.0,17211.0,0.0,2000.0,15483.0,14383.0,300.0,1400.0,19799.0,19199.0,0.0,600.0,1210.0,-203.6
04/03/2019,0,23250.0,64.44,17222.0,16168.0,300.0,1354.0,19211.0,17211.0,0.0,2000.0,15483.0,14383.0,300.0,1400.0,19799.0,19199.0,0.0,600.0,1210.0,-203.6
05/03/2019,0,23250.0,64.24,17222.0,16168.0,300.0,1354.0,19211.0,17211.0,0.0,2000.0,15483.0,14383.0,300.0,1400.0,19799.0,19199.0,0.0,600.0,1210.0,-203.6
06/03/2019,0,23250.0,64.51,17222.0,16168.0,300.0,1354.0,19211.0,17211.0,0.0,2000.0,15483.0,14383.0,300.0,1400.0,19799.0,19199.0,0.0,600.0,1210.0,-203.6
07/03/2019,0,23250.0,64.82,17222.0,16168.0,300.0,1354.0,19211.0,17211.0,0.0,2000.0,15483.0,14383.0,300.0,1400.0,19799.0,19199.0,0.0,600.0,1210.0,-203.6
08/03/2019,0,23250.0,65.66,17222.0,16168.0,300.0,1354.0,19211.0,17211.0,0.0,2000.0,15483.0,14383.0,300.0,1400.0,19799.0,19199.0,0.0,600.0,1210.0,-203.6
09/03/2019,0,23250.0,65.46,17222.0,16168.0,300.0,1354.0,19211.0,17211.0,0.0,2000.0,15483.0,14383.0,300.0,1400.0,19799.0,19199.0,0.0,600.0,1210.0,-203.6
10/03/2019,0,23250.0,65.26,17222.0,16168.0,300.0,1354.0,19211.0,17211.0,0.0,2000.0,15483.0,14383.0,300.0,1400.0,19799.0,19199.0,0.0,600.0,1210.0,-203.6
11/03/2019,0,23250.0,65.06,17222.0,16168.0,300.0,1354.0,19211.0,17211.0,0.0,2000.0,15483.0,14383.0,300.0,1400.0,19799.0,19199.0,0.0,600.0,1210.0,-203.6
12/03/2019,0,23250.0,65.33,17222.0,16168.0,300.0,1354.0,19211.0,17211.0,0.0,2000.0,15483.0,14383.0,300.0,1400.0,19799.0,19199.0,0.0,600.0,1210.0,-203.6
13/03/2019,0,23250.0,65.89,17222.0,16168.0,300.0,1354.0,19211.0,17211.0,0.0,2000.0,15483.0,14383.0,300.0,1400.0,19799.0,19199.0,0.0,600.0,1210.0,-203.6
14/03/2019,0,23250.0,66.18,17222.0,16168.0,300.0,1354.0,19211.0,17211.0,0.0,2000.0,15483.0,14383.0,300.0,1400.0,19799.0,19199.0,0.0,600.0,1210.0,-203.6
15/03/2019,0,23250.0,66.11,17222.0,16168.0,300.0,1354.0,19211.0,17211.0,0.0,2000.0,15483.0,14383.0,300.0,1400.0,19799.0,19199.0,0.0,600.0,1210.0,-203.6
16/03/2019,0,23250.0,66.29,17222.0,16168.0,300.0,1354.0,19211.0,17211.0,0.0,2000.0,15483.0,14383.0,300.0,1400.0,19799.0,19199.0,0.0,600.0,1210.0,-203.6
17/03/2019,0,23250.0,66.47,17222.0,16168.0,300.0,1354.0,19211.0,17211.0,0.0,2000.0,15483.0,14383.0,300.0,1400.0,19799.0,19199.0,0.0,600.0,1210.0,-203.6
18/03/2019,0,23250.0,66.65,17222.0,16168.0,300.0,1354.0,19211.0,17211.0,0.0,2000.0,15483.0,14383.0,300.0,1400.0,19799.0,19199.0,0.0,600.0,655.0,-304.4
19/03/2019,0,23250.0,67.13,17222.0,16168.0,300.0,1354.0,19211.0,17211.0,0.0,2000.0,15483.0,14383.0,300.0,1400.0,19799.0,19199.0,0.0,600.0,655.0,-304.4
20/03/2019,0,23250.0,68.35,17222.0,16168.0,300.0,1354.0,19211.0,17211.0,0.0,2000.0,15483.0,14383.0,300.0,1400.0,19799.0,19199.0,0.0,600.0,655.0,-304.4
21/03/2019,0,23250.0,68.3,17222.0,16168.0,300.0,1354.0,19211.0,17211.0,0.0,2000.0,15483.0,14383.0,300.0,1400.0,19799.0,19199.0,0.0,600.0,655.0,-304.4
22/03/2019,0,23250.0,66.29,17222.0,16168.0,300.0,1354.0,19211.0,17211.0,0.0,2000.0,15483.0,14383.0,300.0,1400.0,19799.0,19199.0,0.0,600.0,655.0,-304.4
23/03/2019,0,23250.0,66.65,17222.0,16168.0,300.0,1354.0,19211.0,17211.0,0.0,2000.0,15483.0,14383.0,300.0,1400.0,19799.0,19199.0,0.0,600.0,655.0,-304.4
24/03/2019,0,23250.0,67.01,17222.0,16168.0,300.0,1354.0,19211.0,17211.0,0.0,2000.0,15483.0,14383.0,300.0,1400.0,19799.0,19199.0,0.0,600.0,655.0,-304.4
25/03/2019,0,23250.0,67.37,17222.0,16168.0,300.0,1354.0,19211.0,17211.0,0.0,2000.0,15483.0,14383.0,300.0,1400.0,19799.0,19199.0,0.0,600.0,655.0,-304.4
26/03/2019,0,23250.0,67.51,17222.0,16168.0,300.0,1354.0,19211.0,17211.0,0.0,2000.0,15483.0,14383.0,300.0,1400.0,19799.0,19199.0,0.0,600.0,655.0,-304.4
27/03/2019,0,23250.0,67.35,17222.0,16168.0,300.0,1354.0,19211.0,17211.0,0.0,2000.0,15483.0,14383.0,300.0,1400.0,19799.0,19199.0,0.0,600.0,655.0,-304.4
28/03/2019,0,23250.0,66.08,17222.0,16168.0,300.0,1354.0,19211.0,17211.0,0.0,2000.0,15483.0,14383.0,300.0,1400.0,19799.0,19199.0,0.0,600.0,655.0,-304.4
29/03/2019,0,23250.0,67.93,17222.0,16168.0,300.0,1354.0,19211.0,17211.0,0.0,2000.0,15483.0,14383.0,300.0,1400.0,19799.0,19199.0,0.0,600.0,655.0,-304.4
30/03/2019,0,23250.0,68.31333333333333,17222.0,16168.0,300.0,1354.0,19211.0,17211.0,0.0,2000.0,15483.0,14383.0,300.0,1400.0,19799.0,19199.0,0.0,600.0,655.0,-304.4
31/03/2019,0,23250.0,68.69666666666667,17222.0,16168.0,300.0,1354.0,19211.0,17211.0,0.0,2000.0,15483.0,14383.0,300.0,1400.0,19799.0,19199.0,0.0,600.0,655.0,-304.4
01/04/2019,0,23250.0,69.08,17222.0,16168.0,300.0,1354.0,19211.0,17211.0,0.0,2000.0,15483.0,14383.0,300.0,1400.0,19799.0,19199.0,0.0,600.0,655.0,-304.4
02/04/2019,0,23250.0,69.68,17222.0,16168.0,300.0,1354.0,19211.0,17211.0,0.0,2000.0,15483.0,14383.0,300.0,1400.0,19799.0,19199.0,0.0,600.0,9.6,-304.4
03/04/2019,0,23250.0,69.21,17222.0,16168.0,300.0,1354.0,19211.0,17211.0,0.0,2000.0,15483.0,14383.0,300.0,1400.0,19799.0,19199.0,0.0,600.0,9.6,-304.4
04/04/2019,0,23250.0,69.8,17222.0,16168.0,300.0,1354.0,19211.0,17211.0,0.0,2000.0,15483.0,14383.0,300.0,1400.0,19799.0,19199.0,0.0,600.0,9.6,-304.4
05/04/2019,0,23250.0,69.93,17222.0,16168.0,300.0,1354.0,19211.0,17211.0,0.0,2000.0,15483.0,14383.0,300.0,1400.0,19799.0,19199.0,0.0,600.0,9.6,-304.4
06/04/2019,0,23251.666666666668,70.32666666666667,17222.0,16168.0,300.0,1354.0,19211.0,17211.0,0.0,2000.0,15483.0,14383.0,300.0,1400.0,19799.0,19199.0,0.0,600.0,9.6,-304.4
07/04/2019,0,23253.333333333332,70.72333333333334,17222.0,16168.0,300.0,1354.0,19211.0,17211.0,0.0,2000.0,15483.0,14383.0,300.0,1400.0,19799.0,19199.0,0.0,600.0,9.6,-304.4
08/04/2019,0,23255.0,71.12,17222.0,16168.0,300.0,1354.0,19211.0,17211.0,0.0,2000.0,15483.0,14383.0,300.0,1400.0,19799.0,19199.0,0.0,600.0,9.6,-304.4
09/04/2019,0,23250.0,71.02,17222.0,16168.0,300.0,1354.0,19211.0,17211.0,0.0,2000.0,15483.0,14383.0,300.0,1400.0,19799.0,19199.0,0.0,600.0,9.6,-304.4
10/04/2019,0,23250.0,71.63,17222.0,16168.0,300.0,1354.0,19211.0,17211.0,0.0,2000.0,15483.0,14383.0,300.0,1400.0,19799.0,19199.0,0.0,600.0,9.6,-304.4
11/04/2019,0,23250.0,71.3,17222.0,16168.0,300.0,1354.0,19211.0,17211.0,0.0,2000.0,15483.0,14383.0,300.0,1400.0,19799.0,19199.0,0.0,600.0,9.6,-304.4
12/04/2019,0,23250.0,71.57,17222.0,16168.0,300.0,1354.0,19211.0,17211.0,0.0,2000.0,15483.0,14383.0,300.0,1400.0,19799.0,19199.0,0.0,600.0,9.6,-304.4
13/04/2019,0,23250.0,71.34666666666666,17222.0,16168.0,300.0,1354.0,19211.0,17211.0,0.0,2000.0,15483.0,14383.0,300.0,1400.0,19799.0,19199.0,0.0,600.0,9.6,-304.4
14/04/2019,0,23250.0,71.12333333333333,17222.0,16168.0,300.0,1354.0,19211.0,17211.0,0.0,2000.0,15483.0,14383.0,300.0,1400.0,19799.0,19199.0,0.0,600.0,9.6,-304.4
15/04/2019,0,23250.0,70.9,17222.0,16168.0,300.0,1354.0,19211.0,17211.0,0.0,2000.0,15483.0,14383.0,300.0,1400.0,19799.0,19199.0,0.0,600.0,9.6,-304.4
16/04/2019,0,23250.0,70.74,17222.0,16168.0,300.0,1354.0,19211.0,17211.0,0.0,2000.0,15483.0,14383.0,300.0,1400.0,19799.0,19199.0,0.0,600.0,9.6,-304.4
17/04/2019,1,23250.0,71.14,17384.0,16330.0,300.0,1354.0,21159.0,19703.0,0.0,1456.0,15617.0,15917.0,300.0,0.0,21978.0,21378.0,0.0,600.0,-240.0,-622.9
18/04/2019,0,23250.0,70.71,17384.0,16330.0,300.0,1354.0,21159.0,19703.0,0.0,1456.0,15617.0,15917.0,300.0,0.0,21978.0,21378.0,0.0,600.0,-240.0,-622.9
19/04/2019,0,23255.0,70.71,17384.0,16330.0,300.0,1354.0,21159.0,19703.0,0.0,1456.0,15617.0,15917.0,300.0,0.0,21978.0,21378.0,0.0,600.0,-240.0,-622.9
20/04/2019,0,23258.333333333332,70.71,17384.0,16330.0,300.0,1354.0,21159.0,19703.0,0.0,1456.0,15617.0,15917.0,300.0,0.0,21978.0,21378.0,0.0,600.0,-240.0,-622.9
21/04/2019,0,23261.666666666668,70.71,17384.0,16330.0,300.0,1354.0,21159.0,19703.0,0.0,1456.0,15617.0,15917.0,300.0,0.0,21978.0,21378.0,0.0,600.0,-240.0,-622.9
22/04/2019,0,23265.0,70.71,17384.0,16330.0,300.0,1354.0,21159.0,19703.0,0.0,1456.0,15617.0,15917.0,300.0,0.0,21978.0,21378.0,0.0,600.0,-240.0,-622.9
23/04/2019,0,23265.0,74.39,17384.0,16330.0,300.0,1354.0,21159.0,19703.0,0.0,1456.0,15617.0,15917.0,300.0,0.0,21978.0,21378.0,0.0,600.0,-240.0,-622.9
24/04/2019,0,23290.0,73.59,17384.0,16330.0,300.0,1354.0,21159.0,19703.0,0.0,1456.0,15617.0,15917.0,300.0,0.0,21978.0,21378.0,0.0,600.0,-240.0,-622.9
25/04/2019,0,23310.0,74.94,17384.0,16330.0,300.0,1354.0,21159.0,19703.0,0.0,1456.0,15617.0,15917.0,300.0,0.0,21978.0,21378.0,0.0,600.0,-240.0,-622.9
26/04/2019,0,23330.0,71.03,17384.0,16330.0,300.0,1354.0,21159.0,19703.0,0.0,1456.0,15617.0,15917.0,300.0,0.0,21978.0,21378.0,0.0,600.0,-240.0,-622.9
27/04/2019,0,23330.0,71.09333333333333,17384.0,16330.0,300.0,1354.0,21159.0,19703.0,0.0,1456.0,15617.0,15917.0,300.0,0.0,21978.0,21378.0,0.0,600.0,-240.0,-622.9
28/04/2019,0,23330.0,71.15666666666667,17384.0,16330.0,300.0,1354.0,21159.0,19703.0,0.0,1456.0,15617.0,15917.0,300.0,0.0,21978.0,21378.0,0.0,600.0,-240.0,-622.9
29/04/2019,0,23330.0,71.22,17384.0,16330.0,300.0,1354.0,21159.0,19703.0,0.0,1456.0,15617.0,15917.0,300.0,0.0,21978.0,21378.0,0.0,600.0,-240.0,-622.9
30/04/2019,0,23330.0,72.19,17384.0,16330.0,300.0,1354.0,21159.0,19703.0,0.0,1456.0,15617.0,15917.0,300.0,0.0,21978.0,21378.0,0.0,600.0,-240.0,-622.9
01/05/2019,0,23330.0,72.01,17384.0,16330.0,300.0,1354.0,21159.0,19703.0,0.0,1456.0,15617.0,15917.0,300.0,0.0,21978.0,21378.0,0.0,600.0,-240.0,-622.9
02/05/2019,1,23310.0,70.56,17695.0,16641.0,300.0,1354.0,21613.0,20688.0,0.0,925.0,16002.0,16302.0,300.0,0.0,22474.0,21874.0,0.0,600.0,-355.0,-668.6
03/05/2019,0,23310.0,71.95,17695.0,16641.0,300.0,1354.0,21613.0,20688.0,0.0,925.0,16002.0,16302.0,300.0,0.0,22474.0,21874.0,0.0,600.0,-355.0,-668.6
04/05/2019,0,23318.333333333332,71.95,17695.0,16641.0,300.0,1354.0,21613.0,20688.0,0.0,925.0,16002.0,16302.0,300.0,0.0,22474.0,21874.0,0.0,600.0,-355.0,-668.6
05/05/2019,0,23326.666666666668,71.95,17695.0,16641.0,300.0,1354.0,21613.0,20688.0,0.0,925.0,16002.0,16302.0,300.0,0.0,22474.0,21874.0,0.0,600.0,-355.0,-668.6
06/05/2019,0,23335.0,71.95,17695.0,16641.0,300.0,1354.0,21613.0,20688.0,0.0,925.0,16002.0,16302.0,300.0,0.0,22474.0,21874.0,0.0,600.0,-355.0,-668.6
07/05/2019,0,23395.0,70.98,17695.0,16641.0,300.0,1354.0,21613.0,20688.0,0.0,925.0,16002.0,16302.0,300.0,0.0,22474.0,21874.0,0.0,600.0,-355.0,-668.6
08/05/2019,0,23420.0,71.09,17695.0,16641.0,300.0,1354.0,21613.0,20688.0,0.0,925.0,16002.0,16302.0,300.0,0.0,22474.0,21874.0,0.0,600.0,-355.0,-668.6
09/05/2019,0,23450.0,70.61,17695.0,16641.0,300.0,1354.0,21613.0,20688.0,0.0,925.0,16002.0,16302.0,300.0,0.0,22474.0,21874.0,0.0,600.0,-355.0,-668.6
10/05/2019,0,23380.0,71.63,17695.0,16641.0,300.0,1354.0,21613.0,20688.0,0.0,925.0,16002.0,16302.0,300.0,0.0,22474.0,21874.0,0.0,600.0,-355.0,-668.6
11/05/2019,0,23386.666666666668,71.86999999999999,17695.0,16641.0,300.0,1354.0,21613.0,20688.0,0.0,925.0,16002.0,16302.0,300.0,0.0,22474.0,21874.0,0.0,600.0,-355.0,-668.6
12/05/2019,0,23393.333333333332,72.11,17695.0,16641.0,300.0,1354.0,21613.0,20688.0,0.0,925.0,16002.0,16302.0,300.0,0.0,22474.0,21874.0,0.0,600.0,-355.0,-668.6
13/05/2019,0,23400.0,72.35,17695.0,16641.0,300.0,1354.0,21613.0,20688.0,0.0,925.0,16002.0,16302.0,300.0,0.0,22474.0,21874.0,0.0,600.0,-355.0,-668.6
14/05/2019,0,23420.0,72.53,17695.0,16641.0,300.0,1354.0,21613.0,20688.0,0.0,925.0,16002.0,16302.0,300.0,0.0,22474.0,21874.0,0.0,600.0,-355.0,-668.6
15/05/2019,0,23370.0,73.09,17695.0,16641.0,300.0,1354.0,21613.0,20688.0,0.0,925.0,16002.0,16302.0,300.0,0.0,22474.0,21874.0,0.0,600.0,-355.0,-668.6
16/05/2019,0,23365.0,74.7,17695.0,16641.0,300.0,1354.0,21613.0,20688.0,0.0,925.0,16002.0,16302.0,300.0,0.0,22474.0,21874.0,0.0,600.0,-355.0,-668.6
17/05/2019,1,23450.0,73.94,17614.0,17614.0,0.0,0.0,20945.0,20588.0,100.0,457.0,15536.0,15536.0,0.0,0.0,21599.0,21599.0,0.0,0.0,-381.0,-660.1
18/05/2019,0,23455.0,73.69666666666666,17614.0,17614.0,0.0,0.0,20945.0,20588.0,100.0,457.0,15536.0,15536.0,0.0,0.0,21599.0,21599.0,0.0,0.0,-381.0,-660.1
19/05/2019,0,23460.0,73.45333333333333,17614.0,17614.0,0.0,0.0,20945.0,20588.0,100.0,457.0,15536.0,15536.0,0.0,0.0,21599.0,21599.0,0.0,0.0,-381.0,-660.1
20/05/2019,0,23465.0,73.21,17614.0,17614.0,0.0,0.0,20945.0,20588.0,100.0,457.0,15536.0,15536.0,0.0,0.0,21599.0,21599.0,0.0,0.0,-381.0,-660.1
21/05/2019,0,23465.0,72.94,17614.0,17614.0,0.0,0.0,20945.0,20588.0,100.0,457.0,15536.0,15536.0,0.0,0.0,21599.0,21599.0,0.0,0.0,-381.0,-660.1
22/05/2019,0,23450.0,71.94,17614.0,17614.0,0.0,0.0,20945.0,20588.0,100.0,457.0,15536.0,15536.0,0.0,0.0,21599.0,21599.0,0.0,0.0,-381.0,-660.1
23/05/2019,0,23450.0,68.37,17614.0,17614.0,0.0,0.0,20945.0,20588.0,100.0,457.0,15536.0,15536.0,0.0,0.0,21599.0,21599.0,0.0,0.0,-381.0,-660.1
24/05/2019,0,23455.0,67.98,17614.0,17614.0,0.0,0.0,20945.0,20588.0,100.0,457.0,15536.0,15536.0,0.0,0.0,21599.0,21599.0,0.0,0.0,-381.0,-660.1
25/05/2019,0,23453.333333333332,68.5325,17614.0,17614.0,0.0,0.0,20945.0,20588.0,100.0,457.0,15536.0,15536.0,0.0,0.0,21599.0,21599.0,0.0,0.0,-381.0,-660.1
26/05/2019,0,23451.666666666668,69.08500000000001,17614.0,17614.0,0.0,0.0,20945.0,20588.0,100.0,457.0,15536.0,15536.0,0.0,0.0,21599.0,21599.0,0.0,0.0,-381.0,-660.1
27/05/2019,0,23450.0,69.6375,17614.0,17614.0,0.0,0.0,20945.0,20588.0,100.0,457.0,15536.0,15536.0,0.0,0.0,21599.0,21599.0,0.0,0.0,-381.0,-660.1
28/05/2019,0,23455.0,70.19,17614.0,17614.0,0.0,0.0,20945.0,20588.0,100.0,457.0,15536.0,15536.0,0.0,0.0,21599.0,21599.0,0.0,0.0,-381.0,-660.1
29/05/2019,0,23465.0,70.64,17614.0,17614.0,0.0,0.0,20945.0,20588.0,100.0,457.0,15536.0,15536.0,0.0,0.0,21599.0,21599.0,0.0,0.0,-381.0,-660.1
30/05/2019,0,23480.0,69.55,17614.0,17614.0,0.0,0.0,20945.0,20588.0,100.0,457.0,15536.0,15536.0,0.0,0.0,21599.0,21599.0,0.0,0.0,-381.0,-660.1
31/05/2019,0,23475.0,66.78,17614.0,17614.0,0.0,0.0,20945.0,20588.0,100.0,457.0,15536.0,15536.0,0.0,0.0,21599.0,21599.0,0.0,0.0,-381.0,-660.1
01/06/2019,1,23473.333333333332,65.57333333333334,17394.0,17394.0,0.0,0.0,20617.0,20319.0,100.0,398.0,15354.0,15354.0,0.0,0.0,21219.0,21219.0,0.0,0.0,-316.0,-645.1
02/06/2019,0,23471.666666666668,64.36666666666666,17394.0,17394.0,0.0,0.0,20617.0,20319.0,100.0,398.0,15354.0,15354.0,0.0,0.0,21219.0,21219.0,0.0,0.0,-316.0,-645.1
03/06/2019,0,23470.0,63.16,17394.0,17394.0,0.0,0.0,20617.0,20319.0,100.0,398.0,15354.0,15354.0,0.0,0.0,21219.0,21219.0,0.0,0.0,-316.0,-645.1
04/06/2019,0,23465.0,63.56,17394.0,17394.0,0.0,0.0,20617.0,20319.0,100.0,398.0,15354.0,15354.0,0.0,0.0,21219.0,21219.0,0.0,0.0,-316.0,-645.1
05/06/2019,0,23475.0,62.14,17394.0,17394.0,0.0,0.0,20617.0,20319.0,100.0,398.0,15354.0,15354.0,0.0,0.0,21219.0,21219.0,0.0,0.0,-316.0,-645.1
06/06/2019,0,23475.0,62.77,17394.0,17394.0,0.0,0.0,20617.0,20319.0,100.0,398.0,15354.0,15354.0,0.0,0.0,21219.0,21219.0,0.0,0.0,-316.0,-645.1
07/06/2019,0,23460.0,64.1,17394.0,17394.0,0.0,0.0,20617.0,20319.0,100.0,398.0,15354.0,15354.0,0.0,0.0,21219.0,21219.0,0.0,0.0,-316.0,-645.1
08/06/2019,0,23450.0,64.17,17394.0,17394.0,0.0,0.0,20617.0,20319.0,100.0,398.0,15354.0,15354.0,0.0,0.0,21219.0,21219.0,0.0,0.0,-316.0,-645.1
09/06/2019,0,23440.0,64.24,17394.0,17394.0,0.0,0.0,20617.0,20319.0,100.0,398.0,15354.0,15354.0,0.0,0.0,21219.0,21219.0,0.0,0.0,-316.0,-645.1
10/06/2019,0,23430.0,64.31,17394.0,17394.0,0.0,0.0,20617.0,20319.0,100.0,398.0,15354.0,15354.0,0.0,0.0,21219.0,21219.0,0.0,0.0,-316.0,-645.1
11/06/2019,0,23400.0,63.56,17394.0,17394.0,0.0,0.0,20617.0,20319.0,100.0,398.0,15354.0,15354.0,0.0,0.0,21219.0,21219.0,0.0,0.0,-316.0,-645.1
12/06/2019,0,23385.0,61.66,17394.0,17394.0,0.0,0.0,20617.0,20319.0,100.0,398.0,15354.0,15354.0,0.0,0.0,21219.0,21219.0,0.0,0.0,-316.0,-645.1
13/06/2019,0,23380.0,63.28,17394.0,17394.0,0.0,0.0,20617.0,20319.0,100.0,398.0,15354.0,15354.0,0.0,0.0,21219.0,21219.0,0.0,0.0,-316.0,-645.1
14/06/2019,0,23385.0,63.13,17394.0,17394.0,0.0,0.0,20617.0,20319.0,100.0,398.0,15354.0,15354.0,0.0,0.0,21219.0,21219.0,0.0,0.0,-316.0,-645.1
15/06/2019,0,23386.25,62.940000000000005,17394.0,17394.0,0.0,0.0,20617.0,20319.0,100.0,398.0,15354.0,15354.0,0.0,0.0,21219.0,21219.0,0.0,0.0,-316.0,-645.1
16/06/2019,0,23387.5,62.75,17394.0,17394.0,0.0,0.0,20617.0,20319.0,100.0,398.0,15354.0,15354.0,0.0,0.0,21219.0,21219.0,0.0,0.0,-316.0,-645.1
17/06/2019,1,23388.75,62.56,16657.0,17557.0,900.0,0.0,19233.0,19533.0,300.0,0.0,15115.0,16015.0,900.0,0.0,20134.0,21034.0,900.0,0.0,-246.0,-614.16
18/06/2019,0,23390.0,63.35,16657.0,17557.0,900.0,0.0,19233.0,19533.0,300.0,0.0,15115.0,16015.0,900.0,0.0,20134.0,21034.0,900.0,0.0,-246.0,-614.16
19/06/2019,0,23375.0,62.85,16657.0,17557.0,900.0,0.0,19233.0,19533.0,300.0,0.0,15115.0,16015.0,900.0,0.0,20134.0,21034.0,900.0,0.0,-246.0,-614.16
20/06/2019,0,23365.0,65.44,16657.0,17557.0,900.0,0.0,19233.0,19533.0,300.0,0.0,15115.0,16015.0,900.0,0.0,20134.0,21034.0,900.0,0.0,-246.0,-614.16
21/06/2019,0,23350.0,65.99,16657.0,17557.0,900.0,0.0,19233.0,19533.0,300.0,0.0,15115.0,16015.0,900.0,0.0,20134.0,21034.0,900.0,0.0,-246.0,-614.16
22/06/2019,0,23350.0,65.71333333333332,16657.0,17557.0,900.0,0.0,19233.0,19533.0,300.0,0.0,15115.0,16015.0,900.0,0.0,20134.0,21034.0,900.0,0.0,-246.0,-614.16
23/06/2019,0,23350.0,65.43666666666667,16657.0,17557.0,900.0,0.0,19233.0,19533.0,300.0,0.0,15115.0,16015.0,900.0,0.0,20134.0,21034.0,900.0,0.0,-246.0,-614.16
24/06/2019,0,23350.0,65.16,16657.0,17557.0,900.0,0.0,19233.0,19533.0,300.0,0.0,15115.0,16015.0,900.0,0.0,20134.0,21034.0,900.0,0.0,-246.0,-614.16
25/06/2019,0,23360.0,66.24,16657.0,17557.0,900.0,0.0,19233.0,19533.0,300.0,0.0,15115.0,16015.0,900.0,0.0,20134.0,21034.0,900.0,0.0,-246.0,-614.16
26/06/2019,0,23370.0,66.85,16657.0,17557.0,900.0,0.0,19233.0,19533.0,300.0,0.0,15115.0,16015.0,900.0,0.0,20134.0,21034.0,900.0,0.0,-246.0,-614.16
27/06/2019,0,23395.0,66.78,16657.0,17557.0,900.0,0.0,19233.0,19533.0,300.0,0.0,15115.0,16015.0,900.0,0.0,20134.0,21034.0,900.0,0.0,-246.0,-614.16
28/06/2019,0,23350.0,67.52,16657.0,17557.0,900.0,0.0,19233.0,19533.0,300.0,0.0,15115.0,16015.0,900.0,0.0,20134.0,21034.0,900.0,0.0,-246.0,-614.16
29/06/2019,0,23340.0,66.71333333333332,16657.0,17557.0,900.0,0.0,19233.0,19533.0,300.0,0.0,15115.0,16015.0,900.0,0.0,20134.0,21034.0,900.0,0.0,-246.0,-614.16
30/06/2019,0,23330.0,65.90666666666667,16657.0,17557.0,900.0,0.0,19233.0,19533.0,300.0,0.0,15115.0,16015.0,900.0,0.0,20134.0,21034.0,900.0,0.0,-246.0,-614.16
01/07/2019,0,23315.0,65.1,16657.0,17557.0,900.0,0.0,19233.0,19533.0,300.0,0.0,15115.0,16015.0,900.0,0.0,20134.0,21034.0,900.0,0.0,-246.0,-614.16
02/07/2019,1,23300.0,62.72,16949.0,17649.0,700.0,0.0,19653.0,19853.0,200.0,0.0,15220.0,15920.0,700.0,0.0,20517.0,21217.0,700.0,0.0,50.0,-525.09
03/07/2019,0,23305.0,63.53,16949.0,17649.0,700.0,0.0,19653.0,19853.0,200.0,0.0,15220.0,15920.0,700.0,0.0,20517.0,21217.0,700.0,0.0,50.0,-525.09
04/07/2019,0,23310.0,63.62,16949.0,17649.0,700.0,0.0,19653.0,19853.0,200.0,0.0,15220.0,15920.0,700.0,0.0,20517.0,21217.0,700.0,0.0,50.0,-525.09
05/07/2019,0,23310.0,64.23,16949.0,17649.0,700.0,0.0,19653.0,19853.0,200.0,0.0,15220.0,15920.0,700.0,0.0,20517.0,21217.0,700.0,0.0,50.0,-525.09
06/07/2019,0,23310.0,64.45,16949.0,17649.0,700.0,0.0,19653.0,19853.0,200.0,0.0,15220.0,15920.0,700.0,0.0,20517.0,21217.0,700.0,0.0,50.0,-525.09
07/07/2019,0,23310.0,64.67,16949.0,17649.0,700.0,0.0,19653.0,19853.0,200.0,0.0,15220.0,15920.0,700.0,0.0,20517.0,21217.0,700.0,0.0,50.0,-525.09
08/07/2019,0,23310.0,64.89,16949.0,17649.0,700.0,0.0,19653.0,19853.0,200.0,0.0,15220.0,15920.0,700.0,0.0,20517.0,21217.0,700.0,0.0,50.0,-525.09
09/07/2019,0,23275.0,64.3,16949.0,17649.0,700.0,0.0,19653.0,19853.0,200.0,0.0,15220.0,15920.0,700.0,0.0,20517.0,21217.0,700.0,0.0,50.0,-525.09
10/07/2019,0,23280.0,66.41,16949.0,17649.0,700.0,0.0,19653.0,19853.0,200.0,0.0,15220.0,15920.0,700.0,0.0,20517.0,21217.0,700.0,0.0,50.0,-525.09
11/07/2019,0,23260.0,67.64,16949.0,17649.0,700.0,0.0,19653.0,19853.0,200.0,0.0,15220.0,15920.0,700.0,0.0,20517.0,21217.0,700.0,0.0,50.0,-525.09
12/07/2019,0,23260.0,66.65,16949.0,17649.0,700.0,0.0,19653.0,19853.0,200.0,0.0,15220.0,15920.0,700.0,0.0,20517.0,21217.0,700.0,0.0,50.0,-525.09
13/07/2019,0,23260.0,66.72,16949.0,17649.0,700.0,0.0,19653.0,19853.0,200.0,0.0,15220.0,15920.0,700.0,0.0,20517.0,21217.0,700.0,0.0,50.0,-525.09
14/07/2019,0,23260.0,66.79,16949.0,17649.0,700.0,0.0,19653.0,19853.0,200.0,0.0,15220.0,15920.0,700.0,0.0,20517.0,21217.0,700.0,0.0,50.0,-525.09
15/07/2019,0,23260.0,66.86,16949.0,17649.0,700.0,0.0,19653.0,19853.0,200.0,0.0,15220.0,15920.0,700.0,0.0,20517.0,21217.0,700.0,0.0,50.0,-525.09
16/07/2019,0,23260.0,65.87,16949.0,17649.0,700.0,0.0,19653.0,19853.0,200.0,0.0,15220.0,15920.0,700.0,0.0,20517.0,21217.0,700.0,0.0,50.0,-525.09
17/07/2019,1,23260.0,63.67,16997.0,17497.0,500.0,0.0,20279.0,20379.0,100.0,0.0,15980.0,16480.0,500.0,0.0,21235.0,21735.0,500.0,0.0,317.0,-464.77
18/07/2019,0,23290.0,60.7,16997.0,17497.0,500.0,0.0,20279.0,20379.0,100.0,0.0,15980.0,16480.0,500.0,0.0,21235.0,21735.0,500.0,0.0,317.0,-464.77
19/07/2019,0,23310.0,61.04,16997.0,17497.0,500.0,0.0,20279.0,20379.0,100.0,0.0,15980.0,16480.0,500.0,0.0,21235.0,21735.0,500.0,0.0,317.0,-464.77
20/07/2019,0,23306.666666666668,61.346666666666664,16997.0,17497.0,500.0,0.0,20279.0,20379.0,100.0,0.0,15980.0,16480.0,500.0,0.0,21235.0,21735.0,500.0,0.0,317.0,-464.77
21/07/2019,0,23303.333333333332,61.653333333333336,16997.0,17497.0,500.0,0.0,20279.0,20379.0,100.0,0.0,15980.0,16480.0,500.0,0.0,21235.0,21735.0,500.0,0.0,317.0,-464.77
22/07/2019,0,23300.0,61.96,16997.0,17497.0,500.0,0.0,20279.0,20379.0,100.0,0.0,15980.0,16480.0,500.0,0.0,21235.0,21735.0,500.0,0.0,317.0,-464.77
23/07/2019,0,23275.0,62.28,16997.0,17497.0,500.0,0.0,20279.0,20379.0,100.0,0.0,15980.0,16480.0,500.0,0.0,21235.0,21735.0,500.0,0.0,317.0,-464.77
24/07/2019,0,23275.0,63.83,16997.0,17497.0,500.0,0.0,20279.0,20379.0,100.0,0.0,15980.0,16480.0,500.0,0.0,21235.0,21735.0,500.0,0.0,317.0,-464.77
25/07/2019,0,23270.0,63.47,16997.0,17497.0,500.0,0.0,20279.0,20379.0,100.0,0.0,15980.0,16480.0,500.0,0.0,21235.0,21735.0,500.0,0.0,317.0,-464.77
26/07/2019,0,23275.0,62.46,16997.0,17497.0,500.0,0.0,20279.0,20379.0,100.0,0.0,15980.0,16480.0,500.0,0.0,21235.0,21735.0,500.0,0.0,317.0,-464.77
27/07/2019,0,23275.0,62.403333333333336,16997.0,17497.0,500.0,0.0,20279.0,20379.0,100.0,0.0,15980.0,16480.0,500.0,0.0,21235.0,21735.0,500.0,0.0,317.0,-464.77
28/07/2019,0,23275.0,62.346666666666664,16997.0,17497.0,500.0,0.0,20279.0,20379.0,100.0,0.0,15980.0,16480.0,500.0,0.0,21235.0,21735.0,500.0,0.0,317.0,-464.77
29/07/2019,0,23275.0,62.29,16997.0,17497.0,500.0,0.0,20279.0,20379.0,100.0,0.0,15980.0,16480.0,500.0,0.0,21235.0,21735.0,500.0,0.0,317.0,-464.77
30/07/2019,0,23260.0,62.55,16997.0,17497.0,500.0,0.0,20279.0,20379.0,100.0,0.0,15980.0,16480.0,500.0,0.0,21235.0,21735.0,500.0,0.0,317.0,-464.77
31/07/2019,0,23260.0,64.07,16997.0,17497.0,500.0,0.0,20279.0,20379.0,100.0,0.0,15980.0,16480.0,500.0,0.0,21235.0,21735.0,500.0,0.0,317.0,-464.77
01/08/2019,1,23265.0,62.9,17023.0,17523.0,500.0,0.0,19902.0,20002.0,100.0,0.0,15927.0,16427.0,500.0,0.0,20919.0,21419.0,500.0,0.0,470.0,-425.27
02/08/2019,0,23280.0,61.12,17023.0,17523.0,500.0,0.0,19902.0,20002.0,100.0,0.0,15927.0,16427.0,500.0,0.0,20919.0,21419.0,500.0,0.0,470.0,-425.27
03/08/2019,0,23298.333333333332,60.519999999999996,17023.0,17523.0,500.0,0.0,19902.0,20002.0,100.0,0.0,15927.0,16427.0,500.0,0.0,20919.0,21419.0,500.0,0.0,470.0,-425.27
04/08/2019,0,23316.666666666668,59.92,17023.0,17523.0,500.0,0.0,19902.0,20002.0,100.0,0.0,15927.0,16427.0,500.0,0.0,20919.0,21419.0,500.0,0.0,470.0,-425.27
05/08/2019,0,23335.0,59.32,17023.0,17523.0,500.0,0.0,19902.0,20002.0,100.0,0.0,15927.0,16427.0,500.0,0.0,20919.0,21419.0,500.0,0.0,470.0,-425.27
06/08/2019,0,23310.0,58.63,17023.0,17523.0,500.0,0.0,19902.0,20002.0,100.0,0.0,15927.0,16427.0,500.0,0.0,20919.0,21419.0,500.0,0.0,470.0,-425.27
07/08/2019,0,23280.0,55.03,17023.0,17523.0,500.0,0.0,19902.0,20002.0,100.0,0.0,15927.0,16427.0,500.0,0.0,20919.0,21419.0,500.0,0.0,470.0,-425.27
08/08/2019,0,23280.0,56.29,17023.0,17523.0,500.0,0.0,19902.0,20002.0,100.0,0.0,15927.0,16427.0,500.0,0.0,20919.0,21419.0,500.0,0.0,470.0,-425.27
09/08/2019,0,23260.0,57.37,17023.0,17523.0,500.0,0.0,19902.0,20002.0,100.0,0.0,15927.0,16427.0,500.0,0.0,20919.0,21419.0,500.0,0.0,470.0,-425.27
10/08/2019,0,23261.666666666668,57.29,17023.0,17523.0,500.0,0.0,19902.0,20002.0,100.0,0.0,15927.0,16427.0,500.0,0.0,20919.0,21419.0,500.0,0.0,470.0,-425.27
11/08/2019,0,23263.333333333332,57.21,17023.0,17523.0,500.0,0.0,19902.0,20002.0,100.0,0.0,15927.0,16427.0,500.0,0.0,20919.0,21419.0,500.0,0.0,470.0,-425.27
12/08/2019,0,23265.0,57.13,17023.0,17523.0,500.0,0.0,19902.0,20002.0,100.0,0.0,15927.0,16427.0,500.0,0.0,20919.0,21419.0,500.0,0.0,470.0,-425.27
13/08/2019,0,23265.0,59.9,17023.0,17523.0,500.0,0.0,19902.0,20002.0,100.0,0.0,15927.0,16427.0,500.0,0.0,20919.0,21419.0,500.0,0.0,470.0,-425.27
14/08/2019,0,23270.0,57.86,17023.0,17523.0,500.0,0.0,19902.0,20002.0,100.0,0.0,15927.0,16427.0,500.0,0.0,20919.0,21419.0,500.0,0.0,470.0,-425.27
15/08/2019,0,23270.0,57.37,17023.0,17523.0,500.0,0.0,19902.0,20002.0,100.0,0.0,15927.0,16427.0,500.0,0.0,20919.0,21419.0,500.0,0.0,470.0,-425.27
16/08/2019,1,23268.88888888889,59.0,16504.0,17004.0,500.0,0.0,19358.0,19458.0,100.0,0.0,14072.0,14572.0,500.0,0.0,20405.0,20905.0,500.0,0.0,629.0,-383.88
17/08/2019,0,23267.777777777777,59.263333333333335,16504.0,17004.0,500.0,0.0,19358.0,19458.0,100.0,0.0,14072.0,14572.0,500.0,0.0,20405.0,20905.0,500.0,0.0,629.0,-383.88
18/08/2019,0,23266.666666666668,59.526666666666664,16504.0,17004.0,500.0,0.0,19358.0,19458.0,100.0,0.0,14072.0,14572.0,500.0,0.0,20405.0,20905.0,500.0,0.0,629.0,-383.88
19/08/2019,0,23265.555555555555,59.79,16504.0,17004.0,500.0,0.0,19358.0,19458.0,100.0,0.0,14072.0,14572.0,500.0,0.0,20405.0,20905.0,500.0,0.0,629.0,-383.88
20/08/2019,0,23264.444444444445,59.03,16504.0,17004.0,500.0,0.0,19358.0,19458.0,100.0,0.0,14072.0,14572.0,500.0,0.0,20405.0,20905.0,500.0,0.0,629.0,-383.88
21/08/2019,0,23263.333333333332,60.6,16504.0,17004.0,500.0,0.0,19358.0,19458.0,100.0,0.0,14072.0,14572.0,500.0,0.0,20405.0,20905.0,500.0,0.0,629.0,-383.88
22/08/2019,0,23262.222222222223,59.81,16504.0,17004.0,500.0,0.0,19358.0,19458.0,100.0,0.0,14072.0,14572.0,500.0,0.0,20405.0,20905.0,500.0,0.0,629.0,-383.88
23/08/2019,0,23261.11111111111,58.64,16504.0,17004.0,500.0,0.0,19358.0,19458.0,100.0,0.0,14072.0,14572.0,500.0,0.0,20405.0,20905.0,500.0,0.0,629.0,-383.88
24/08/2019,0,23260.0,58.64,16504.0,17004.0,500.0,0.0,19358.0,19458.0,100.0,0.0,14072.0,14572.0,500.0,0.0,20405.0,20905.0,500.0,0.0,629.0,-383.88
25/08/2019,0,23258.88888888889,58.64,16504.0,17004.0,500.0,0.0,19358.0,19458.0,100.0,0.0,14072.0,14572.0,500.0,0.0,20405.0,20905.0,500.0,0.0,629.0,-383.88
26/08/2019,0,23257.777777777777,58.64,16504.0,17004.0,500.0,0.0,19358.0,19458.0,100.0,0.0,14072.0,14572.0,500.0,0.0,20405.0,20905.0,500.0,0.0,629.0,-383.88
27/08/2019,0,23256.666666666668,58.44,16504.0,17004.0,500.0,0.0,19358.0,19458.0,100.0,0.0,14072.0,14572.0,500.0,0.0,20405.0,20905.0,500.0,0.0,629.0,-383.88
28/08/2019,0,23255.555555555555,60.42,16504.0,17004.0,500.0,0.0,19358.0,19458.0,100.0,0.0,14072.0,14572.0,500.0,0.0,20405.0,20905.0,500.0,0.0,629.0,-383.88
29/08/2019,0,23254.444444444445,60.59,16504.0,17004.0,500.0,0.0,19358.0,19458.0,100.0,0.0,14072.0,14572.0,500.0,0.0,20405.0,20905.0,500.0,0.0,629.0,-383.88
30/08/2019,0,23253.333333333332,61.04,16504.0,17004.0,500.0,0.0,19358.0,19458.0,100.0,0.0,14072.0,14572.0,500.0,0.0,20405.0,20905.0,500.0,0.0,629.0,-383.88
31/08/2019,0,23252.222222222223,60.21,16504.0,17004.0,500.0,0.0,19358.0,19458.0,100.0,0.0,14072.0,14572.0,500.0,0.0,20405.0,20905.0,500.0,0.0,820.0,-339.57
01/09/2019,0,23251.11111111111,59.379999999999995,16504.0,17004.0,500.0,0.0,19358.0,19458.0,100.0,0.0,14072.0,14572.0,500.0,0.0,20405.0,20905.0,500.0,0.0,820.0,-339.57
02/09/2019,0,23250.0,58.55,16504.0,17004.0,500.0,0.0,19358.0,19458.0,100.0,0.0,14072.0,14572.0,500.0,0.0,20405.0,20905.0,500.0,0.0,820.0,-339.57
03/09/2019,0,23255.0,57.93,16504.0,17004.0,500.0,0.0,19358.0,19458.0,100.0,0.0,14072.0,14572.0,500.0,0.0,20405.0,20905.0,500.0,0.0,820.0,-339.57
04/09/2019,0,23255.0,60.68,16504.0,17004.0,500.0,0.0,19358.0,19458.0,100.0,0.0,14072.0,14572.0,500.0,0.0,20405.0,20905.0,500.0,0.0,820.0,-339.57
05/09/2019,0,23260.0,62.7,16504.0,17004.0,500.0,0.0,19358.0,19458.0,100.0,0.0,14072.0,14572.0,500.0,0.0,20405.0,20905.0,500.0,0.0,820.0,-339.57
06/09/2019,0,23260.0,61.28,16504.0,17004.0,500.0,0.0,19358.0,19458.0,100.0,0.0,14072.0,14572.0,500.0,0.0,20405.0,20905.0,500.0,0.0,820.0,-339.57
07/09/2019,0,23260.0,62.18333333333334,16504.0,17004.0,500.0,0.0,19358.0,19458.0,100.0,0.0,14072.0,14572.0,500.0,0.0,20405.0,20905.0,500.0,0.0,820.0,-339.57
08/09/2019,0,23260.0,63.086666666666666,16504.0,17004.0,500.0,0.0,19358.0,19458.0,100.0,0.0,14072.0,14572.0,500.0,0.0,20405.0,20905.0,500.0,0.0,820.0,-339.57
09/09/2019,0,23260.0,63.99,16504.0,17004.0,500.0,0.0,19358.0,19458.0,100.0,0.0,14072.0,14572.0,500.0,0.0,20405.0,20905.0,500.0,0.0,820.0,-339.57
10/09/2019,0,23260.0,64.67,16504.0,17004.0,500.0,0.0,19358.0,19458.0,100.0,0.0,14072.0,14572.0,500.0,0.0,20405.0,20905.0,500.0,0.0,820.0,-339.57
11/09/2019,0,23260.0,63.02,16504.0,17004.0,500.0,0.0,19358.0,19458.0,100.0,0.0,14072.0,14572.0,500.0,0.0,20405.0,20905.0,500.0,0.0,820.0,-339.57
12/09/2019,0,23260.0,60.76,16504.0,17004.0,500.0,0.0,19358.0,19458.0,100.0,0.0,14072.0,14572.0,500.0,0.0,20405.0,20905.0,500.0,0.0,820.0,-339.57
13/09/2019,0,23275.0,61.25,16504.0,17004.0,500.0,0.0,19358.0,19458.0,100.0,0.0,14072.0,14572.0,500.0,0.0,20405.0,20905.0,500.0,0.0,820.0,-339.57
14/09/2019,0,23274.722222222223,63.64,16504.0,17004.0,500.0,0.0,19358.0,19458.0,100.0,0.0,14072.0,14572.0,500.0,0.0,20405.0,20905.0,500.0,0.0,820.0,-339.57
15/09/2019,0,23274.444444444445,66.03,16504.0,17004.0,500.0,0.0,19358.0,19458.0,100.0,0.0,14072.0,14572.0,500.0,0.0,20405.0,20905.0,500.0,0.0,820.0,-339.57
16/09/2019,1,23274.166666666668,68.42,16200.0,16600.0,400.0,0.0,19114.0,19214.0,100.0,0.0,14090.0,14490.0,400.0,0.0,20143.0,20543.0,400.0,0.0,970.0,-289.35
17/09/2019,0,23273.88888888889,65.59,16200.0,16600.0,400.0,0.0,19114.0,19214.0,100.0,0.0,14090.0,14490.0,400.0,0.0,20143.0,20543.0,400.0,0.0,970.0,-289.35
18/09/2019,0,23273.61111111111,64.29,16200.0,16600.0,400.0,0.0,19114.0,19214.0,100.0,0.0,14090.0,14490.0,400.0,0.0,20143.0,20543.0,400.0,0.0,970.0,-289.35
19/09/2019,0,23273.333333333332,64.25,16200.0,16600.0,400.0,0.0,19114.0,19214.0,100.0,0.0,14090.0,14490.0,400.0,0.0,20143.0,20543.0,400.0,0.0,970.0,-289.35
20/09/2019,0,23273.055555555555,65.23,16200.0,16600.0,400.0,0.0,19114.0,19214.0,100.0,0.0,14090.0,14490.0,400.0,0.0,20143.0,20543.0,400.0,0.0,970.0,-289.35
21/09/2019,0,23272.777777777777,65.04,16200.0,16600.0,400.0,0.0,19114.0,19214.0,100.0,0.0,14090.0,14490.0,400.0,0.0,20143.0,20543.0,400.0,0.0,970.0,-289.35
22/09/2019,0,23272.5,64.85,16200.0,16600.0,400.0,0.0,19114.0,19214.0,100.0,0.0,14090.0,14490.0,400.0,0.0,20143.0,20543.0,400.0,0.0,970.0,-289.35
23/09/2019,0,23272.222222222223,64.66,16200.0,16600.0,400.0,0.0,19114.0,19214.0,100.0,0.0,14090.0,14490.0,400.0,0.0,20143.0,20543.0,400.0,0.0,970.0,-289.35
24/09/2019,0,23271.944444444445,64.13,16200.0,16600.0,400.0,0.0,19114.0,19214.0,100.0,0.0,14090.0,14490.0,400.0,0.0,20143.0,20543.0,400.0,0.0,970.0,-289.35
25/09/2019,0,23271.666666666668,62.41,16200.0,16600.0,400.0,0.0,19114.0,19214.0,100.0,0.0,14090.0,14490.0,400.0,0.0,20143.0,20543.0,400.0,0.0,970.0,-289.35
26/09/2019,0,23271.38888888889,62.08,16200.0,16600.0,400.0,0.0,19114.0,19214.0,100.0,0.0,14090.0,14490.0,400.0,0.0,20143.0,20543.0,400.0,0.0,970.0,-289.35
27/09/2019,0,23271.11111111111,62.48,16200.0,16600.0,400.0,0.0,19114.0,19214.0,100.0,0.0,14090.0,14490.0,400.0,0.0,20143.0,20543.0,400.0,0.0,970.0,-289.35
28/09/2019,0,23270.833333333332,61.983333333333334,16200.0,16600.0,400.0,0.0,19114.0,19214.0,100.0,0.0,14090.0,14490.0,400.0,0.0,20143.0,20543.0,400.0,0.0,970.0,-289.35
29/09/2019,0,23270.555555555555,61.486666666666665,16200.0,16600.0,400.0,0.0,19114.0,19214.0,100.0,0.0,14090.0,14490.0,400.0,0.0,20143.0,20543.0,400.0,0.0,970.0,-289.35
30/09/2019,0,23270.277777777777,60.99,16200.0,16600.0,400.0,0.0,19114.0,19214.0,100.0,0.0,14090.0,14490.0,400.0,0.0,20143.0,20543.0,400.0,0.0,970.0,-289.35
01/10/2019,0,23270.0,60.06,16200.0,16600.0,400.0,0.0,19114.0,19214.0,100.0,0.0,14090.0,14490.0,400.0,0.0,20143.0,20543.0,400.0,0.0,1121.0,-255.77
02/10/2019,0,23260.0,57.92,16200.0,16600.0,400.0,0.0,19114.0,19214.0,100.0,0.0,14090.0,14490.0,400.0,0.0,20143.0,20543.0,400.0,0.0,1121.0,-255.77
03/10/2019,0,23260.0,58.01,16200.0,16600.0,400.0,0.0,19114.0,19214.0,100.0,0.0,14090.0,14490.0,400.0,0.0,20143.0,20543.0,400.0,0.0,1121.0,-255.77
04/10/2019,0,23260.0,59.13,16200.0,16600.0,400.0,0.0,19114.0,19214.0,100.0,0.0,14090.0,14490.0,400.0,0.0,20143.0,20543.0,400.0,0.0,1121.0,-255.77
05/10/2019,0,23261.666666666668,59.24,16200.0,16600.0,400.0,0.0,19114.0,19214.0,100.0,0.0,14090.0,14490.0,400.0,0.0,20143.0,20543.0,400.0,0.0,1121.0,-255.77
06/10/2019,0,23263.333333333332,59.35,16200.0,16600.0,400.0,0.0,19114.0,19214.0,100.0,0.0,14090.0,14490.0,400.0,0.0,20143.0,20543.0,400.0,0.0,1121.0,-255.77
07/10/2019,0,23265.0,59.46,16200.0,16600.0,400.0,0.0,19114.0,19214.0,100.0,0.0,14090.0,14490.0,400.0,0.0,20143.0,20543.0,400.0,0.0,1121.0,-255.77
08/10/2019,0,23260.0,58.14,16200.0,16600.0,400.0,0.0,19114.0,19214.0,100.0,0.0,14090.0,14490.0,400.0,0.0,20143.0,20543.0,400.0,0.0,1121.0,-255.77
09/10/2019,0,23260.0,59.7,16200.0,16600.0,400.0,0.0,19114.0,19214.0,100.0,0.0,14090.0,14490.0,400.0,0.0,20143.0,20543.0,400.0,0.0,1121.0,-255.77
10/10/2019,0,23260.0,59.08,16200.0,16600.0,400.0,0.0,19114.0,19214.0,100.0,0.0,14090.0,14490.0,400.0,0.0,20143.0,20543.0,400.0,0.0,1121.0,-255.77
11/10/2019,0,23260.0,60.59,16200.0,16600.0,400.0,0.0,19114.0,19214.0,100.0,0.0,14090.0,14490.0,400.0,0.0,20143.0,20543.0,400.0,0.0,1121.0,-255.77
12/10/2019,0,23261.666666666668,59.99666666666667,16200.0,16600.0,400.0,0.0,19114.0,19214.0,100.0,0.0,14090.0,14490.0,400.0,0.0,20143.0,20543.0,400.0,0.0,1121.0,-255.77
13/10/2019,0,23263.333333333332,59.403333333333336,16200.0,16600.0,400.0,0.0,19114.0,19214.0,100.0,0.0,14090.0,14490.0,400.0,0.0,20143.0,20543.0,400.0,0.0,1121.0,-255.77
14/10/2019,0,23265.0,58.81,16200.0,16600.0,400.0,0.0,19114.0,19214.0,100.0,0.0,14090.0,14490.0,400.0,0.0,20143.0,20543.0,400.0,0.0,1121.0,-255.77
15/10/2019,0,23265.0,59.19,16200.0,16600.0,400.0,0.0,19114.0,19214.0,100.0,0.0,14090.0,14490.0,400.0,0.0,20143.0,20543.0,400.0,0.0,1121.0,-255.77
16/10/2019,1,23260.0,59.3,16223.0,16523.0,300.0,0.0,19470.0,19570.0,100.0,0.0,12816.0,13716.0,900.0,0.0,20995.0,21095.0,300.0,200.0,1090.0,-257.64
17/10/2019,0,23265.0,59.35,16223.0,16523.0,300.0,0.0,19470.0,19570.0,100.0,0.0,12816.0,13716.0,900.0,0.0,20995.0,21095.0,300.0,200.0,1090.0,-257.64
18/10/2019,0,23265.0,59.96,16223.0,16523.0,300.0,0.0,19470.0,19570.0,100.0,0.0,12816.0,13716.0,900.0,0.0,20995.0,21095.0,300.0,200.0,1090.0,-257.64
19/10/2019,0,23266.666666666668,59.623333333333335,16223.0,16523.0,300.0,0.0,19470.0,19570.0,100.0,0.0,12816.0,13716.0,900.0,0.0,20995.0,21095.0,300.0,200.0,1090.0,-257.64
20/10/2019,0,23268.333333333332,59.28666666666667,16223.0,16523.0,300.0,0.0,19470.0,19570.0,100.0,0.0,12816.0,13716.0,900.0,0.0,20995.0,21095.0,300.0,200.0,1090.0,-257.64
21/10/2019,0,23270.0,58.95,16223.0,16523.0,300.0,0.0,19470.0,19570.0,100.0,0.0,12816.0,13716.0,900.0,0.0,20995.0,21095.0,300.0,200.0,1090.0,-257.64
22/10/2019,0,23265.0,60.5,16223.0,16523.0,300.0,0.0,19470.0,19570.0,100.0,0.0,12816.0,13716.0,900.0,0.0,20995.0,21095.0,300.0,200.0,1090.0,-257.64
23/10/2019,0,23265.0,60.52,16223.0,16523.0,300.0,0.0,19470.0,19570.0,100.0,0.0,12816.0,13716.0,900.0,0.0,20995.0,21095.0,300.0,200.0,1090.0,-257.64
24/10/2019,0,23265.0,61.71,16223.0,16523.0,300.0,0.0,19470.0,19570.0,100.0,0.0,12816.0,13716.0,900.0,0.0,20995.0,21095.0,300.0,200.0,1090.0,-257.64
25/10/2019,0,23265.0,62.06,16223.0,16523.0,300.0,0.0,19470.0,19570.0,100.0,0.0,12816.0,13716.0,900.0,0.0,20995.0,21095.0,300.0,200.0,1090.0,-257.64
26/10/2019,0,23265.0,61.50333333333334,16223.0,16523.0,300.0,0.0,19470.0,19570.0,100.0,0.0,12816.0,13716.0,900.0,0.0,20995.0,21095.0,300.0,200.0,1090.0,-257.64
27/10/2019,0,23265.0,60.946666666666665,16223.0,16523.0,300.0,0.0,19470.0,19570.0,100.0,0.0,12816.0,13716.0,900.0,0.0,20995.0,21095.0,300.0,200.0,1090.0,-257.64
28/10/2019,0,23265.0,60.39,16223.0,16523.0,300.0,0.0,19470.0,19570.0,100.0,0.0,12816.0,13716.0,900.0,0.0,20995.0,21095.0,300.0,200.0,1090.0,-257.64
29/10/2019,0,23265.0,61.05,16223.0,16523.0,300.0,0.0,19470.0,19570.0,100.0,0.0,12816.0,13716.0,900.0,0.0,20995.0,21095.0,300.0,200.0,1090.0,-257.64
30/10/2019,0,23265.0,60.22,16223.0,16523.0,300.0,0.0,19470.0,19570.0,100.0,0.0,12816.0,13716.0,900.0,0.0,20995.0,21095.0,300.0,200.0,1090.0,-257.64
31/10/2019,1,23270.0,59.3,16057.0,16157.0,100.0,0.0,19252.0,19352.0,100.0,0.0,12517.0,13217.0,700.0,0.0,20445.0,20745.0,300.0,0.0,1185.0,-239.89
01/11/2019,0,23265.0,60.17,16057.0,16157.0,100.0,0.0,19252.0,19352.0,100.0,0.0,12517.0,13217.0,700.0,0.0,20445.0,20745.0,300.0,0.0,1185.0,-239.89
02/11/2019,0,23265.0,60.95333333333333,16057.0,16157.0,100.0,0.0,19252.0,19352.0,100.0,0.0,12517.0,13217.0,700.0,0.0,20445.0,20745.0,300.0,0.0,1185.0,-239.89
03/11/2019,0,23265.0,61.73666666666667,16057.0,16157.0,100.0,0.0,19252.0,19352.0,100.0,0.0,12517.0,13217.0,700.0,0.0,20445.0,20745.0,300.0,0.0,1185.0,-239.89
04/11/2019,0,23265.0,62.52,16057.0,16157.0,100.0,0.0,19252.0,19352.0,100.0,0.0,12517.0,13217.0,700.0,0.0,20445.0,20745.0,300.0,0.0,1185.0,-239.89
05/11/2019,0,23260.0,62.72,16057.0,16157.0,100.0,0.0,19252.0,19352.0,100.0,0.0,12517.0,13217.0,700.0,0.0,20445.0,20745.0,300.0,0.0,1185.0,-239.89
06/11/2019,0,23260.0,62.11,16057.0,16157.0,100.0,0.0,19252.0,19352.0,100.0,0.0,12517.0,13217.0,700.0,0.0,20445.0,20745.0,300.0,0.0,1185.0,-239.89
07/11/2019,0,23260.0,62.6,16057.0,16157.0,100.0,0.0,19252.0,19352.0,100.0,0.0,12517.0,13217.0,700.0,0.0,20445.0,20745.0,300.0,0.0,1185.0,-239.89
08/11/2019,0,23260.0,62.0,16057.0,16157.0,100.0,0.0,19252.0,19352.0,100.0,0.0,12517.0,13217.0,700.0,0.0,20445.0,20745.0,300.0,0.0,1185.0,-239.89
09/11/2019,0,23260.0,62.193333333333335,16057.0,16157.0,100.0,0.0,19252.0,19352.0,100.0,0.0,12517.0,13217.0,700.0,0.0,20445.0,20745.0,300.0,0.0,1185.0,-239.89
10/11/2019,0,23260.0,62.38666666666666,16057.0,16157.0,100.0,0.0,19252.0,19352.0,100.0,0.0,12517.0,13217.0,700.0,0.0,20445.0,20745.0,300.0,0.0,1185.0,-239.89
11/11/2019,0,23260.0,62.58,16057.0,16157.0,100.0,0.0,19252.0,19352.0,100.0,0.0,12517.0,13217.0,700.0,0.0,20445.0,20745.0,300.0,0.0,1185.0,-239.89
12/11/2019,0,23260.0,62.19,16057.0,16157.0,100.0,0.0,19252.0,19352.0,100.0,0.0,12517.0,13217.0,700.0,0.0,20445.0,20745.0,300.0,0.0,1185.0,-239.89
13/11/2019,0,23260.0,62.27,16057.0,16157.0,100.0,0.0,19252.0,19352.0,100.0,0.0,12517.0,13217.0,700.0,0.0,20445.0,20745.0,300.0,0.0,1185.0,-239.89
14/11/2019,0,23260.0,62.46,16057.0,16157.0,100.0,0.0,19252.0,19352.0,100.0,0.0,12517.0,13217.0,700.0,0.0,20445.0,20745.0,300.0,0.0,1185.0,-239.89
15/11/2019,1,23260.0,63.32,15963.0,16063.0,100.0,0.0,19757.0,19607.0,100.0,250.0,11942.0,12842.0,900.0,0.0,21046.0,21096.0,300.0,250.0,1259.0,-226.02
16/11/2019,0,23261.666666666668,63.153333333333336,15963.0,16063.0,100.0,0.0,19757.0,19607.0,100.0,250.0,11942.0,12842.0,900.0,0.0,21046.0,21096.0,300.0,250.0,1259.0,-226.02
17/11/2019,0,23263.333333333332,62.986666666666665,15963.0,16063.0,100.0,0.0,19757.0,19607.0,100.0,250.0,11942.0,12842.0,900.0,0.0,21046.0,21096.0,300.0,250.0,1259.0,-226.02
18/11/2019,0,23265.0,62.82,15963.0,16063.0,100.0,0.0,19757.0,19607.0,100.0,250.0,11942.0,12842.0,900.0,0.0,21046.0,21096.0,300.0,250.0,1259.0,-226.02
19/11/2019,0,23265.0,62.37,15963.0,16063.0,100.0,0.0,19757.0,19607.0,100.0,250.0,11942.0,12842.0,900.0,0.0,21046.0,21096.0,300.0,250.0,1259.0,-226.02
20/11/2019,0,23260.0,63.8,15963.0,16063.0,100.0,0.0,19757.0,19607.0,100.0,250.0,11942.0,12842.0,900.0,0.0,21046.0,21096.0,300.0,250.0,1259.0,-226.02
21/11/2019,0,23260.0,64.99,15963.0,16063.0,100.0,0.0,19757.0,19607.0,100.0,250.0,11942.0,12842.0,900.0,0.0,21046.0,21096.0,300.0,250.0,1259.0,-226.02
22/11/2019,0,23260.0,64.83,15963.0,16063.0,100.0,0.0,19757.0,19607.0,100.0,250.0,11942.0,12842.0,900.0,0.0,21046.0,21096.0,300.0,250.0,1259.0,-226.02
23/11/2019,0,23260.0,64.77666666666667,15963.0,16063.0,100.0,0.0,19757.0,19607.0,100.0,250.0,11942.0,12842.0,900.0,0.0,21046.0,21096.0,300.0,250.0,1259.0,-226.02
24/11/2019,0,23260.0,64.72333333333333,15963.0,16063.0,100.0,0.0,19757.0,19607.0,100.0,250.0,11942.0,12842.0,900.0,0.0,21046.0,21096.0,300.0,250.0,1259.0,-226.02
25/11/2019,0,23260.0,64.67,15963.0,16063.0,100.0,0.0,19757.0,19607.0,100.0,250.0,11942.0,12842.0,900.0,0.0,21046.0,21096.0,300.0,250.0,1259.0,-226.02
26/11/2019,0,23260.0,64.82,15963.0,16063.0,100.0,0.0,19757.0,19607.0,100.0,250.0,11942.0,12842.0,900.0,0.0,21046.0,21096.0,300.0,250.0,1259.0,-226.02
27/11/2019,0,23260.0,65.03,15963.0,16063.0,100.0,0.0,19757.0,19607.0,100.0,250.0,11942.0,12842.0,900.0,0.0,21046.0,21096.0,300.0,250.0,1259.0,-226.02
28/11/2019,0,23260.0,64.68,15963.0,16063.0,100.0,0.0,19757.0,19607.0,100.0,250.0,11942.0,12842.0,900.0,0.0,21046.0,21096.0,300.0,250.0,1259.0,-226.02
29/11/2019,0,23245.0,64.5,15963.0,16063.0,100.0,0.0,19757.0,19607.0,100.0,250.0,11942.0,12842.0,900.0,0.0,21046.0,21096.0,300.0,250.0,1259.0,-226.02
30/11/2019,1,23243.333333333332,64.06666666666666,15988.0,16088.0,100.0,0.0,20019.0,19919.0,100.0,200.0,11188.0,12238.0,1050.0,0.0,21079.0,21379.0,300.0,0.0,1280.0,-223.52
01/12/2019,0,23241.666666666668,63.63333333333333,15988.0,16088.0,100.0,0.0,20019.0,19919.0,100.0,200.0,11188.0,12238.0,1050.0,0.0,21079.0,21379.0,300.0,0.0,1280.0,-223.52
02/12/2019,0,23240.0,63.2,15988.0,16088.0,100.0,0.0,20019.0,19919.0,100.0,200.0,11188.0,12238.0,1050.0,0.0,21079.0,21379.0,300.0,0.0,1280.0,-223.52
03/12/2019,0,23240.0,62.95,15988.0,16088.0,100.0,0.0,20019.0,19919.0,100.0,200.0,11188.0,12238.0,1050.0,0.0,21079.0,21379.0,300.0,0.0,1280.0,-223.52
04/12/2019,0,23240.0,65.25,15988.0,16088.0,100.0,0.0,20019.0,19919.0,100.0,200.0,11188.0,12238.0,1050.0,0.0,21079.0,21379.0,300.0,0.0,1280.0,-223.52
05/12/2019,0,23240.0,65.67,15988.0,16088.0,100.0,0.0,20019.0,19919.0,100.0,200.0,11188.0,12238.0,1050.0,0.0,21079.0,21379.0,300.0,0.0,1280.0,-223.52
06/12/2019,0,23240.0,66.5,15988.0,16088.0,100.0,0.0,20019.0,19919.0,100.0,200.0,11188.0,12238.0,1050.0,0.0,21079.0,21379.0,300.0,0.0,1280.0,-223.52
07/12/2019,0,23240.0,66.48,15988.0,16088.0,100.0,0.0,20019.0,19919.0,100.0,200.0,11188.0,12238.0,1050.0,0.0,21079.0,21379.0,300.0,0.0,1280.0,-223.52
08/12/2019,0,23240.0,66.46,15988.0,16088.0,100.0,0.0,20019.0,19919.0,100.0,200.0,11188.0,12238.0,1050.0,0.0,21079.0,21379.0,300.0,0.0,1280.0,-223.52
09/12/2019,0,23240.0,66.44,15988.0,16088.0,100.0,0.0,20019.0,19919.0,100.0,200.0,11188.0,12238.0,1050.0,0.0,21079.0,21379.0,300.0,0.0,1280.0,-223.52
10/12/2019,0,23240.0,66.57,15988.0,16088.0,100.0,0.0,20019.0,19919.0,100.0,200.0,11188.0,12238.0,1050.0,0.0,21079.0,21379.0,300.0,0.0,1280.0,-223.52
11/12/2019,0,23235.0,65.37,15988.0,16088.0,100.0,0.0,20019.0,19919.0,100.0,200.0,11188.0,12238.0,1050.0,0.0,21079.0,21379.0,300.0,0.0,1280.0,-223.52
12/12/2019,0,23230.0,66.67,15988.0,16088.0,100.0,0.0,20019.0,19919.0,100.0,200.0,11188.0,12238.0,1050.0,0.0,21079.0,21379.0,300.0,0.0,1280.0,-223.52
13/12/2019,0,23230.0,67.44,15988.0,16088.0,100.0,0.0,20019.0,19919.0,100.0,200.0,11188.0,12238.0,1050.0,0.0,21079.0,21379.0,300.0,0.0,1280.0,-223.52
14/12/2019,0,23231.666666666668,67.64,15988.0,16088.0,100.0,0.0,20019.0,19919.0,100.0,200.0,11188.0,12238.0,1050.0,0.0,21079.0,21379.0,300.0,0.0,1280.0,-223.52
15/12/2019,0,23233.333333333332,67.84,15988.0,16088.0,100.0,0.0,20019.0,19919.0,100.0,200.0,11188.0,12238.0,1050.0,0.0,21079.0,21379.0,300.0,0.0,1280.0,-223.52
16/12/2019,1,23235.0,68.04,16063.0,16163.0,100.0,0.0,19829.0,19829.0,100.0,100.0,11358.0,12158.0,800.0,0.0,20886.0,21286.0,400.0,0.0,1340.0,-210.7
17/12/2019,0,23230.0,68.99,16063.0,16163.0,100.0,0.0,19829.0,19829.0,100.0,100.0,11358.0,12158.0,800.0,0.0,20886.0,21286.0,400.0,0.0,1340.0,-210.7
18/12/2019,0,23230.0,69.12,16063.0,16163.0,100.0,0.0,19829.0,19829.0,100.0,100.0,11358.0,12158.0,800.0,0.0,20886.0,21286.0,400.0,0.0,1340.0,-210.7
19/12/2019,0,23230.0,69.7,16063.0,16163.0,100.0,0.0,19829.0,19829.0,100.0,100.0,11358.0,12158.0,800.0,0.0,20886.0,21286.0,400.0,0.0,1340.0,-210.7
20/12/2019,0,23230.0,68.66,16063.0,16163.0,100.0,0.0,19829.0,19829.0,100.0,100.0,11358.0,12158.0,800.0,0.0,20886.0,21286.0,400.0,0.0,1340.0,-210.7
21/12/2019,0,23230.0,68.27,16063.0,16163.0,100.0,0.0,19829.0,19829.0,100.0,100.0,11358.0,12158.0,800.0,0.0,20886.0,21286.0,400.0,0.0,1340.0,-210.7
22/12/2019,0,23230.0,67.88,16063.0,16163.0,100.0,0.0,19829.0,19829.0,100.0,100.0,11358.0,12158.0,800.0,0.0,20886.0,21286.0,400.0,0.0,1340.0,-210.7
23/12/2019,0,23230.0,67.49,16063.0,16163.0,100.0,0.0,19829.0,19829.0,100.0,100.0,11358.0,12158.0,800.0,0.0,20886.0,21286.0,400.0,0.0,1340.0,-210.7
24/12/2019,0,23230.0,69.26,16063.0,16163.0,100.0,0.0,19829.0,19829.0,100.0,100.0,11358.0,12158.0,800.0,0.0,20886.0,21286.0,400.0,0.0,1340.0,-210.7
25/12/2019,0,23230.0,69.26,16063.0,16163.0,100.0,0.0,19829.0,19829.0,100.0,100.0,11358.0,12158.0,800.0,0.0,20886.0,21286.0,400.0,0.0,1340.0,-210.7
26/12/2019,0,23230.0,69.26,16063.0,16163.0,100.0,0.0,19829.0,19829.0,100.0,100.0,11358.0,12158.0,800.0,0.0,20886.0,21286.0,400.0,0.0,1340.0,-210.7
27/12/2019,0,23230.0,68.91,16063.0,16163.0,100.0,0.0,19829.0,19829.0,100.0,100.0,11358.0,12158.0,800.0,0.0,20886.0,21286.0,400.0,0.0,1340.0,-210.7
28/12/2019,0,23230.0,68.70666666666666,16063.0,16163.0,100.0,0.0,19829.0,19829.0,100.0,100.0,11358.0,12158.0,800.0,0.0,20886.0,21286.0,400.0,0.0,1340.0,-210.7
29/12/2019,0,23230.0,68.50333333333333,16063.0,16163.0,100.0,0.0,19829.0,19829.0,100.0,100.0,11358.0,12158.0,800.0,0.0,20886.0,21286.0,400.0,0.0,1340.0,-210.7
30/12/2019,0,23230.0,68.3,16063.0,16163.0,100.0,0.0,19829.0,19829.0,100.0,100.0,11358.0,12158.0,800.0,0.0,20886.0,21286.0,400.0,0.0,1340.0,-210.7
31/12/2019,1,23230.0,67.77,16741.0,16691.0,100.0,150.0,20031.0,19981.0,100.0,150.0,11920.0,12220.0,300.0,0.0,20990.0,21390.0,400.0,0.0,1430.0,-198.58
01/01/2020,0,23230.0,67.41,16741.0,16691.0,100.0,150.0,20031.0,19981.0,100.0,150.0,11920.0,12220.0,300.0,0.0,20990.0,21390.0,400.0,0.0,1430.0,-198.58
02/01/2020,0,23230.0,67.05,16741.0,16691.0,100.0,150.0,20031.0,19981.0,100.0,150.0,11920.0,12220.0,300.0,0.0,20990.0,21390.0,400.0,0.0,1430.0,-198.58
03/01/2020,0,23230.0,69.08,16741.0,16691.0,100.0,150.0,20031.0,19981.0,100.0,150.0,11920.0,12220.0,300.0,0.0,20990.0,21390.0,400.0,0.0,1430.0,-198.58
04/01/2020,0,23230.0,69.47,16741.0,16691.0,100.0,150.0,20031.0,19981.0,100.0,150.0,11920.0,12220.0,300.0,0.0,20990.0,21390.0,400.0,0.0,1430.0,-198.58
05/01/2020,0,23230.0,69.86,16741.0,16691.0,100.0,150.0,20031.0,19981.0,100.0,150.0,11920.0,12220.0,300.0,0.0,20990.0,21390.0,400.0,0.0,1430.0,-198.58
06/01/2020,0,23230.0,70.25,16741.0,16691.0,100.0,150.0,20031.0,19981.0,100.0,150.0,11920.0,12220.0,300.0,0.0,20990.0,21390.0,400.0,0.0,1430.0,-198.58
07/01/2020,0,23235.0,68.74,16741.0,16691.0,100.0,150.0,20031.0,19981.0,100.0,150.0,11920.0,12220.0,300.0,0.0,20990.0,21390.0,400.0,0.0,1430.0,-198.58
08/01/2020,0,23235.0,67.31,16741.0,16691.0,100.0,150.0,20031.0,19981.0,100.0,150.0,11920.0,12220.0,300.0,0.0,20990.0,21390.0,400.0,0.0,1430.0,-198.58
09/01/2020,0,23230.0,66.58,16741.0,16691.0,100.0,150.0,20031.0,19981.0,100.0,150.0,11920.0,12220.0,300.0,0.0,20990.0,21390.0,400.0,0.0,1430.0,-198.58
10/01/2020,0,23230.0,66.77,16741.0,16691.0,100.0,150.0,20031.0,19981.0,100.0,150.0,11920.0,12220.0,300.0,0.0,20990.0,21390.0,400.0,0.0,1430.0,-198.58
11/01/2020,0,23230.0,65.89333333333333,16741.0,16691.0,100.0,150.0,20031.0,19981.0,100.0,150.0,11920.0,12220.0,300.0,0.0,20990.0,21390.0,400.0,0.0,1430.0,-198.58
12/01/2020,0,23230.0,65.01666666666667,16741.0,16691.0,100.0,150.0,20031.0,19981.0,100.0,150.0,11920.0,12220.0,300.0,0.0,20990.0,21390.0,400.0,0.0,1430.0,-198.58
13/01/2020,0,23230.0,64.14,16741.0,16691.0,100.0,150.0,20031.0,19981.0,100.0,150.0,11920.0,12220.0,300.0,0.0,20990.0,21390.0,400.0,0.0,1430.0,-198.58
14/01/2020,0,23235.0,64.45,16741.0,16691.0,100.0,150.0,20031.0,19981.0,100.0,150.0,11920.0,12220.0,300.0,0.0,20990.0,21390.0,400.0,0.0,1430.0,-198.58
15/01/2020,1,23235.625,63.29,16748.0,16648.0,100.0,200.0,20045.0,19945.0,100.0,200.0,12709.0,12709.0,0.0,0.0,20913.0,21313.0,400.0,0.0,1462.0,-190.56
16/01/2020,0,23236.25,64.63,16748.0,16648.0,100.0,200.0,20045.0,19945.0,100.0,200.0,12709.0,12709.0,0.0,0.0,20913.0,21313.0,400.0,0.0,1462.0,-190.56
17/01/2020,0,23236.875,64.05,16748.0,16648.0,100.0,200.0,20045.0,19945.0,100.0,200.0,12709.0,12709.0,0.0,0.0,20913.0,21313.0,400.0,0.0,1462.0,-190.56
18/01/2020,0,23237.5,64.24333333333333,16748.0,16648.0,100.0,200.0,20045.0,19945.0,100.0,200.0,12709.0,12709.0,0.0,0.0,20913.0,21313.0,400.0,0.0,1462.0,-190.56
19/01/2020,0,23238.125,64.43666666666667,16748.0,16648.0,100.0,200.0,20045.0,19945.0,100.0,200.0,12709.0,12709.0,0.0,0.0,20913.0,21313.0,400.0,0.0,1462.0,-190.56
20/01/2020,0,23238.75,64.63,16748.0,16648.0,100.0,200.0,20045.0,19945.0,100.0,200.0,12709.0,12709.0,0.0,0.0,20913.0,21313.0,400.0,0.0,1462.0,-190.56
21/01/2020,0,23239.375,63.66,16748.0,16648.0,100.0,200.0,20045.0,19945.0,100.0,200.0,12709.0,12709.0,0.0,0.0,20913.0,21313.0,400.0,0.0,1462.0,-190.56
22/01/2020,0,23240.0,62.11,16748.0,16648.0,100.0,200.0,20045.0,19945.0,100.0,200.0,12709.0,12709.0,0.0,0.0,20913.0,21313.0,400.0,0.0,1462.0,-190.56
23/01/2020,0,23240.625,61.26,16748.0,16648.0,100.0,200.0,20045.0,19945.0,100.0,200.0,12709.0,12709.0,0.0,0.0,20913.0,21313.0,400.0,0.0,1462.0,-190.56
24/01/2020,0,23241.25,59.34,16748.0,16648.0,100.0,200.0,20045.0,19945.0,100.0,200.0,12709.0,12709.0,0.0,0.0,20913.0,21313.0,400.0,0.0,1462.0,-190.56
25/01/2020,0,23241.875,59.07333333333334,16748.0,16648.0,100.0,200.0,20045.0,19945.0,100.0,200.0,12709.0,12709.0,0.0,0.0,20913.0,21313.0,400.0,0.0,1462.0,-190.56
26/01/2020,0,23242.5,58.806666666666665,16748.0,16648.0,100.0,200.0,20045.0,19945.0,100.0,200.0,12709.0,12709.0,0.0,0.0,20913.0,21313.0,400.0,0.0,1462.0,-190.56
27/01/2020,0,23243.125,58.54,16748.0,16648.0,100.0,200.0,20045.0,19945.0,100.0,200.0,12709.0,12709.0,0.0,0.0,20913.0,21313.0,400.0,0.0,1462.0,-190.56
28/01/2020,0,23243.75,59.37,16748.0,16648.0,100.0,200.0,20045.0,19945.0,100.0,200.0,12709.0,12709.0,0.0,0.0,20913.0,21313.0,400.0,0.0,1462.0,-190.56
29/01/2020,0,23244.375,59.46,16748.0,16648.0,100.0,200.0,20045.0,19945.0,100.0,200.0,12709.0,12709.0,0.0,0.0,20913.0,21313.0,400.0,0.0,1462.0,-190.56
30/01/2020,0,23245.0,57.72,16748.0,16648.0,100.0,200.0,20045.0,19945.0,100.0,200.0,12709.0,12709.0,0.0,0.0,20913.0,21313.0,400.0,0.0,1500.0,-187.77
31/01/2020,0,23305.0,57.77,16748.0,16648.0,100.0,200.0,20045.0,19945.0,100.0,200.0,12709.0,12709.0,0.0,0.0,20913.0,21313.0,400.0,0.0,1500.0,-187.77
01/02/2020,0,23305.0,56.513333333333335,16748.0,16648.0,100.0,200.0,20045.0,19945.0,100.0,200.0,12709.0,12709.0,0.0,0.0,20913.0,21313.0,400.0,0.0,1500.0,-187.77
02/02/2020,0,23305.0,55.25666666666667,16748.0,16648.0,100.0,200.0,20045.0,19945.0,100.0,200.0,12709.0,12709.0,0.0,0.0,20913.0,21313.0,400.0,0.0,1500.0,-187.77
03/02/2020,0,23340.0,54.0,16748.0,16648.0,100.0,200.0,20045.0,19945.0,100.0,200.0,12709.0,12709.0,0.0,0.0,20913.0,21313.0,400.0,0.0,1500.0,-187.77
04/02/2020,0,23310.0,53.9,16748.0,16648.0,100.0,200.0,20045.0,19945.0,100.0,200.0,12709.0,12709.0,0.0,0.0,20913.0,21313.0,400.0,0.0,1500.0,-187.77
05/02/2020,0,23300.0,55.36,16748.0,16648.0,100.0,200.0,20045.0,19945.0,100.0,200.0,12709.0,12709.0,0.0,0.0,20913.0,21313.0,400.0,0.0,1500.0,-187.77
06/02/2020,0,23300.0,55.18,16748.0,16648.0,100.0,200.0,20045.0,19945.0,100.0,200.0,12709.0,12709.0,0.0,0.0,20913.0,21313.0,400.0,0.0,1500.0,-187.77
07/02/2020,0,23310.0,54.53,16748.0,16648.0,100.0,200.0,20045.0,19945.0,100.0,200.0,12709.0,12709.0,0.0,0.0,20913.0,21313.0,400.0,0.0,1500.0,-187.77
08/02/2020,0,23310.0,54.15,16748.0,16648.0,100.0,200.0,20045.0,19945.0,100.0,200.0,12709.0,12709.0,0.0,0.0,20913.0,21313.0,400.0,0.0,1500.0,-187.77
09/02/2020,0,23310.0,53.77,16748.0,16648.0,100.0,200.0,20045.0,19945.0,100.0,200.0,12709.0,12709.0,0.0,0.0,20913.0,21313.0,400.0,0.0,1500.0,-187.77
10/02/2020,0,23335.0,53.39,16748.0,16648.0,100.0,200.0,20045.0,19945.0,100.0,200.0,12709.0,12709.0,0.0,0.0,20913.0,21313.0,400.0,0.0,1500.0,-187.77
11/02/2020,0,23320.0,54.0,16748.0,16648.0,100.0,200.0,20045.0,19945.0,100.0,200.0,12709.0,12709.0,0.0,0.0,20913.0,21313.0,400.0,0.0,1500.0,-187.77
12/02/2020,0,23310.0,55.54,16748.0,16648.0,100.0,200.0,20045.0,19945.0,100.0,200.0,12709.0,12709.0,0.0,0.0,20913.0,21313.0,400.0,0.0,1500.0,-187.77
13/02/2020,0,23305.0,56.34,16748.0,16648.0,100.0,200.0,20045.0,19945.0,100.0,200.0,12709.0,12709.0,0.0,0.0,20913.0,21313.0,400.0,0.0,1500.0,-187.77
14/02/2020,1,23315.0,57.37,15175.0,15875.0,700.0,0.0,18503.0,18603.0,100.0,0.0,11652.0,11852.0,200.0,0.0,19380.0,19980.0,600.0,0.0,1630.0,-127.09
15/02/2020,0,23315.0,57.52333333333333,15175.0,15875.0,700.0,0.0,18503.0,18603.0,100.0,0.0,11652.0,11852.0,200.0,0.0,19380.0,19980.0,600.0,0.0,1630.0,-127.09
16/02/2020,0,23315.0,57.67666666666666,15175.0,15875.0,700.0,0.0,18503.0,18603.0,100.0,0.0,11652.0,11852.0,200.0,0.0,19380.0,19980.0,600.0,0.0,1630.0,-127.09
17/02/2020,0,23305.0,57.83,15175.0,15875.0,700.0,0.0,18503.0,18603.0,100.0,0.0,11652.0,11852.0,200.0,0.0,19380.0,19980.0,600.0,0.0,1630.0,-127.09
18/02/2020,0,23305.0,57.35,15175.0,15875.0,700.0,0.0,18503.0,18603.0,100.0,0.0,11652.0,11852.0,200.0,0.0,19380.0,19980.0,600.0,0.0,1630.0,-127.09
19/02/2020,0,23310.0,59.72,15175.0,15875.0,700.0,0.0,18503.0,18603.0,100.0,0.0,11652.0,11852.0,200.0,0.0,19380.0,19980.0,600.0,0.0,1630.0,-127.09
20/02/2020,0,23310.0,59.57,15175.0,15875.0,700.0,0.0,18503.0,18603.0,100.0,0.0,11652.0,11852.0,200.0,0.0,19380.0,19980.0,600.0,0.0,1630.0,-127.09
21/02/2020,0,23315.0,58.6,15175.0,15875.0,700.0,0.0,18503.0,18603.0,100.0,0.0,11652.0,11852.0,200.0,0.0,19380.0,19980.0,600.0,0.0,1630.0,-127.09
22/02/2020,0,23315.0,57.97,15175.0,15875.0,700.0,0.0,18503.0,18603.0,100.0,0.0,11652.0,11852.0,200.0,0.0,19380.0,19980.0,600.0,0.0,1630.0,-127.09
23/02/2020,0,23315.0,57.34,15175.0,15875.0,700.0,0.0,18503.0,18603.0,100.0,0.0,11652.0,11852.0,200.0,0.0,19380.0,19980.0,600.0,0.0,1630.0,-127.09
24/02/2020,0,23350.0,56.71,15175.0,15875.0,700.0,0.0,18503.0,18603.0,100.0,0.0,11652.0,11852.0,200.0,0.0,19380.0,19980.0,600.0,0.0,1630.0,-127.09
25/02/2020,0,23325.0,55.29,15175.0,15875.0,700.0,0.0,18503.0,18603.0,100.0,0.0,11652.0,11852.0,200.0,0.0,19380.0,19980.0,600.0,0.0,1630.0,-127.09
26/02/2020,0,23315.0,54.96,15175.0,15875.0,700.0,0.0,18503.0,18603.0,100.0,0.0,11652.0,11852.0,200.0,0.0,19380.0,19980.0,600.0,0.0,1630.0,-127.09
27/02/2020,0,23310.0,52.19,15175.0,15875.0,700.0,0.0,18503.0,18603.0,100.0,0.0,11652.0,11852.0,200.0,0.0,19380.0,19980.0,600.0,0.0,1630.0,-127.09
28/02/2020,0,23310.0,51.31,15175.0,15875.0,700.0,0.0,18503.0,18603.0,100.0,0.0,11652.0,11852.0,200.0,0.0,19380.0,19980.0,600.0,0.0,1630.0,-127.09
29/02/2020,1,23310.0,51.71333333333334,14785.0,15485.0,700.0,0.0,18346.0,18446.0,100.0,0.0,11854.0,11854.0,100.0,100.0,19127.0,19627.0,500.0,0.0,1810.0,-110.72
01/03/2020,0,23310.0,52.11666666666667,14785.0,15485.0,700.0,0.0,18346.0,18446.0,100.0,0.0,11854.0,11854.0,100.0,100.0,19127.0,19627.0,500.0,0.0,1810.0,-110.72
02/03/2020,0,23310.0,52.52,14785.0,15485.0,700.0,0.0,18346.0,18446.0,100.0,0.0,11854.0,11854.0,100.0,100.0,19127.0,19627.0,500.0,0.0,1810.0,-110.72
03/03/2020,0,23290.0,52.24,14785.0,15485.0,700.0,0.0,18346.0,18446.0,100.0,0.0,11854.0,11854.0,100.0,100.0,19127.0,19627.0,500.0,0.0,1810.0,-110.72
04/03/2020,0,23285.0,51.86,14785.0,15485.0,700.0,0.0,18346.0,18446.0,100.0,0.0,11854.0,11854.0,100.0,100.0,19127.0,19627.0,500.0,0.0,1810.0,-110.72
05/03/2020,0,23285.0,51.29,14785.0,15485.0,700.0,0.0,18346.0,18446.0,100.0,0.0,11854.0,11854.0,100.0,100.0,19127.0,19627.0,500.0,0.0,1810.0,-110.72
06/03/2020,0,23270.0,45.6,14785.0,15485.0,700.0,0.0,18346.0,18446.0,100.0,0.0,11854.0,11854.0,100.0,100.0,19127.0,19627.0,500.0,0.0,1810.0,-110.72
07/03/2020,0,23270.0,42.17666666666667,14785.0,15485.0,700.0,0.0,18346.0,18446.0,100.0,0.0,11854.0,11854.0,100.0,100.0,19127.0,19627.0,500.0,0.0,1810.0,-110.72
08/03/2020,0,23270.0,38.75333333333333,14785.0,15485.0,700.0,0.0,18346.0,18446.0,100.0,0.0,11854.0,11854.0,100.0,100.0,19127.0,19627.0,500.0,0.0,1810.0,-110.72
09/03/2020,0,23250.0,35.33,14785.0,15485.0,700.0,0.0,18346.0,18446.0,100.0,0.0,11854.0,11854.0,100.0,100.0,19127.0,19627.0,500.0,0.0,1810.0,-110.72
10/03/2020,0,23250.0,35.57,14785.0,15485.0,700.0,0.0,18346.0,18446.0,100.0,0.0,11854.0,11854.0,100.0,100.0,19127.0,19627.0,500.0,0.0,1810.0,-110.72
11/03/2020,0,23250.0,34.45,14785.0,15485.0,700.0,0.0,18346.0,18446.0,100.0,0.0,11854.0,11854.0,100.0,100.0,19127.0,19627.0,500.0,0.0,1810.0,-110.72
12/03/2020,0,23265.0,31.02,14785.0,15485.0,700.0,0.0,18346.0,18446.0,100.0,0.0,11854.0,11854.0,100.0,100.0,19127.0,19627.0,500.0,0.0,1810.0,-110.72
13/03/2020,0,23290.0,32.25,14785.0,15485.0,700.0,0.0,18346.0,18446.0,100.0,0.0,11854.0,11854.0,100.0,100.0,19127.0,19627.0,500.0,0.0,1810.0,-110.72
14/03/2020,0,23290.0,30.826666666666668,14785.0,15485.0,700.0,0.0,18346.0,18446.0,100.0,0.0,11854.0,11854.0,100.0,100.0,19127.0,19627.0,500.0,0.0,1810.0,-110.72
15/03/2020,1,23290.0,29.403333333333332,13035.0,13835.0,800.0,0.0,16056.0,16256.0,200.0,0.0,10501.0,10601.0,100.0,0.0,16812.0,17612.0,800.0,0.0,2000.0,-28.74
16/03/2020,0,23310.0,27.98,13035.0,13835.0,800.0,0.0,16056.0,16256.0,200.0,0.0,10501.0,10601.0,100.0,0.0,16812.0,17612.0,800.0,0.0,2000.0,-28.74
17/03/2020,0,23310.0,27.97,13035.0,13835.0,800.0,0.0,16056.0,16256.0,200.0,0.0,10501.0,10601.0,100.0,0.0,16812.0,17612.0,800.0,0.0,2000.0,-28.74
18/03/2020,0,23370.0,22.79,13035.0,13835.0,800.0,0.0,16056.0,16256.0,200.0,0.0,10501.0,10601.0,100.0,0.0,16812.0,17612.0,800.0,0.0,2000.0,-28.74
19/03/2020,0,23495.0,23.98,13035.0,13835.0,800.0,0.0,16056.0,16256.0,200.0,0.0,10501.0,10601.0,100.0,0.0,16812.0,17612.0,800.0,0.0,2000.0,-28.74
20/03/2020,0,23530.0,25.55,13035.0,13835.0,800.0,0.0,16056.0,16256.0,200.0,0.0,10501.0,10601.0,100.0,0.0,16812.0,17612.0,800.0,0.0,2000.0,-28.74
21/03/2020,0,23530.0,24.95,13035.0,13835.0,800.0,0.0,16056.0,16256.0,200.0,0.0,10501.0,10601.0,100.0,0.0,16812.0,17612.0,800.0,0.0,2000.0,-28.74
22/03/2020,0,23530.0,24.35,13035.0,13835.0,800.0,0.0,16056.0,16256.0,200.0,0.0,10501.0,10601.0,100.0,0.0,16812.0,17612.0,800.0,0.0,2000.0,-28.74
23/03/2020,0,23760.0,23.75,13035.0,13835.0,800.0,0.0,16056.0,16256.0,200.0,0.0,10501.0,10601.0,100.0,0.0,16812.0,17612.0,800.0,0.0,2000.0,-28.74
24/03/2020,0,23650.0,24.5,13035.0,13835.0,800.0,0.0,16056.0,16256.0,200.0,0.0,10501.0,10601.0,100.0,0.0,16812.0,17612.0,800.0,0.0,2000.0,-28.74
25/03/2020,0,23675.0,25.62,13035.0,13835.0,800.0,0.0,16056.0,16256.0,200.0,0.0,10501.0,10601.0,100.0,0.0,16812.0,17612.0,800.0,0.0,2000.0,-28.74
26/03/2020,0,23720.0,23.55,13035.0,13835.0,800.0,0.0,16056.0,16256.0,200.0,0.0,10501.0,10601.0,100.0,0.0,16812.0,17612.0,800.0,0.0,2000.0,-28.74
27/03/2020,0,23700.0,22.39,13035.0,13835.0,800.0,0.0,16056.0,16256.0,200.0,0.0,10501.0,10601.0,100.0,0.0,16812.0,17612.0,800.0,0.0,2000.0,-28.74
28/03/2020,0,23700.0,21.323333333333334,13035.0,13835.0,800.0,0.0,16056.0,16256.0,200.0,0.0,10501.0,10601.0,100.0,0.0,16812.0,17612.0,800.0,0.0,2000.0,-28.74
29/03/2020,0,23700.0,20.256666666666668,13035.0,13835.0,800.0,0.0,16056.0,16256.0,200.0,0.0,10501.0,10601.0,100.0,0.0,16812.0,17612.0,800.0,0.0,2245.0,34.68
30/03/2020,0,23720.0,19.19,13035.0,13835.0,800.0,0.0,16056.0,16256.0,200.0,0.0,10501.0,10601.0,100.0,0.0,16812.0,17612.0,800.0,0.0,2245.0,34.68
31/03/2020,0,23660.0,14.85,13035.0,13835.0,800.0,0.0,16056.0,16256.0,200.0,0.0,10501.0,10601.0,100.0,0.0,16812.0,17612.0,800.0,0.0,2245.0,34.68
01/04/2020,0,23650.0,14.97,13035.0,13835.0,800.0,0.0,16056.0,16256.0,200.0,0.0,10501.0,10601.0,100.0,0.0,16812.0,17612.0,800.0,0.0,2245.0,34.68
02/04/2020,0,23650.0,20.24,13035.0,13835.0,800.0,0.0,16056.0,16256.0,200.0,0.0,10501.0,10601.0,100.0,0.0,16812.0,17612.0,800.0,0.0,2245.0,34.68
03/04/2020,0,23530.0,24.33,13035.0,13835.0,800.0,0.0,16056.0,16256.0,200.0,0.0,10501.0,10601.0,100.0,0.0,16812.0,17612.0,800.0,0.0,2245.0,34.68
04/04/2020,0,23530.0,23.746666666666666,13035.0,13835.0,800.0,0.0,16056.0,16256.0,200.0,0.0,10501.0,10601.0,100.0,0.0,16812.0,17612.0,800.0,0.0,2245.0,34.68
05/04/2020,0,23530.0,23.16333333333333,13035.0,13835.0,800.0,0.0,16056.0,16256.0,200.0,0.0,10501.0,10601.0,100.0,0.0,16812.0,17612.0,800.0,0.0,2245.0,34.68
06/04/2020,0,23570.0,22.58,13035.0,13835.0,800.0,0.0,16056.0,16256.0,200.0,0.0,10501.0,10601.0,100.0,0.0,16812.0,17612.0,800.0,0.0,2245.0,34.68
07/04/2020,0,23550.0,22.1,13035.0,13835.0,800.0,0.0,16056.0,16256.0,200.0,0.0,10501.0,10601.0,100.0,0.0,16812.0,17612.0,800.0,0.0,2245.0,34.68
08/04/2020,0,23610.0,25.22,13035.0,13835.0,800.0,0.0,16056.0,16256.0,200.0,0.0,10501.0,10601.0,100.0,0.0,16812.0,17612.0,800.0,0.0,2245.0,34.68
09/04/2020,0,23580.0,20.23,13035.0,13835.0,800.0,0.0,16056.0,16256.0,200.0,0.0,10501.0,10601.0,100.0,0.0,16812.0,17612.0,800.0,0.0,2245.0,34.68
10/04/2020,0,23520.0,20.532,13035.0,13835.0,800.0,0.0,16056.0,16256.0,200.0,0.0,10501.0,10601.0,100.0,0.0,16812.0,17612.0,800.0,0.0,2245.0,34.68
11/04/2020,0,23520.0,20.834,13035.0,13835.0,800.0,0.0,16056.0,16256.0,200.0,0.0,10501.0,10601.0,100.0,0.0,16812.0,17612.0,800.0,0.0,2245.0,34.68
12/04/2020,0,23520.0,21.136,13035.0,13835.0,800.0,0.0,16056.0,16256.0,200.0,0.0,10501.0,10601.0,100.0,0.0,16812.0,17612.0,800.0,0.0,2245.0,34.68
13/04/2020,1,23530.0,21.438,10823.0,12223.0,1400.0,0.0,11343.0,11743.0,400.0,0.0,9327.0,9527.0,200.0,0.0,11939.0,13339.0,1400.0,0.0,2545.0,135.28
14/04/2020,0,23545.0,21.74,10823.0,12223.0,1400.0,0.0,11343.0,11743.0,400.0,0.0,9327.0,9527.0,200.0,0.0,11939.0,13339.0,1400.0,0.0,2545.0,135.28
15/04/2020,0,23530.0,19.8,10823.0,12223.0,1400.0,0.0,11343.0,11743.0,400.0,0.0,9327.0,9527.0,200.0,0.0,11939.0,13339.0,1400.0,0.0,2545.0,135.28
16/04/2020,0,23550.0,18.69,10823.0,12223.0,1400.0,0.0,11343.0,11743.0,400.0,0.0,9327.0,9527.0,200.0,0.0,11939.0,13339.0,1400.0,0.0,2545.0,135.28
17/04/2020,0,23510.0,19.75,10823.0,12223.0,1400.0,0.0,11343.0,11743.0,400.0,0.0,9327.0,9527.0,200.0,0.0,11939.0,13339.0,1400.0,0.0,2545.0,135.28
18/04/2020,0,23510.0,18.953333333333333,10823.0,12223.0,1400.0,0.0,11343.0,11743.0,400.0,0.0,9327.0,9527.0,200.0,0.0,11939.0,13339.0,1400.0,0.0,2545.0,135.28
19/04/2020,0,23510.0,18.156666666666666,10823.0,12223.0,1400.0,0.0,11343.0,11743.0,400.0,0.0,9327.0,9527.0,200.0,0.0,11939.0,13339.0,1400.0,0.0,2545.0,135.28
20/04/2020,0,23540.0,17.36,10823.0,12223.0,1400.0,0.0,11343.0,11743.0,400.0,0.0,9327.0,9527.0,200.0,0.0,11939.0,13339.0,1400.0,0.0,2545.0,135.28
21/04/2020,0,23540.0,9.12,10823.0,12223.0,1400.0,0.0,11343.0,11743.0,400.0,0.0,9327.0,9527.0,200.0,0.0,11939.0,13339.0,1400.0,0.0,2545.0,135.28
22/04/2020,0,23560.0,13.77,10823.0,12223.0,1400.0,0.0,11343.0,11743.0,400.0,0.0,9327.0,9527.0,200.0,0.0,11939.0,13339.0,1400.0,0.0,2545.0,135.28
23/04/2020,0,23570.0,15.06,10823.0,12223.0,1400.0,0.0,11343.0,11743.0,400.0,0.0,9327.0,9527.0,200.0,0.0,11939.0,13339.0,1400.0,0.0,2545.0,135.28
24/04/2020,0,23580.0,15.87,10823.0,12223.0,1400.0,0.0,11343.0,11743.0,400.0,0.0,9327.0,9527.0,200.0,0.0,11939.0,13339.0,1400.0,0.0,2545.0,135.28
25/04/2020,0,23580.0,15.636666666666667,10823.0,12223.0,1400.0,0.0,11343.0,11743.0,400.0,0.0,9327.0,9527.0,200.0,0.0,11939.0,13339.0,1400.0,0.0,2545.0,135.28
26/04/2020,0,23580.0,15.403333333333332,10823.0,12223.0,1400.0,0.0,11343.0,11743.0,400.0,0.0,9327.0,9527.0,200.0,0.0,11939.0,13339.0,1400.0,0.0,2545.0,135.28
27/04/2020,0,23550.0,15.17,10823.0,12223.0,1400.0,0.0,11343.0,11743.0,400.0,0.0,9327.0,9527.0,200.0,0.0,11939.0,13339.0,1400.0,0.0,2545.0,135.28
28/04/2020,1,23535.0,15.6,9941.0,11541.0,1600.0,0.0,10942.0,11342.0,400.0,0.0,8670.0,9170.0,500.0,0.0,11631.0,13031.0,1400.0,0.0,2900.0,253.84
29/04/2020,0,23510.0,17.86,9941.0,11541.0,1600.0,0.0,10942.0,11342.0,400.0,0.0,8670.0,9170.0,500.0,0.0,11631.0,13031.0,1400.0,0.0,2900.0,253.84
30/04/2020,0,23510.0,18.11,9941.0,11541.0,1600.0,0.0,10942.0,11342.0,400.0,0.0,8670.0,9170.0,500.0,0.0,11631.0,13031.0,1400.0,0.0,2900.0,253.84
01/05/2020,0,23510.0,18.49,9941.0,11541.0,1600.0,0.0,10942.0,11342.0,400.0,0.0,8670.0,9170.0,500.0,0.0,11631.0,13031.0,1400.0,0.0,2900.0,253.84
02/05/2020,0,23510.0,19.126666666666665,9941.0,11541.0,1600.0,0.0,10942.0,11342.0,400.0,0.0,8670.0,9170.0,500.0,0.0,11631.0,13031.0,1400.0,0.0,2900.0,253.84
03/05/2020,0,23510.0,19.763333333333332,9941.0,11541.0,1600.0,0.0,10942.0,11342.0,400.0,0.0,8670.0,9170.0,500.0,0.0,11631.0,13031.0,1400.0,0.0,2900.0,253.84
04/05/2020,0,23520.0,20.4,9941.0,11541.0,1600.0,0.0,10942.0,11342.0,400.0,0.0,8670.0,9170.0,500.0,0.0,11631.0,13031.0,1400.0,0.0,2900.0,253.84
05/05/2020,0,23510.0,25.46,9941.0,11541.0,1600.0,0.0,10942.0,11342.0,400.0,0.0,8670.0,9170.0,500.0,0.0,11631.0,13031.0,1400.0,0.0,2900.0,253.84
06/05/2020,0,23510.0,24.2,9941.0,11541.0,1600.0,0.0,10942.0,11342.0,400.0,0.0,8670.0,9170.0,500.0,0.0,11631.0,13031.0,1400.0,0.0,2900.0,253.84
07/05/2020,0,23490.0,24.23,9941.0,11541.0,1600.0,0.0,10942.0,11342.0,400.0,0.0,8670.0,9170.0,500.0,0.0,11631.0,13031.0,1400.0,0.0,2900.0,253.84
08/05/2020,0,23450.0,24.555,9941.0,11541.0,1600.0,0.0,10942.0,11342.0,400.0,0.0,8670.0,9170.0,500.0,0.0,11631.0,13031.0,1400.0,0.0,2900.0,253.84
09/05/2020,0,23450.0,24.880000000000003,9941.0,11541.0,1600.0,0.0,10942.0,11342.0,400.0,0.0,8670.0,9170.0,500.0,0.0,11631.0,13031.0,1400.0,0.0,2900.0,253.84
10/05/2020,0,23450.0,25.205000000000002,9941.0,11541.0,1600.0,0.0,10942.0,11342.0,400.0,0.0,8670.0,9170.0,500.0,0.0,11631.0,13031.0,1400.0,0.0,2900.0,253.84
11/05/2020,0,23420.0,25.53,9941.0,11541.0,1600.0,0.0,10942.0,11342.0,400.0,0.0,8670.0,9170.0,500.0,0.0,11631.0,13031.0,1400.0,0.0,2900.0,253.84
12/05/2020,0,23430.0,26.67,9941.0,11541.0,1600.0,0.0,10942.0,11342.0,400.0,0.0,8670.0,9170.0,500.0,0.0,11631.0,13031.0,1400.0,0.0,2900.0,253.84
13/05/2020,1,23440.0,27.89,9857.0,11257.0,1400.0,0.0,11520.0,11620.0,100.0,0.0,8545.0,9045.0,500.0,0.0,12235.0,13035.0,800.0,0.0,3650.0,356.53
14/05/2020,0,23460.0,29.87,9857.0,11257.0,1400.0,0.0,11520.0,11620.0,100.0,0.0,8545.0,9045.0,500.0,0.0,12235.0,13035.0,800.0,0.0,3650.0,356.53
15/05/2020,0,23450.0,30.95,9857.0,11257.0,1400.0,0.0,11520.0,11620.0,100.0,0.0,8545.0,9045.0,500.0,0.0,12235.0,13035.0,800.0,0.0,3650.0,356.53
16/05/2020,0,23450.0,31.73333333333333,9857.0,11257.0,1400.0,0.0,11520.0,11620.0,100.0,0.0,8545.0,9045.0,500.0,0.0,12235.0,13035.0,800.0,0.0,3650.0,356.53
17/05/2020,0,23450.0,32.516666666666666,9857.0,11257.0,1400.0,0.0,11520.0,11620.0,100.0,0.0,8545.0,9045.0,500.0,0.0,12235.0,13035.0,800.0,0.0,3650.0,356.53
18/05/2020,0,23430.0,33.3,9857.0,11257.0,1400.0,0.0,11520.0,11620.0,100.0,0.0,8545.0,9045.0,500.0,0.0,12235.0,13035.0,800.0,0.0,3650.0,356.53
19/05/2020,0,23370.0,33.06,9857.0,11257.0,1400.0,0.0,11520.0,11620.0,100.0,0.0,8545.0,9045.0,500.0,0.0,12235.0,13035.0,800.0,0.0,3650.0,356.53
20/05/2020,0,23360.0,34.76,9857.0,11257.0,1400.0,0.0,11520.0,11620.0,100.0,0.0,8545.0,9045.0,500.0,0.0,12235.0,13035.0,800.0,0.0,3650.0,356.53
21/05/2020,0,23360.0,34.78,9857.0,11257.0,1400.0,0.0,11520.0,11620.0,100.0,0.0,8545.0,9045.0,500.0,0.0,12235.0,13035.0,800.0,0.0,3650.0,356.53
22/05/2020,0,23370.0,33.8,9857.0,11257.0,1400.0,0.0,11520.0,11620.0,100.0,0.0,8545.0,9045.0,500.0,0.0,12235.0,13035.0,800.0,0.0,3650.0,356.53
23/05/2020,0,23370.0,33.8375,9857.0,11257.0,1400.0,0.0,11520.0,11620.0,100.0,0.0,8545.0,9045.0,500.0,0.0,12235.0,13035.0,800.0,0.0,3650.0,356.53
24/05/2020,0,23370.0,33.875,9857.0,11257.0,1400.0,0.0,11520.0,11620.0,100.0,0.0,8545.0,9045.0,500.0,0.0,12235.0,13035.0,800.0,0.0,3650.0,356.53
25/05/2020,0,23390.0,33.9125,9857.0,11257.0,1400.0,0.0,11520.0,11620.0,100.0,0.0,8545.0,9045.0,500.0,0.0,12235.0,13035.0,800.0,0.0,3650.0,356.53
26/05/2020,0,23410.0,33.95,9857.0,11257.0,1400.0,0.0,11520.0,11620.0,100.0,0.0,8545.0,9045.0,500.0,0.0,12235.0,13035.0,800.0,0.0,3650.0,356.53
27/05/2020,0,23410.0,32.73,9857.0,11257.0,1400.0,0.0,11520.0,11620.0,100.0,0.0,8545.0,9045.0,500.0,0.0,12235.0,13035.0,800.0,0.0,3650.0,356.53
28/05/2020,1,23390.0,33.98,10749.0,11849.0,1100.0,0.0,13002.0,12502.0,100.0,600.0,9492.0,9692.0,200.0,0.0,13525.0,13525.0,400.0,400.0,4100.0,462.59
29/05/2020,0,23370.0,34.15,10749.0,11849.0,1100.0,0.0,13002.0,12502.0,100.0,600.0,9492.0,9692.0,200.0,0.0,13525.0,13525.0,400.0,400.0,4100.0,462.59
30/05/2020,0,23370.0,35.013333333333335,10749.0,11849.0,1100.0,0.0,13002.0,12502.0,100.0,600.0,9492.0,9692.0,200.0,0.0,13525.0,13525.0,400.0,400.0,4100.0,462.59
31/05/2020,0,23370.0,35.876666666666665,10749.0,11849.0,1100.0,0.0,13002.0,12502.0,100.0,600.0,9492.0,9692.0,200.0,0.0,13525.0,13525.0,400.0,400.0,4100.0,462.59
01/06/2020,0,23350.0,36.74,10749.0,11849.0,1100.0,0.0,13002.0,12502.0,100.0,600.0,9492.0,9692.0,200.0,0.0,13525.0,13525.0,400.0,400.0,4100.0,462.59
02/06/2020,0,23350.0,37.72,10749.0,11849.0,1100.0,0.0,13002.0,12502.0,100.0,600.0,9492.0,9692.0,200.0,0.0,13525.0,13525.0,400.0,400.0,4100.0,462.59
03/06/2020,0,23350.0,37.98,10749.0,11849.0,1100.0,0.0,13002.0,12502.0,100.0,600.0,9492.0,9692.0,200.0,0.0,13525.0,13525.0,400.0,400.0,4100.0,462.59
04/06/2020,0,23350.0,38.41,10749.0,11849.0,1100.0,0.0,13002.0,12502.0,100.0,600.0,9492.0,9692.0,200.0,0.0,13525.0,13525.0,400.0,400.0,4100.0,462.59
05/06/2020,0,23340.0,41.0,10749.0,11849.0,1100.0,0.0,13002.0,12502.0,100.0,600.0,9492.0,9692.0,200.0,0.0,13525.0,13525.0,400.0,400.0,4100.0,462.59
06/06/2020,0,23340.0,40.553333333333335,10749.0,11849.0,1100.0,0.0,13002.0,12502.0,100.0,600.0,9492.0,9692.0,200.0,0.0,13525.0,13525.0,400.0,400.0,4100.0,462.59
07/06/2020,0,23340.0,40.10666666666666,10749.0,11849.0,1100.0,0.0,13002.0,12502.0,100.0,600.0,9492.0,9692.0,200.0,0.0,13525.0,13525.0,400.0,400.0,4100.0,462.59
08/06/2020,0,23320.0,39.66,10749.0,11849.0,1100.0,0.0,13002.0,12502.0,100.0,600.0,9492.0,9692.0,200.0,0.0,13525.0,13525.0,400.0,400.0,4100.0,462.59
09/06/2020,0,23280.0,40.45,10749.0,11849.0,1100.0,0.0,13002.0,12502.0,100.0,600.0,9492.0,9692.0,200.0,0.0,13525.0,13525.0,400.0,400.0,4100.0,462.59
10/06/2020,0,23280.0,41.18,10749.0,11849.0,1100.0,0.0,13002.0,12502.0,100.0,600.0,9492.0,9692.0,200.0,0.0,13525.0,13525.0,400.0,400.0,4100.0,462.59
11/06/2020,0,23320.0,37.76,10749.0,11849.0,1100.0,0.0,13002.0,12502.0,100.0,600.0,9492.0,9692.0,200.0,0.0,13525.0,13525.0,400.0,400.0,4100.0,462.59
12/06/2020,1,23320.0,38.54,11515.0,12315.0,800.0,0.0,14190.0,13490.0,100.0,800.0,10522.0,10422.0,100.0,200.0,14580.0,14280.0,200.0,500.0,4310.0,538.76
13/06/2020,0,23320.0,38.839999999999996,11515.0,12315.0,800.0,0.0,14190.0,13490.0,100.0,800.0,10522.0,10422.0,100.0,200.0,14580.0,14280.0,200.0,500.0,4310.0,538.76
14/06/2020,0,23320.0,39.14,11515.0,12315.0,800.0,0.0,14190.0,13490.0,100.0,800.0,10522.0,10422.0,100.0,200.0,14580.0,14280.0,200.0,500.0,4310.0,538.76
15/06/2020,0,23310.0,39.44,11515.0,12315.0,800.0,0.0,14190.0,13490.0,100.0,800.0,10522.0,10422.0,100.0,200.0,14580.0,14280.0,200.0,500.0,4310.0,538.76
16/06/2020,0,23295.0,40.75,11515.0,12315.0,800.0,0.0,14190.0,13490.0,100.0,800.0,10522.0,10422.0,100.0,200.0,14580.0,14280.0,200.0,500.0,4310.0,538.76
17/06/2020,0,23290.0,40.47,11515.0,12315.0,800.0,0.0,14190.0,13490.0,100.0,800.0,10522.0,10422.0,100.0,200.0,14580.0,14280.0,200.0,500.0,4310.0,538.76
18/06/2020,0,23290.0,41.75,11515.0,12315.0,800.0,0.0,14190.0,13490.0,100.0,800.0,10522.0,10422.0,100.0,200.0,14580.0,14280.0,200.0,500.0,4310.0,538.76
19/06/2020,0,23310.0,42.33,11515.0,12315.0,800.0,0.0,14190.0,13490.0,100.0,800.0,10522.0,10422.0,100.0,200.0,14580.0,14280.0,200.0,500.0,4310.0,538.76
20/06/2020,0,23310.0,42.62,11515.0,12315.0,800.0,0.0,14190.0,13490.0,100.0,800.0,10522.0,10422.0,100.0,200.0,14580.0,14280.0,200.0,500.0,4310.0,538.76
21/06/2020,0,23310.0,42.910000000000004,11515.0,12315.0,800.0,0.0,14190.0,13490.0,100.0,800.0,10522.0,10422.0,100.0,200.0,14580.0,14280.0,200.0,500.0,4310.0,538.76
22/06/2020,0,23310.0,43.2,11515.0,12315.0,800.0,0.0,14190.0,13490.0,100.0,800.0,10522.0,10422.0,100.0,200.0,14580.0,14280.0,200.0,500.0,4310.0,538.76
23/06/2020,0,23300.0,42.72,11515.0,12315.0,800.0,0.0,14190.0,13490.0,100.0,800.0,10522.0,10422.0,100.0,200.0,14580.0,14280.0,200.0,500.0,4310.0,538.76
24/06/2020,0,23310.0,40.4,11515.0,12315.0,800.0,0.0,14190.0,13490.0,100.0,800.0,10522.0,10422.0,100.0,200.0,14580.0,14280.0,200.0,500.0,4310.0,538.76
25/06/2020,0,23295.0,41.18,11515.0,12315.0,800.0,0.0,14190.0,13490.0,100.0,800.0,10522.0,10422.0,100.0,200.0,14580.0,14280.0,200.0,500.0,4310.0,538.76
26/06/2020,0,23300.0,40.97,11515.0,12315.0,800.0,0.0,14190.0,13490.0,100.0,800.0,10522.0,10422.0,100.0,200.0,14580.0,14280.0,200.0,500.0,4310.0,538.76
27/06/2020,1,23300.0,41.17333333333333,12114.0,12714.0,600.0,0.0,15158.0,14308.0,50.0,900.0,10903.0,11203.0,300.0,0.0,15523.0,15173.0,200.0,550.0,4410.0,571.99
28/06/2020,0,23300.0,41.376666666666665,12114.0,12714.0,600.0,0.0,15158.0,14308.0,50.0,900.0,10903.0,11203.0,300.0,0.0,15523.0,15173.0,200.0,550.0,4410.0,571.99
29/06/2020,0,23295.0,41.58,12114.0,12714.0,600.0,0.0,15158.0,14308.0,50.0,900.0,10903.0,11203.0,300.0,0.0,15523.0,15173.0,200.0,550.0,4410.0,571.99
30/06/2020,0,23300.0,41.64,12114.0,12714.0,600.0,0.0,15158.0,14308.0,50.0,900.0,10903.0,11203.0,300.0,0.0,15523.0,15173.0,200.0,550.0,4410.0,571.99
01/07/2020,0,23290.0,42.18,12114.0,12714.0,600.0,0.0,15158.0,14308.0,50.0,900.0,10903.0,11203.0,300.0,0.0,15523.0,15173.0,200.0,550.0,4410.0,571.99
02/07/2020,0,23290.0,43.19,12114.0,12714.0,600.0,0.0,15158.0,14308.0,50.0,900.0,10903.0,11203.0,300.0,0.0,15523.0,15173.0,200.0,550.0,4410.0,571.99
03/07/2020,0,23290.0,42.92,12114.0,12714.0,600.0,0.0,15158.0,14308.0,50.0,900.0,10903.0,11203.0,300.0,0.0,15523.0,15173.0,200.0,550.0,4410.0,571.99
04/07/2020,0,23290.0,42.85666666666667,12114.0,12714.0,600.0,0.0,15158.0,14308.0,50.0,900.0,10903.0,11203.0,300.0,0.0,15523.0,15173.0,200.0,550.0,4410.0,571.99
05/07/2020,0,23290.0,42.79333333333333,12114.0,12714.0,600.0,0.0,15158.0,14308.0,50.0,900.0,10903.0,11203.0,300.0,0.0,15523.0,15173.0,200.0,550.0,4410.0,571.99
06/07/2020,0,23280.0,42.73,12114.0,12714.0,600.0,0.0,15158.0,14308.0,50.0,900.0,10903.0,11203.0,300.0,0.0,15523.0,15173.0,200.0,550.0,4410.0,571.99
07/07/2020,0,23280.0,43.28,12114.0,12714.0,600.0,0.0,15158.0,14308.0,50.0,900.0,10903.0,11203.0,300.0,0.0,15523.0,15173.0,200.0,550.0,4410.0,571.99
08/07/2020,0,23290.0,43.67,12114.0,12714.0,600.0,0.0,15158.0,14308.0,50.0,900.0,10903.0,11203.0,300.0,0.0,15523.0,15173.0,200.0,550.0,4410.0,571.99
09/07/2020,0,23280.0,42.35,12114.0,12714.0,600.0,0.0,15158.0,14308.0,50.0,900.0,10903.0,11203.0,300.0,0.0,15523.0,15173.0,200.0,550.0,4410.0,571.99
10/07/2020,0,23270.0,43.27,12114.0,12714.0,600.0,0.0,15158.0,14308.0,50.0,900.0,10903.0,11203.0,300.0,0.0,15523.0,15173.0,200.0,550.0,4410.0,571.99
11/07/2020,0,23270.0,43.13,12114.0,12714.0,600.0,0.0,15158.0,14308.0,50.0,900.0,10903.0,11203.0,300.0,0.0,15523.0,15173.0,200.0,550.0,4410.0,571.99
12/07/2020,0,23270.0,42.99,12114.0,12714.0,600.0,0.0,15158.0,14308.0,50.0,900.0,10903.0,11203.0,300.0,0.0,15523.0,15173.0,200.0,550.0,4410.0,571.99
13/07/2020,1,23270.0,42.85,12281.0,12614.0,500.0,167.0,15219.0,14358.0,100.0,961.0,11157.0,11203.0,300.0,254.0,15499.0,15173.0,200.0,526.0,4400.0,593.61
14/07/2020,0,23270.0,42.97,12281.0,12614.0,500.0,167.0,15219.0,14358.0,100.0,961.0,11157.0,11203.0,300.0,254.0,15499.0,15173.0,200.0,526.0,4400.0,593.61
15/07/2020,0,23270.0,43.96,12281.0,12614.0,500.0,167.0,15219.0,14358.0,100.0,961.0,11157.0,11203.0,300.0,254.0,15499.0,15173.0,200.0,526.0,4400.0,593.61
16/07/2020,0,23280.0,43.71,12281.0,12614.0,500.0,167.0,15219.0,14358.0,100.0,961.0,11157.0,11203.0,300.0,254.0,15499.0,15173.0,200.0,526.0,4400.0,593.61
17/07/2020,0,23280.0,43.53,12281.0,12614.0,500.0,167.0,15219.0,14358.0,100.0,961.0,11157.0,11203.0,300.0,254.0,15499.0,15173.0,200.0,526.0,4400.0,593.61
18/07/2020,0,23280.0,43.45333333333333,12281.0,12614.0,500.0,167.0,15219.0,14358.0,100.0,961.0,11157.0,11203.0,300.0,254.0,15499.0,15173.0,200.0,526.0,4400.0,593.61
19/07/2020,0,23280.0,43.376666666666665,12281.0,12614.0,500.0,167.0,15219.0,14358.0,100.0,961.0,11157.0,11203.0,300.0,254.0,15499.0,15173.0,200.0,526.0,4400.0,593.61
20/07/2020,0,23280.0,43.3,12281.0,12614.0,500.0,167.0,15219.0,14358.0,100.0,961.0,11157.0,11203.0,300.0,254.0,15499.0,15173.0,200.0,526.0,4400.0,593.61
21/07/2020,0,23280.0,44.31,12281.0,12614.0,500.0,167.0,15219.0,14358.0,100.0,961.0,11157.0,11203.0,300.0,254.0,15499.0,15173.0,200.0,526.0,4400.0,593.61
22/07/2020,0,23270.0,43.98,12281.0,12614.0,500.0,167.0,15219.0,14358.0,100.0,961.0,11157.0,11203.0,300.0,254.0,15499.0,15173.0,200.0,526.0,4400.0,593.61
23/07/2020,0,23270.0,42.96,12281.0,12614.0,500.0,167.0,15219.0,14358.0,100.0,961.0,11157.0,11203.0,300.0,254.0,15499.0,15173.0,200.0,526.0,4400.0,593.61
24/07/2020,0,23270.0,43.29,12281.0,12614.0,500.0,167.0,15219.0,14358.0,100.0,961.0,11157.0,11203.0,300.0,254.0,15499.0,15173.0,200.0,526.0,4400.0,593.61
25/07/2020,0,23270.0,43.32333333333333,12281.0,12614.0,500.0,167.0,15219.0,14358.0,100.0,961.0,11157.0,11203.0,300.0,254.0,15499.0,15173.0,200.0,526.0,4400.0,593.61
26/07/2020,0,23270.0,43.35666666666667,12281.0,12614.0,500.0,167.0,15219.0,14358.0,100.0,961.0,11157.0,11203.0,300.0,254.0,15499.0,15173.0,200.0,526.0,4400.0,593.61
27/07/2020,0,23270.0,43.39,12281.0,12614.0,500.0,167.0,15219.0,14358.0,100.0,961.0,11157.0,11203.0,300.0,254.0,15499.0,15173.0,200.0,526.0,4400.0,593.61
28/07/2020,1,23270.0,43.11,12397.0,12897.0,500.0,0.0,15309.0,14509.0,100.0,900.0,11283.0,11483.0,300.0,100.0,15452.0,15173.0,200.0,479.0,4350.0,589.55
29/07/2020,0,23270.0,43.51,12397.0,12897.0,500.0,0.0,15309.0,14509.0,100.0,900.0,11283.0,11483.0,300.0,100.0,15452.0,15173.0,200.0,479.0,4350.0,589.55
30/07/2020,0,23270.0,42.98,12397.0,12897.0,500.0,0.0,15309.0,14509.0,100.0,900.0,11283.0,11483.0,300.0,100.0,15452.0,15173.0,200.0,479.0,4350.0,589.55
31/07/2020,0,23270.0,43.13,12397.0,12897.0,500.0,0.0,15309.0,14509.0,100.0,900.0,11283.0,11483.0,300.0,100.0,15452.0,15173.0,200.0,479.0,4350.0,589.55
01/08/2020,0,23270.0,43.34,12397.0,12897.0,500.0,0.0,15309.0,14509.0,100.0,900.0,11283.0,11483.0,300.0,100.0,15452.0,15173.0,200.0,479.0,4350.0,589.55
02/08/2020,0,23270.0,43.55,12397.0,12897.0,500.0,0.0,15309.0,14509.0,100.0,900.0,11283.0,11483.0,300.0,100.0,15452.0,15173.0,200.0,479.0,4350.0,589.55
03/08/2020,0,23270.0,43.76,12397.0,12897.0,500.0,0.0,15309.0,14509.0,100.0,900.0,11283.0,11483.0,300.0,100.0,15452.0,15173.0,200.0,479.0,4350.0,589.55
04/08/2020,0,23270.0,43.99,12397.0,12897.0,500.0,0.0,15309.0,14509.0,100.0,900.0,11283.0,11483.0,300.0,100.0,15452.0,15173.0,200.0,479.0,4350.0,589.55
05/08/2020,0,23270.0,44.92,12397.0,12897.0,500.0,0.0,15309.0,14509.0,100.0,900.0,11283.0,11483.0,300.0,100.0,15452.0,15173.0,200.0,479.0,4350.0,589.55
06/08/2020,0,23270.0,45.04,12397.0,12897.0,500.0,0.0,15309.0,14509.0,100.0,900.0,11283.0,11483.0,300.0,100.0,15452.0,15173.0,200.0,479.0,4350.0,589.55
07/08/2020,0,23270.0,44.07,12397.0,12897.0,500.0,0.0,15309.0,14509.0,100.0,900.0,11283.0,11483.0,300.0,100.0,15452.0,15173.0,200.0,479.0,4350.0,589.55
08/08/2020,0,23270.0,44.11,12397.0,12897.0,500.0,0.0,15309.0,14509.0,100.0,900.0,11283.0,11483.0,300.0,100.0,15452.0,15173.0,200.0,479.0,4350.0,589.55
09/08/2020,0,23270.0,44.15,12397.0,12897.0,500.0,0.0,15309.0,14509.0,100.0,900.0,11283.0,11483.0,300.0,100.0,15452.0,15173.0,200.0,479.0,4350.0,589.55
10/08/2020,0,23270.0,44.19,12397.0,12897.0,500.0,0.0,15309.0,14509.0,100.0,900.0,11283.0,11483.0,300.0,100.0,15452.0,15173.0,200.0,479.0,4350.0,589.55
11/08/2020,0,23270.0,43.68,12397.0,12897.0,500.0,0.0,15309.0,14509.0,100.0,900.0,11283.0,11483.0,300.0,100.0,15452.0,15173.0,200.0,479.0,4350.0,589.55
12/08/2020,1,23270.0,45.09,12201.0,12701.0,500.0,0.0,15341.0,14509.0,100.0,932.0,11483.0,11483.0,300.0,300.0,15401.0,15122.0,200.0,479.0,4375.0,583.03
13/08/2020,0,23270.0,44.87,12201.0,12701.0,500.0,0.0,15341.0,14509.0,100.0,932.0,11483.0,11483.0,300.0,300.0,15401.0,15122.0,200.0,479.0,4375.0,583.03
14/08/2020,0,23270.0,44.86,12201.0,12701.0,500.0,0.0,15341.0,14509.0,100.0,932.0,11483.0,11483.0,300.0,300.0,15401.0,15122.0,200.0,479.0,4375.0,583.03
15/08/2020,0,23270.0,44.876666666666665,12201.0,12701.0,500.0,0.0,15341.0,14509.0,100.0,932.0,11483.0,11483.0,300.0,300.0,15401.0,15122.0,200.0,479.0,4375.0,583.03
16/08/2020,0,23270.0,44.89333333333333,12201.0,12701.0,500.0,0.0,15341.0,14509.0,100.0,932.0,11483.0,11483.0,300.0,300.0,15401.0,15122.0,200.0,479.0,4375.0,583.03
17/08/2020,0,23270.0,44.91,12201.0,12701.0,500.0,0.0,15341.0,14509.0,100.0,932.0,11483.0,11483.0,300.0,300.0,15401.0,15122.0,200.0,479.0,4375.0,583.03
18/08/2020,0,23270.0,45.34,12201.0,12701.0,500.0,0.0,15341.0,14509.0,100.0,932.0,11483.0,11483.0,300.0,300.0,15401.0,15122.0,200.0,479.0,4375.0,583.03
19/08/2020,0,23270.0,45.21,12201.0,12701.0,500.0,0.0,15341.0,14509.0,100.0,932.0,11483.0,11483.0,300.0,300.0,15401.0,15122.0,200.0,479.0,4375.0,583.03
20/08/2020,0,23270.0,44.56,12201.0,12701.0,500.0,0.0,15341.0,14509.0,100.0,932.0,11483.0,11483.0,300.0,300.0,15401.0,15122.0,200.0,479.0,4375.0,583.03
21/08/2020,0,23270.0,43.94,12201.0,12701.0,500.0,0.0,15341.0,14509.0,100.0,932.0,11483.0,11483.0,300.0,300.0,15401.0,15122.0,200.0,479.0,4375.0,583.03
22/08/2020,0,23270.0,44.10333333333333,12201.0,12701.0,500.0,0.0,15341.0,14509.0,100.0,932.0,11483.0,11483.0,300.0,300.0,15401.0,15122.0,200.0,479.0,4375.0,583.03
23/08/2020,0,23270.0,44.266666666666666,12201.0,12701.0,500.0,0.0,15341.0,14509.0,100.0,932.0,11483.0,11483.0,300.0,300.0,15401.0,15122.0,200.0,479.0,4375.0,583.03
24/08/2020,0,23270.0,44.43,12201.0,12701.0,500.0,0.0,15341.0,14509.0,100.0,932.0,11483.0,11483.0,300.0,300.0,15401.0,15122.0,200.0,479.0,4375.0,583.03
25/08/2020,0,23270.0,46.01,12201.0,12701.0,500.0,0.0,15341.0,14509.0,100.0,932.0,11483.0,11483.0,300.0,300.0,15401.0,15122.0,200.0,479.0,4375.0,583.03
26/08/2020,0,23270.0,45.79,12201.0,12701.0,500.0,0.0,15341.0,14509.0,100.0,932.0,11483.0,11483.0,300.0,300.0,15401.0,15122.0,200.0,479.0,4375.0,583.03
27/08/2020,0,23270.0,44.84,12201.0,12701.0,500.0,0.0,15341.0,14509.0,100.0,932.0,11483.0,11483.0,300.0,300.0,15401.0,15122.0,200.0,479.0,4370.0,584.61
28/08/2020,0,23270.0,45.22,12201.0,12701.0,500.0,0.0,15341.0,14509.0,100.0,932.0,11483.0,11483.0,300.0,300.0,15401.0,15122.0,200.0,479.0,4370.0,584.61
29/08/2020,0,23270.0,45.345,12201.0,12701.0,500.0,0.0,15341.0,14509.0,100.0,932.0,11483.0,11483.0,300.0,300.0,15401.0,15122.0,200.0,479.0,4370.0,584.61
30/08/2020,0,23270.0,45.47,12201.0,12701.0,500.0,0.0,15341.0,14509.0,100.0,932.0,11483.0,11483.0,300.0,300.0,15401.0,15122.0,200.0,479.0,4370.0,584.61
31/08/2020,0,23270.0,45.595,12201.0,12701.0,500.0,0.0,15341.0,14509.0,100.0,932.0,11483.0,11483.0,300.0,300.0,15401.0,15122.0,200.0,479.0,4370.0,584.61
01/09/2020,0,23270.0,45.72,12201.0,12701.0,500.0,0.0,15341.0,14509.0,100.0,932.0,11483.0,11483.0,300.0,300.0,15401.0,15122.0,200.0,479.0,4370.0,584.61
02/09/2020,0,23270.0,42.7,12201.0,12701.0,500.0,0.0,15341.0,14509.0,100.0,932.0,11483.0,11483.0,300.0,300.0,15401.0,15122.0,200.0,479.0,4370.0,584.61
03/09/2020,0,23270.0,42.72,12201.0,12701.0,500.0,0.0,15341.0,14509.0,100.0,932.0,11483.0,11483.0,300.0,300.0,15401.0,15122.0,200.0,479.0,4370.0,584.61
04/09/2020,0,23270.0,41.1,12201.0,12701.0,500.0,0.0,15341.0,14509.0,100.0,932.0,11483.0,11483.0,300.0,300.0,15401.0,15122.0,200.0,479.0,4370.0,584.61
05/09/2020,0,23270.0,40.95666666666667,12201.0,12701.0,500.0,0.0,15341.0,14509.0,100.0,932.0,11483.0,11483.0,300.0,300.0,15401.0,15122.0,200.0,479.0,4370.0,584.61
06/09/2020,0,23270.0,40.81333333333333,12201.0,12701.0,500.0,0.0,15341.0,14509.0,100.0,932.0,11483.0,11483.0,300.0,300.0,15401.0,15122.0,200.0,479.0,4370.0,584.61
07/09/2020,0,23270.0,40.67,12201.0,12701.0,500.0,0.0,15341.0,14509.0,100.0,932.0,11483.0,11483.0,300.0,300.0,15401.0,15122.0,200.0,479.0,4370.0,584.61
08/09/2020,0,23270.0,38.53,12201.0,12701.0,500.0,0.0,15341.0,14509.0,100.0,932.0,11483.0,11483.0,300.0,300.0,15401.0,15122.0,200.0,479.0,4370.0,584.61
09/09/2020,0,23270.0,39.98,12201.0,12701.0,500.0,0.0,15341.0,14509.0,100.0,932.0,11483.0,11483.0,300.0,300.0,15401.0,15122.0,200.0,479.0,4370.0,584.61
10/09/2020,0,23270.0,39.27,12201.0,12701.0,500.0,0.0,15341.0,14509.0,100.0,932.0,11483.0,11483.0,300.0,300.0,15401.0,15122.0,200.0,479.0,4370.0,584.61
11/09/2020,0,23270.0,38.8,12201.0,12701.0,500.0,0.0,15341.0,14509.0,100.0,932.0,11483.0,11483.0,300.0,300.0,15401.0,15122.0,200.0,479.0,4290.0,569.37
12/09/2020,0,23270.0,38.72333333333333,12201.0,12701.0,500.0,0.0,15341.0,14509.0,100.0,932.0,11483.0,11483.0,300.0,300.0,15401.0,15122.0,200.0,479.0,4290.0,569.37
13/09/2020,0,23270.0,38.64666666666667,12201.0,12701.0,500.0,0.0,15341.0,14509.0,100.0,932.0,11483.0,11483.0,300.0,300.0,15401.0,15122.0,200.0,479.0,4290.0,569.37
14/09/2020,0,23270.0,38.57,12201.0,12701.0,500.0,0.0,15341.0,14509.0,100.0,932.0,11483.0,11483.0,300.0,300.0,15401.0,15122.0,200.0,479.0,4290.0,569.37
15/09/2020,0,23270.0,39.54,12201.0,12701.0,500.0,0.0,15341.0,14509.0,100.0,932.0,11483.0,11483.0,300.0,300.0,15401.0,15122.0,200.0,479.0,4290.0,569.37
16/09/2020,0,23270.0,41.23,12201.0,12701.0,500.0,0.0,15341.0,14509.0,100.0,932.0,11483.0,11483.0,300.0,300.0,15401.0,15122.0,200.0,479.0,4290.0,569.37
17/09/2020,0,23270.0,42.35,12201.0,12701.0,500.0,0.0,15341.0,14509.0,100.0,932.0,11483.0,11483.0,300.0,300.0,15401.0,15122.0,200.0,479.0,4290.0,569.37
18/09/2020,0,23270.0,42.16,12201.0,12701.0,500.0,0.0,15341.0,14509.0,100.0,932.0,11483.0,11483.0,300.0,300.0,15401.0,15122.0,200.0,479.0,4290.0,569.37
19/09/2020,0,23270.0,41.56333333333333,12201.0,12701.0,500.0,0.0,15341.0,14509.0,100.0,932.0,11483.0,11483.0,300.0,300.0,15401.0,15122.0,200.0,479.0,4290.0,569.37
20/09/2020,0,23270.0,40.96666666666666,12201.0,12701.0,500.0,0.0,15341.0,14509.0,100.0,932.0,11483.0,11483.0,300.0,300.0,15401.0,15122.0,200.0,479.0,4290.0,569.37
21/09/2020,0,23270.0,40.37,12201.0,12701.0,500.0,0.0,15341.0,14509.0,100.0,932.0,11483.0,11483.0,300.0,300.0,15401.0,15122.0,200.0,479.0,4290.0,569.37
22/09/2020,0,23270.0,40.84,12201.0,12701.0,500.0,0.0,15341.0,14509.0,100.0,932.0,11483.0,11483.0,300.0,300.0,15401.0,15122.0,200.0,479.0,4290.0,569.37
23/09/2020,0,23280.0,41.09,12201.0,12701.0,500.0,0.0,15341.0,14509.0,100.0,932.0,11483.0,11483.0,300.0,300.0,15401.0,15122.0,200.0,479.0,4290.0,569.37
24/09/2020,0,23280.0,41.24,12201.0,12701.0,500.0,0.0,15341.0,14509.0,100.0,932.0,11483.0,11483.0,300.0,300.0,15401.0,15122.0,200.0,479.0,4290.0,569.37
25/09/2020,0,23280.0,40.91,12201.0,12701.0,500.0,0.0,15341.0,14509.0,100.0,932.0,11483.0,11483.0,300.0,300.0,15401.0,15122.0,200.0,479.0,4290.0,569.37
26/09/2020,1,23280.0,41.13666666666666,11128.0,11528.0,400.0,0.0,15315.0,14215.0,0.0,1100.0,10926.0,10826.0,0.0,100.0,15508.0,15084.0,100.0,524.0,4210.0,572.73
27/09/2020,0,23280.0,41.36333333333334,11128.0,11528.0,400.0,0.0,15315.0,14215.0,0.0,1100.0,10926.0,10826.0,0.0,100.0,15508.0,15084.0,100.0,524.0,4210.0,572.73
28/09/2020,0,23280.0,41.59,11128.0,11528.0,400.0,0.0,15315.0,14215.0,0.0,1100.0,10926.0,10826.0,0.0,100.0,15508.0,15084.0,100.0,524.0,4210.0,572.73
29/09/2020,0,23280.0,40.33,11128.0,11528.0,400.0,0.0,15315.0,14215.0,0.0,1100.0,10926.0,10826.0,0.0,100.0,15508.0,15084.0,100.0,524.0,4210.0,572.73
30/09/2020,0,23270.0,40.3,11128.0,11528.0,400.0,0.0,15315.0,14215.0,0.0,1100.0,10926.0,10826.0,0.0,100.0,15508.0,15084.0,100.0,524.0,4210.0,572.73
01/10/2020,0,23280.0,39.75,11128.0,11528.0,400.0,0.0,15315.0,14215.0,0.0,1100.0,10926.0,10826.0,0.0,100.0,15508.0,15084.0,100.0,524.0,4210.0,572.73
02/10/2020,0,23280.0,38.0,11128.0,11528.0,400.0,0.0,15315.0,14215.0,0.0,1100.0,10926.0,10826.0,0.0,100.0,15508.0,15084.0,100.0,524.0,4210.0,572.73
03/10/2020,0,23280.0,38.593333333333334,11128.0,11528.0,400.0,0.0,15315.0,14215.0,0.0,1100.0,10926.0,10826.0,0.0,100.0,15508.0,15084.0,100.0,524.0,4210.0,572.73
04/10/2020,0,23280.0,39.18666666666667,11128.0,11528.0,400.0,0.0,15315.0,14215.0,0.0,1100.0,10926.0,10826.0,0.0,100.0,15508.0,15084.0,100.0,524.0,4210.0,572.73
05/10/2020,0,23290.0,39.78,11128.0,11528.0,400.0,0.0,15315.0,14215.0,0.0,1100.0,10926.0,10826.0,0.0,100.0,15508.0,15084.0,100.0,524.0,4210.0,572.73
06/10/2020,0,23290.0,41.27,11128.0,11528.0,400.0,0.0,15315.0,14215.0,0.0,1100.0,10926.0,10826.0,0.0,100.0,15508.0,15084.0,100.0,524.0,4210.0,572.73
07/10/2020,0,23290.0,40.62,11128.0,11528.0,400.0,0.0,15315.0,14215.0,0.0,1100.0,10926.0,10826.0,0.0,100.0,15508.0,15084.0,100.0,524.0,4210.0,572.73
08/10/2020,0,23280.0,42.0,11128.0,11528.0,400.0,0.0,15315.0,14215.0,0.0,1100.0,10926.0,10826.0,0.0,100.0,15508.0,15084.0,100.0,524.0,4210.0,572.73
09/10/2020,0,23280.0,41.63,11128.0,11528.0,400.0,0.0,15315.0,14215.0,0.0,1100.0,10926.0,10826.0,0.0,100.0,15508.0,15084.0,100.0,524.0,4210.0,572.73
10/10/2020,0,23280.0,41.25333333333334,11128.0,11528.0,400.0,0.0,15315.0,14215.0,0.0,1100.0,10926.0,10826.0,0.0,100.0,15508.0,15084.0,100.0,524.0,4210.0,572.73
11/10/2020,0,23280.0,40.876666666666665,11128.0,11528.0,400.0,0.0,15315.0,14215.0,0.0,1100.0,10926.0,10826.0,0.0,100.0,15508.0,15084.0,100.0,524.0,4210.0,572.73
12/10/2020,0,23280.0,40.5,11128.0,11528.0,400.0,0.0,15315.0,14215.0,0.0,1100.0,10926.0,10826.0,0.0,100.0,15508.0,15084.0,100.0,524.0,4130.0,564.42
13/10/2020,0,23280.0,41.34,11128.0,11528.0,400.0,0.0,15315.0,14215.0,0.0,1100.0,10926.0,10826.0,0.0,100.0,15508.0,15084.0,100.0,524.0,4130.0,564.42
14/10/2020,0,23270.0,41.81,11128.0,11528.0,400.0,0.0,15315.0,14215.0,0.0,1100.0,10926.0,10826.0,0.0,100.0,15508.0,15084.0,100.0,524.0,4130.0,564.42
15/10/2020,0,23270.0,41.61,11128.0,11528.0,400.0,0.0,15315.0,14215.0,0.0,1100.0,10926.0,10826.0,0.0,100.0,15508.0,15084.0,100.0,524.0,4130.0,564.42
16/10/2020,0,23270.0,41.34,11128.0,11528.0,400.0,0.0,15315.0,14215.0,0.0,1100.0,10926.0,10826.0,0.0,100.0,15508.0,15084.0,100.0,524.0,4130.0,564.42
17/10/2020,0,23270.0,41.32333333333334,11128.0,11528.0,400.0,0.0,15315.0,14215.0,0.0,1100.0,10926.0,10826.0,0.0,100.0,15508.0,15084.0,100.0,524.0,4130.0,564.42
18/10/2020,0,23270.0,41.306666666666665,11128.0,11528.0,400.0,0.0,15315.0,14215.0,0.0,1100.0,10926.0,10826.0,0.0,100.0,15508.0,15084.0,100.0,524.0,4130.0,564.42
19/10/2020,0,23270.0,41.29,11128.0,11528.0,400.0,0.0,15315.0,14215.0,0.0,1100.0,10926.0,10826.0,0.0,100.0,15508.0,15084.0,100.0,524.0,4130.0,564.42
20/10/2020,0,23270.0,41.62,11128.0,11528.0,400.0,0.0,15315.0,14215.0,0.0,1100.0,10926.0,10826.0,0.0,100.0,15508.0,15084.0,100.0,524.0,4130.0,564.42
21/10/2020,0,23270.0,40.09,11128.0,11528.0,400.0,0.0,15315.0,14215.0,0.0,1100.0,10926.0,10826.0,0.0,100.0,15508.0,15084.0,100.0,524.0,4130.0,564.42
22/10/2020,0,23270.0,41.28,11128.0,11528.0,400.0,0.0,15315.0,14215.0,0.0,1100.0,10926.0,10826.0,0.0,100.0,15508.0,15084.0,100.0,524.0,4130.0,564.42
23/10/2020,0,23270.0,40.71,11128.0,11528.0,400.0,0.0,15315.0,14215.0,0.0,1100.0,10926.0,10826.0,0.0,100.0,15508.0,15084.0,100.0,524.0,4130.0,564.42
24/10/2020,0,23270.0,40.160000000000004,11128.0,11528.0,400.0,0.0,15315.0,14215.0,0.0,1100.0,10926.0,10826.0,0.0,100.0,15508.0,15084.0,100.0,524.0,4130.0,564.42
25/10/2020,0,23270.0,39.61,11128.0,11528.0,400.0,0.0,15315.0,14215.0,0.0,1100.0,10926.0,10826.0,0.0,100.0,15508.0,15084.0,100.0,524.0,4130.0,564.42
26/10/2020,0,23270.0,39.06,11128.0,11528.0,400.0,0.0,15315.0,14215.0,0.0,1100.0,10926.0,10826.0,0.0,100.0,15508.0,15084.0,100.0,524.0,4130.0,564.42
27/10/2020,0,23270.0,39.72,11128.0,11528.0,400.0,0.0,15315.0,14215.0,0.0,1100.0,10926.0,10826.0,0.0,100.0,15508.0,15084.0,100.0,524.0,4050.0,538.26
28/10/2020,0,23270.0,37.86,11128.0,11528.0,400.0,0.0,15315.0,14215.0,0.0,1100.0,10926.0,10826.0,0.0,100.0,15508.0,15084.0,100.0,524.0,4050.0,538.26
29/10/2020,0,23270.0,36.56,11128.0,11528.0,400.0,0.0,15315.0,14215.0,0.0,1100.0,10926.0,10826.0,0.0,100.0,15508.0,15084.0,100.0,524.0,4050.0,538.26
30/10/2020,0,23270.0,36.33,11128.0,11528.0,400.0,0.0,15315.0,14215.0,0.0,1100.0,10926.0,10826.0,0.0,100.0,15508.0,15084.0,100.0,524.0,4050.0,538.26
31/10/2020,0,23270.0,36.81333333333333,11128.0,11528.0,400.0,0.0,15315.0,14215.0,0.0,1100.0,10926.0,10826.0,0.0,100.0,15508.0,15084.0,100.0,524.0,4050.0,538.26
01/11/2020,0,23270.0,37.29666666666667,11128.0,11528.0,400.0,0.0,15315.0,14215.0,0.0,1100.0,10926.0,10826.0,0.0,100.0,15508.0,15084.0,100.0,524.0,4050.0,538.26
02/11/2020,0,23270.0,37.78,11128.0,11528.0,400.0,0.0,15315.0,14215.0,0.0,1100.0,10926.0,10826.0,0.0,100.0,15508.0,15084.0,100.0,524.0,4050.0,538.26
03/11/2020,0,23270.0,38.17,11128.0,11528.0,400.0,0.0,15315.0,14215.0,0.0,1100.0,10926.0,10826.0,0.0,100.0,15508.0,15084.0,100.0,524.0,4050.0,538.26
04/11/2020,0,23270.0,39.68,11128.0,11528.0,400.0,0.0,15315.0,14215.0,0.0,1100.0,10926.0,10826.0,0.0,100.0,15508.0,15084.0,100.0,524.0,4050.0,538.26
05/11/2020,0,23270.0,39.47,11128.0,11528.0,400.0,0.0,15315.0,14215.0,0.0,1100.0,10926.0,10826.0,0.0,100.0,15508.0,15084.0,100.0,524.0,4050.0,538.26
06/11/2020,0,23270.0,38.08,11128.0,11528.0,400.0,0.0,15315.0,14215.0,0.0,1100.0,10926.0,10826.0,0.0,100.0,15508.0,15084.0,100.0,524.0,4050.0,538.26
07/11/2020,0,23270.0,39.03,11128.0,11528.0,400.0,0.0,15315.0,14215.0,0.0,1100.0,10926.0,10826.0,0.0,100.0,15508.0,15084.0,100.0,524.0,4050.0,538.26
08/11/2020,0,23270.0,39.98,11128.0,11528.0,400.0,0.0,15315.0,14215.0,0.0,1100.0,10926.0,10826.0,0.0,100.0,15508.0,15084.0,100.0,524.0,4050.0,538.26
09/11/2020,0,23270.0,40.93,11128.0,11528.0,400.0,0.0,15315.0,14215.0,0.0,1100.0,10926.0,10826.0,0.0,100.0,15508.0,15084.0,100.0,524.0,4050.0,538.26
10/11/2020,0,23270.0,42.25,11128.0,11528.0,400.0,0.0,15315.0,14215.0,0.0,1100.0,10926.0,10826.0,0.0,100.0,15508.0,15084.0,100.0,524.0,4050.0,538.26
11/11/2020,0,23270.0,42.5,11128.0,11528.0,400.0,0.0,15315.0,14215.0,0.0,1100.0,10926.0,10826.0,0.0,100.0,15508.0,15084.0,100.0,524.0,4000.0,540.1
12/11/2020,0,23270.0,42.16,11128.0,11528.0,400.0,0.0,15315.0,14215.0,0.0,1100.0,10926.0,10826.0,0.0,100.0,15508.0,15084.0,100.0,524.0,4000.0,540.1
13/11/2020,0,23270.0,41.51,11128.0,11528.0,400.0,0.0,15315.0,14215.0,0.0,1100.0,10926.0,10826.0,0.0,100.0,15508.0,15084.0,100.0,524.0,4000.0,540.1
14/11/2020,0,23270.0,41.91,11128.0,11528.0,400.0,0.0,15315.0,14215.0,0.0,1100.0,10926.0,10826.0,0.0,100.0,15508.0,15084.0,100.0,524.0,4000.0,540.1
15/11/2020,0,23270.0,42.31,11128.0,11528.0,400.0,0.0,15315.0,14215.0,0.0,1100.0,10926.0,10826.0,0.0,100.0,15508.0,15084.0,100.0,524.0,4000.0,540.1
16/11/2020,0,23265.0,42.71,11128.0,11528.0,400.0,0.0,15315.0,14215.0,0.0,1100.0,10926.0,10826.0,0.0,100.0,15508.0,15084.0,100.0,524.0,4000.0,540.1
17/11/2020,0,23260.0,42.54,11128.0,11528.0,400.0,0.0,15315.0,14215.0,0.0,1100.0,10926.0,10826.0,0.0,100.0,15508.0,15084.0,100.0,524.0,4000.0,540.1
18/11/2020,0,23270.0,42.91,11128.0,11528.0,400.0,0.0,15315.0,14215.0,0.0,1100.0,10926.0,10826.0,0.0,100.0,15508.0,15084.0,100.0,524.0,4000.0,540.1
19/11/2020,0,23270.0,43.09,11128.0,11528.0,400.0,0.0,15315.0,14215.0,0.0,1100.0,10926.0,10826.0,0.0,100.0,15508.0,15084.0,100.0,524.0,4000.0,540.1
20/11/2020,0,23265.0,43.79,11128.0,11528.0,400.0,0.0,15315.0,14215.0,0.0,1100.0,10926.0,10826.0,0.0,100.0,15508.0,15084.0,100.0,524.0,4000.0,540.1
21/11/2020,0,23265.0,44.193333333333335,11128.0,11528.0,400.0,0.0,15315.0,14215.0,0.0,1100.0,10926.0,10826.0,0.0,100.0,15508.0,15084.0,100.0,524.0,4000.0,540.1
22/11/2020,0,23265.0,44.596666666666664,11128.0,11528.0,400.0,0.0,15315.0,14215.0,0.0,1100.0,10926.0,10826.0,0.0,100.0,15508.0,15084.0,100.0,524.0,4000.0,540.1
23/11/2020,0,23240.0,45.0,11128.0,11528.0,400.0,0.0,15315.0,14215.0,0.0,1100.0,10926.0,10826.0,0.0,100.0,15508.0,15084.0,100.0,524.0,4000.0,540.1
24/11/2020,0,23250.0,46.63,11128.0,11528.0,400.0,0.0,15315.0,14215.0,0.0,1100.0,10926.0,10826.0,0.0,100.0,15508.0,15084.0,100.0,524.0,4000.0,540.1
25/11/2020,0,23250.0,47.3,11128.0,11528.0,400.0,0.0,15315.0,14215.0,0.0,1100.0,10926.0,10826.0,0.0,100.0,15508.0,15084.0,100.0,524.0,4000.0,540.1
26/11/2020,0,23260.0,46.32,11128.0,11528.0,400.0,0.0,15315.0,14215.0,0.0,1100.0,10926.0,10826.0,0.0,100.0,15508.0,15084.0,100.0,524.0,3973.0,537.01
27/11/2020,0,23260.0,46.88,11128.0,11528.0,400.0,0.0,15315.0,14215.0,0.0,1100.0,10926.0,10826.0,0.0,100.0,15508.0,15084.0,100.0,524.0,3973.0,537.01
28/11/2020,0,23260.0,46.86666666666667,11128.0,11528.0,400.0,0.0,15315.0,14215.0,0.0,1100.0,10926.0,10826.0,0.0,100.0,15508.0,15084.0,100.0,524.0,3973.0,537.01
29/11/2020,0,23260.0,46.85333333333334,11128.0,11528.0,400.0,0.0,15315.0,14215.0,0.0,1100.0,10926.0,10826.0,0.0,100.0,15508.0,15084.0,100.0,524.0,3973.0,537.01
30/11/2020,0,23230.0,46.84,11128.0,11528.0,400.0,0.0,15315.0,14215.0,0.0,1100.0,10926.0,10826.0,0.0,100.0,15508.0,15084.0,100.0,524.0,3973.0,537.01
01/12/2020,0,23230.0,47.03,11128.0,11528.0,400.0,0.0,15315.0,14215.0,0.0,1100.0,10926.0,10826.0,0.0,100.0,15508.0,15084.0,100.0,524.0,3973.0,537.01
02/12/2020,0,23230.0,47.8,11128.0,11528.0,400.0,0.0,15315.0,14215.0,0.0,1100.0,10926.0,10826.0,0.0,100.0,15508.0,15084.0,100.0,524.0,3973.0,537.01
03/12/2020,0,23230.0,48.37,11128.0,11528.0,400.0,0.0,15315.0,14215.0,0.0,1100.0,10926.0,10826.0,0.0,100.0,15508.0,15084.0,100.0,524.0,3973.0,537.01
04/12/2020,0,23220.0,49.1,11128.0,11528.0,400.0,0.0,15315.0,14215.0,0.0,1100.0,10926.0,10826.0,0.0,100.0,15508.0,15084.0,100.0,524.0,3973.0,537.01
05/12/2020,0,23220.0,48.943333333333335,11128.0,11528.0,400.0,0.0,15315.0,14215.0,0.0,1100.0,10926.0,10826.0,0.0,100.0,15508.0,15084.0,100.0,524.0,3973.0,537.01
06/12/2020,0,23220.0,48.78666666666667,11128.0,11528.0,400.0,0.0,15315.0,14215.0,0.0,1100.0,10926.0,10826.0,0.0,100.0,15508.0,15084.0,100.0,524.0,3973.0,537.01
07/12/2020,0,23220.0,48.63,11128.0,11528.0,400.0,0.0,15315.0,14215.0,0.0,1100.0,10926.0,10826.0,0.0,100.0,15508.0,15084.0,100.0,524.0,3973.0,537.01
08/12/2020,0,23220.0,48.84,11128.0,11528.0,400.0,0.0,15315.0,14215.0,0.0,1100.0,10926.0,10826.0,0.0,100.0,15508.0,15084.0,100.0,524.0,3973.0,537.01
09/12/2020,0,23220.0,48.81,11128.0,11528.0,400.0,0.0,15315.0,14215.0,0.0,1100.0,10926.0,10826.0,0.0,100.0,15508.0,15084.0,100.0,524.0,3973.0,537.01
10/12/2020,0,23220.0,50.33,11128.0,11528.0,400.0,0.0,15315.0,14215.0,0.0,1100.0,10926.0,10826.0,0.0,100.0,15508.0,15084.0,100.0,524.0,3973.0,537.01
11/12/2020,0,23220.0,50.01,11128.0,11528.0,400.0,0.0,15315.0,14215.0,0.0,1100.0,10926.0,10826.0,0.0,100.0,15508.0,15084.0,100.0,524.0,3850.0,514.53
12/12/2020,0,23220.0,50.096666666666664,11128.0,11528.0,400.0,0.0,15315.0,14215.0,0.0,1100.0,10926.0,10826.0,0.0,100.0,15508.0,15084.0,100.0,524.0,3850.0,514.53
13/12/2020,0,23220.0,50.18333333333334,11128.0,11528.0,400.0,0.0,15315.0,14215.0,0.0,1100.0,10926.0,10826.0,0.0,100.0,15508.0,15084.0,100.0,524.0,3850.0,514.53
14/12/2020,0,23220.0,50.27,11128.0,11528.0,400.0,0.0,15315.0,14215.0,0.0,1100.0,10926.0,10826.0,0.0,100.0,15508.0,15084.0,100.0,524.0,3850.0,514.53
15/12/2020,0,23220.0,50.77,11128.0,11528.0,400.0,0.0,15315.0,14215.0,0.0,1100.0,10926.0,10826.0,0.0,100.0,15508.0,15084.0,100.0,524.0,3850.0,514.53
16/12/2020,0,23220.0,50.83,11128.0,11528.0,400.0,0.0,15315.0,14215.0,0.0,1100.0,10926.0,10826.0,0.0,100.0,15508.0,15084.0,100.0,524.0,3850.0,514.53
17/12/2020,0,23220.0,51.2,11128.0,11528.0,400.0,0.0,15315.0,14215.0,0.0,1100.0,10926.0,10826.0,0.0,100.0,15508.0,15084.0,100.0,524.0,3850.0,514.53
18/12/2020,0,23220.0,52.17,11128.0,11528.0,400.0,0.0,15315.0,14215.0,0.0,1100.0,10926.0,10826.0,0.0,100.0,15508.0,15084.0,100.0,524.0,3850.0,514.53
19/12/2020,0,23220.0,51.65,11128.0,11528.0,400.0,0.0,15315.0,14215.0,0.0,1100.0,10926.0,10826.0,0.0,100.0,15508.0,15084.0,100.0,524.0,3850.0,514.53
20/12/2020,0,23220.0,51.13,11128.0,11528.0,400.0,0.0,15315.0,14215.0,0.0,1100.0,10926.0,10826.0,0.0,100.0,15508.0,15084.0,100.0,524.0,3850.0,514.53
21/12/2020,0,23220.0,50.61,11128.0,11528.0,400.0,0.0,15315.0,14215.0,0.0,1100.0,10926.0,10826.0,0.0,100.0,15508.0,15084.0,100.0,524.0,3850.0,514.53
22/12/2020,0,23220.0,49.88,11128.0,11528.0,400.0,0.0,15315.0,14215.0,0.0,1100.0,10926.0,10826.0,0.0,100.0,15508.0,15084.0,100.0,524.0,3850.0,514.53
23/12/2020,0,23220.0,51.05,11128.0,11528.0,400.0,0.0,15315.0,14215.0,0.0,1100.0,10926.0,10826.0,0.0,100.0,15508.0,15084.0,100.0,524.0,3850.0,514.53
24/12/2020,0,23220.0,50.88,11128.0,11528.0,400.0,0.0,15315.0,14215.0,0.0,1100.0,10926.0,10826.0,0.0,100.0,15508.0,15084.0,100.0,524.0,3850.0,514.53
25/12/2020,0,23220.0,50.88,11128.0,11528.0,400.0,0.0,15315.0,14215.0,0.0,1100.0,10926.0,10826.0,0.0,100.0,15508.0,15084.0,100.0,524.0,3850.0,514.53
26/12/2020,1,23220.0,50.88,12676.0,12376.0,0.0,300.0,16718.0,15518.0,0.0,1200.0,12472.0,12272.0,0.0,200.0,16829.0,16579.0,100.0,350.0,3722.0,479.52
27/12/2020,0,23220.0,50.88,12676.0,12376.0,0.0,300.0,16718.0,15518.0,0.0,1200.0,12472.0,12272.0,0.0,200.0,16829.0,16579.0,100.0,350.0,3722.0,479.52
28/12/2020,0,23220.0,50.88,12676.0,12376.0,0.0,300.0,16718.0,15518.0,0.0,1200.0,12472.0,12272.0,0.0,200.0,16829.0,16579.0,100.0,350.0,3722.0,479.52
29/12/2020,0,23220.0,50.44,12676.0,12376.0,0.0,300.0,16718.0,15518.0,0.0,1200.0,12472.0,12272.0,0.0,200.0,16829.0,16579.0,100.0,350.0,3722.0,479.52
30/12/2020,0,23190.0,50.74,12676.0,12376.0,0.0,300.0,16718.0,15518.0,0.0,1200.0,12472.0,12272.0,0.0,200.0,16829.0,16579.0,100.0,350.0,3722.0,479.52
31/12/2020,0,23215.0,51.22,12676.0,12376.0,0.0,300.0,16718.0,15518.0,0.0,1200.0,12472.0,12272.0,0.0,200.0,16829.0,16579.0,100.0,350.0,3722.0,479.52
01/01/2021,0,23215.0,51.0075,12676.0,12376.0,0.0,300.0,16718.0,15518.0,0.0,1200.0,12472.0,12272.0,0.0,200.0,16829.0,16579.0,100.0,350.0,3722.0,479.52
02/01/2021,0,23215.0,50.795,12676.0,12376.0,0.0,300.0,16718.0,15518.0,0.0,1200.0,12472.0,12272.0,0.0,200.0,16829.0,16579.0,100.0,350.0,3722.0,479.52
03/01/2021,0,23215.0,50.582499999999996,12676.0,12376.0,0.0,300.0,16718.0,15518.0,0.0,1200.0,12472.0,12272.0,0.0,200.0,16829.0,16579.0,100.0,350.0,3722.0,479.52
04/01/2021,0,23190.0,50.37,12676.0,12376.0,0.0,300.0,16718.0,15518.0,0.0,1200.0,12472.0,12272.0,0.0,200.0,16829.0,16579.0,100.0,350.0,3722.0,479.52
05/01/2021,0,23190.0,53.16,12676.0,12376.0,0.0,300.0,16718.0,15518.0,0.0,1200.0,12472.0,12272.0,0.0,200.0,16829.0,16579.0,100.0,350.0,3722.0,479.52
06/01/2021,0,23190.0,53.8,12676.0,12376.0,0.0,300.0,16718.0,15518.0,0.0,1200.0,12472.0,12272.0,0.0,200.0,16829.0,16579.0,100.0,350.0,3722.0,479.52
07/01/2021,0,23170.0,53.7,12676.0,12376.0,0.0,300.0,16718.0,15518.0,0.0,1200.0,12472.0,12272.0,0.0,200.0,16829.0,16579.0,100.0,350.0,3722.0,479.52
08/01/2021,0,23150.0,55.51,12676.0,12376.0,0.0,300.0,16718.0,15518.0,0.0,1200.0,12472.0,12272.0,0.0,200.0,16829.0,16579.0,100.0,350.0,3722.0,479.52
09/01/2021,0,23150.0,55.28666666666667,12676.0,12376.0,0.0,300.0,16718.0,15518.0,0.0,1200.0,12472.0,12272.0,0.0,200.0,16829.0,16579.0,100.0,350.0,3722.0,479.52
10/01/2021,0,23150.0,55.06333333333333,12676.0,12376.0,0.0,300.0,16718.0,15518.0,0.0,1200.0,12472.0,12272.0,0.0,200.0,16829.0,16579.0,100.0,350.0,3722.0,479.52
11/01/2021,1,23160.0,54.84,12847.0,12647.0,0.0,200.0,17048.0,15948.0,0.0,1100.0,12453.0,12272.0,0.0,181.0,17130.0,17030.0,100.0,200.0,3550.0,401.01
12/01/2021,0,23160.0,55.98,12847.0,12647.0,0.0,200.0,17048.0,15948.0,0.0,1100.0,12453.0,12272.0,0.0,181.0,17130.0,17030.0,100.0,200.0,3550.0,401.01
13/01/2021,0,23160.0,55.52,12847.0,12647.0,0.0,200.0,17048.0,15948.0,0.0,1100.0,12453.0,12272.0,0.0,181.0,17130.0,17030.0,100.0,200.0,3550.0,401.01
14/01/2021,0,23160.0,55.76,12847.0,12647.0,0.0,200.0,17048.0,15948.0,0.0,1100.0,12453.0,12272.0,0.0,181.0,17130.0,17030.0,100.0,200.0,3550.0,401.01
15/01/2021,0,23160.0,54.8,12847.0,12647.0,0.0,200.0,17048.0,15948.0,0.0,1100.0,12453.0,12272.0,0.0,181.0,17130.0,17030.0,100.0,200.0,3550.0,401.01
16/01/2021,0,23160.0,54.60333333333333,12847.0,12647.0,0.0,200.0,17048.0,15948.0,0.0,1100.0,12453.0,12272.0,0.0,181.0,17130.0,17030.0,100.0,200.0,3550.0,401.01
17/01/2021,0,23160.0,54.406666666666666,12847.0,12647.0,0.0,200.0,17048.0,15948.0,0.0,1100.0,12453.0,12272.0,0.0,181.0,17130.0,17030.0,100.0,200.0,3550.0,401.01
18/01/2021,0,23160.0,54.21,12847.0,12647.0,0.0,200.0,17048.0,15948.0,0.0,1100.0,12453.0,12272.0,0.0,181.0,17130.0,17030.0,100.0,200.0,3550.0,401.01
19/01/2021,0,23160.0,55.38,12847.0,12647.0,0.0,200.0,17048.0,15948.0,0.0,1100.0,12453.0,12272.0,0.0,181.0,17130.0,17030.0,100.0,200.0,3550.0,401.01
20/01/2021,0,23165.0,55.66,12847.0,12647.0,0.0,200.0,17048.0,15948.0,0.0,1100.0,12453.0,12272.0,0.0,181.0,17130.0,17030.0,100.0,200.0,3550.0,401.01
21/01/2021,0,23165.0,55.68,12847.0,12647.0,0.0,200.0,17048.0,15948.0,0.0,1100.0,12453.0,12272.0,0.0,181.0,17130.0,17030.0,100.0,200.0,3550.0,401.01
22/01/2021,0,23165.0,55.22,12847.0,12647.0,0.0,200.0,17048.0,15948.0,0.0,1100.0,12453.0,12272.0,0.0,181.0,17130.0,17030.0,100.0,200.0,3550.0,401.01
23/01/2021,0,23165.0,55.29333333333333,12847.0,12647.0,0.0,200.0,17048.0,15948.0,0.0,1100.0,12453.0,12272.0,0.0,181.0,17130.0,17030.0,100.0,200.0,3550.0,401.01
24/01/2021,0,23165.0,55.36666666666667,12847.0,12647.0,0.0,200.0,17048.0,15948.0,0.0,1100.0,12453.0,12272.0,0.0,181.0,17130.0,17030.0,100.0,200.0,3550.0,401.01
25/01/2021,0,23165.0,55.44,12847.0,12647.0,0.0,200.0,17048.0,15948.0,0.0,1100.0,12453.0,12272.0,0.0,181.0,17130.0,17030.0,100.0,200.0,3550.0,401.01
26/01/2021,1,23160.0,55.26,13342.0,13042.0,0.0,300.0,17659.0,16309.0,0.0,1350.0,12872.0,12622.0,0.0,250.0,17670.0,17270.0,0.0,400.0,3420.0,389.4
27/01/2021,0,23160.0,55.07,13342.0,13042.0,0.0,300.0,17659.0,16309.0,0.0,1350.0,12872.0,12622.0,0.0,250.0,17670.0,17270.0,0.0,400.0,3420.0,389.4
28/01/2021,0,23150.0,54.87,13342.0,13042.0,0.0,300.0,17659.0,16309.0,0.0,1350.0,12872.0,12622.0,0.0,250.0,17670.0,17270.0,0.0,400.0,3420.0,389.4
29/01/2021,0,23140.0,55.25,13342.0,13042.0,0.0,300.0,17659.0,16309.0,0.0,1350.0,12872.0,12622.0,0.0,250.0,17670.0,17270.0,0.0,400.0,3420.0,389.4
30/01/2021,0,23140.0,55.64,13342.0,13042.0,0.0,300.0,17659.0,16309.0,0.0,1350.0,12872.0,12622.0,0.0,250.0,17670.0,17270.0,0.0,400.0,3420.0,389.4
31/01/2021,0,23140.0,56.03,13342.0,13042.0,0.0,300.0,17659.0,16309.0,0.0,1350.0,12872.0,12622.0,0.0,250.0,17670.0,17270.0,0.0,400.0,3420.0,389.4
01/02/2021,0,23130.0,56.42,13342.0,13042.0,0.0,300.0,17659.0,16309.0,0.0,1350.0,12872.0,12622.0,0.0,250.0,17670.0,17270.0,0.0,400.0,3420.0,389.4
02/02/2021,0,23110.0,57.62,13342.0,13042.0,0.0,300.0,17659.0,16309.0,0.0,1350.0,12872.0,12622.0,0.0,250.0,17670.0,17270.0,0.0,400.0,3420.0,389.4
03/02/2021,0,23120.0,58.61,13342.0,13042.0,0.0,300.0,17659.0,16309.0,0.0,1350.0,12872.0,12622.0,0.0,250.0,17670.0,17270.0,0.0,400.0,3420.0,389.4
04/02/2021,0,23110.0,58.98,13342.0,13042.0,0.0,300.0,17659.0,16309.0,0.0,1350.0,12872.0,12622.0,0.0,250.0,17670.0,17270.0,0.0,400.0,3420.0,389.4
05/02/2021,0,23090.0,59.48,13342.0,13042.0,0.0,300.0,17659.0,16309.0,0.0,1350.0,12872.0,12622.0,0.0,250.0,17670.0,17270.0,0.0,400.0,3420.0,389.4
06/02/2021,0,23090.0,59.71,13342.0,13042.0,0.0,300.0,17659.0,16309.0,0.0,1350.0,12872.0,12622.0,0.0,250.0,17670.0,17270.0,0.0,400.0,3420.0,389.4
07/02/2021,0,23090.0,59.94,13342.0,13042.0,0.0,300.0,17659.0,16309.0,0.0,1350.0,12872.0,12622.0,0.0,250.0,17670.0,17270.0,0.0,400.0,3420.0,389.4
08/02/2021,0,23060.0,60.17,13342.0,13042.0,0.0,300.0,17659.0,16309.0,0.0,1350.0,12872.0,12622.0,0.0,250.0,17670.0,17270.0,0.0,400.0,3420.0,389.4
09/02/2021,0,23090.0,60.74,13342.0,13042.0,0.0,300.0,17659.0,16309.0,0.0,1350.0,12872.0,12622.0,0.0,250.0,17670.0,17270.0,0.0,400.0,3420.0,389.4
10/02/2021,1,23090.0,61.17,13685.0,13042.0,0.0,643.0,18038.0,16309.0,0.0,1729.0,13225.0,12622.0,0.0,603.0,18117.0,17270.0,0.0,847.0,3220.0,305.68
11/02/2021,0,23090.0,61.09,13685.0,13042.0,0.0,643.0,18038.0,16309.0,0.0,1729.0,13225.0,12622.0,0.0,603.0,18117.0,17270.0,0.0,847.0,3220.0,305.68
12/02/2021,0,23090.0,62.47,13685.0,13042.0,0.0,643.0,18038.0,16309.0,0.0,1729.0,13225.0,12622.0,0.0,603.0,18117.0,17270.0,0.0,847.0,3220.0,305.68
13/02/2021,0,23090.0,62.839999999999996,13685.0,13042.0,0.0,643.0,18038.0,16309.0,0.0,1729.0,13225.0,12622.0,0.0,603.0,18117.0,17270.0,0.0,847.0,3220.0,305.68
14/02/2021,0,23090.0,63.21,13685.0,13042.0,0.0,643.0,18038.0,16309.0,0.0,1729.0,13225.0,12622.0,0.0,603.0,18117.0,17270.0,0.0,847.0,3220.0,305.68
15/02/2021,0,23090.0,63.58,13685.0,13042.0,0.0,643.0,18038.0,16309.0,0.0,1729.0,13225.0,12622.0,0.0,603.0,18117.0,17270.0,0.0,847.0,3220.0,305.68
16/02/2021,0,23090.0,63.96,13685.0,13042.0,0.0,643.0,18038.0,16309.0,0.0,1729.0,13225.0,12622.0,0.0,603.0,18117.0,17270.0,0.0,847.0,3220.0,305.68
17/02/2021,0,23090.0,65.02,13685.0,13042.0,0.0,643.0,18038.0,16309.0,0.0,1729.0,13225.0,12622.0,0.0,603.0,18117.0,17270.0,0.0,847.0,3220.0,305.68
18/02/2021,0,23090.0,64.09,13685.0,13042.0,0.0,643.0,18038.0,16309.0,0.0,1729.0,13225.0,12622.0,0.0,603.0,18117.0,17270.0,0.0,847.0,3220.0,305.68
19/02/2021,0,23105.0,62.84,13685.0,13042.0,0.0,643.0,18038.0,16309.0,0.0,1729.0,13225.0,12622.0,0.0,603.0,18117.0,17270.0,0.0,847.0,3220.0,305.68
20/02/2021,0,23105.0,63.470000000000006,13685.0,13042.0,0.0,643.0,18038.0,16309.0,0.0,1729.0,13225.0,12622.0,0.0,603.0,18117.0,17270.0,0.0,847.0,3220.0,305.68
21/02/2021,0,23105.0,64.10000000000001,13685.0,13042.0,0.0,643.0,18038.0,16309.0,0.0,1729.0,13225.0,12622.0,0.0,603.0,18117.0,17270.0,0.0,847.0,3220.0,305.68
22/02/2021,0,23110.0,64.73,13685.0,13042.0,0.0,643.0,18038.0,16309.0,0.0,1729.0,13225.0,12622.0,0.0,603.0,18117.0,17270.0,0.0,847.0,3220.0,305.68
23/02/2021,0,23120.0,65.16,13685.0,13042.0,0.0,643.0,18038.0,16309.0,0.0,1729.0,13225.0,12622.0,0.0,603.0,18117.0,17270.0,0.0,847.0,3220.0,305.68
24/02/2021,0,23120.0,66.85,13685.0,13042.0,0.0,643.0,18038.0,16309.0,0.0,1729.0,13225.0,12622.0,0.0,603.0,18117.0,17270.0,0.0,847.0,3220.0,305.68
25/02/2021,1,23110.0,66.69,14693.0,13843.0,0.0,850.0,19031.0,17031.0,0.0,2000.0,13927.0,13127.0,0.0,800.0,19234.0,18084.0,0.0,1150.0,2900.0,273.15
26/02/2021,0,23100.0,65.86,14693.0,13843.0,0.0,850.0,19031.0,17031.0,0.0,2000.0,13927.0,13127.0,0.0,800.0,19234.0,18084.0,0.0,1150.0,2900.0,273.15
27/02/2021,0,23100.0,65.42666666666666,14693.0,13843.0,0.0,850.0,19031.0,17031.0,0.0,2000.0,13927.0,13127.0,0.0,800.0,19234.0,18084.0,0.0,1150.0,2900.0,273.15
28/02/2021,0,23100.0,64.99333333333334,14693.0,13843.0,0.0,850.0,19031.0,17031.0,0.0,2000.0,13927.0,13127.0,0.0,800.0,19234.0,18084.0,0.0,1150.0,2900.0,273.15
01/03/2021,0,23110.0,64.56,14693.0,13843.0,0.0,850.0,19031.0,17031.0,0.0,2000.0,13927.0,13127.0,0.0,800.0,19234.0,18084.0,0.0,1150.0,2900.0,273.15
02/03/2021,0,23120.0,63.17,14693.0,13843.0,0.0,850.0,19031.0,17031.0,0.0,2000.0,13927.0,13127.0,0.0,800.0,19234.0,18084.0,0.0,1150.0,2900.0,273.15
03/03/2021,0,23120.0,64.7,14693.0,13843.0,0.0,850.0,19031.0,17031.0,0.0,2000.0,13927.0,13127.0,0.0,800.0,19234.0,18084.0,0.0,1150.0,2900.0,273.15
04/03/2021,0,23110.0,67.32,14693.0,13843.0,0.0,850.0,19031.0,17031.0,0.0,2000.0,13927.0,13127.0,0.0,800.0,19234.0,18084.0,0.0,1150.0,2900.0,273.15
05/03/2021,0,23125.0,69.95,14693.0,13843.0,0.0,850.0,19031.0,17031.0,0.0,2000.0,13927.0,13127.0,0.0,800.0,19234.0,18084.0,0.0,1150.0,2900.0,273.15
06/03/2021,0,23125.0,69.3,14693.0,13843.0,0.0,850.0,19031.0,17031.0,0.0,2000.0,13927.0,13127.0,0.0,800.0,19234.0,18084.0,0.0,1150.0,2900.0,273.15
07/03/2021,0,23125.0,68.65,14693.0,13843.0,0.0,850.0,19031.0,17031.0,0.0,2000.0,13927.0,13127.0,0.0,800.0,19234.0,18084.0,0.0,1150.0,2900.0,273.15
08/03/2021,0,23140.0,68.0,14693.0,13843.0,0.0,850.0,19031.0,17031.0,0.0,2000.0,13927.0,13127.0,0.0,800.0,19234.0,18084.0,0.0,1150.0,2900.0,273.15
09/03/2021,0,23140.0,67.03,14693.0,13843.0,0.0,850.0,19031.0,17031.0,0.0,2000.0,13927.0,13127.0,0.0,800.0,19234.0,18084.0,0.0,1150.0,2900.0,273.15
10/03/2021,0,23140.0,67.53,14693.0,13843.0,0.0,850.0,19031.0,17031.0,0.0,2000.0,13927.0,13127.0,0.0,800.0,19234.0,18084.0,0.0,1150.0,2900.0,273.15
11/03/2021,0,23140.0,69.34,14693.0,13843.0,0.0,850.0,19031.0,17031.0,0.0,2000.0,13927.0,13127.0,0.0,800.0,19234.0,18084.0,0.0,1150.0,2900.0,273.15
12/03/2021,1,23140.0,68.87,15001.0,14401.0,0.0,600.0,19722.0,17722.0,0.0,2000.0,14369.0,13769.0,0.0,600.0,19981.0,18881.0,0.0,1100.0,2400.0,13.87
13/03/2021,0,23140.0,68.84,15001.0,14401.0,0.0,600.0,19722.0,17722.0,0.0,2000.0,14369.0,13769.0,0.0,600.0,19981.0,18881.0,0.0,1100.0,2400.0,13.87
14/03/2021,0,23140.0,68.81,15001.0,14401.0,0.0,600.0,19722.0,17722.0,0.0,2000.0,14369.0,13769.0,0.0,600.0,19981.0,18881.0,0.0,1100.0,2400.0,13.87
15/03/2021,0,23170.0,68.78,15001.0,14401.0,0.0,600.0,19722.0,17722.0,0.0,2000.0,14369.0,13769.0,0.0,600.0,19981.0,18881.0,0.0,1100.0,2400.0,13.87
16/03/2021,0,23165.0,67.95,15001.0,14401.0,0.0,600.0,19722.0,17722.0,0.0,2000.0,14369.0,13769.0,0.0,600.0,19981.0,18881.0,0.0,1100.0,2400.0,13.87
17/03/2021,0,23160.0,67.73,15001.0,14401.0,0.0,600.0,19722.0,17722.0,0.0,2000.0,14369.0,13769.0,0.0,600.0,19981.0,18881.0,0.0,1100.0,2400.0,13.87
18/03/2021,0,23160.0,62.11,15001.0,14401.0,0.0,600.0,19722.0,17722.0,0.0,2000.0,14369.0,13769.0,0.0,600.0,19981.0,18881.0,0.0,1100.0,2400.0,13.87
19/03/2021,0,23160.0,64.0,15001.0,14401.0,0.0,600.0,19722.0,17722.0,0.0,2000.0,14369.0,13769.0,0.0,600.0,19981.0,18881.0,0.0,1100.0,2400.0,13.87
20/03/2021,0,23160.0,63.96333333333333,15001.0,14401.0,0.0,600.0,19722.0,17722.0,0.0,2000.0,14369.0,13769.0,0.0,600.0,19981.0,18881.0,0.0,1100.0,2400.0,13.87
21/03/2021,0,23160.0,63.92666666666667,15001.0,14401.0,0.0,600.0,19722.0,17722.0,0.0,2000.0,14369.0,13769.0,0.0,600.0,19981.0,18881.0,0.0,1100.0,2400.0,13.87
22/03/2021,0,23170.0,63.89,15001.0,14401.0,0.0,600.0,19722.0,17722.0,0.0,2000.0,14369.0,13769.0,0.0,600.0,19981.0,18881.0,0.0,1100.0,2400.0,13.87
23/03/2021,0,23170.0,59.96,15001.0,14401.0,0.0,600.0,19722.0,17722.0,0.0,2000.0,14369.0,13769.0,0.0,600.0,19981.0,18881.0,0.0,1100.0,2400.0,13.87
24/03/2021,0,23170.0,63.7,15001.0,14401.0,0.0,600.0,19722.0,17722.0,0.0,2000.0,14369.0,13769.0,0.0,600.0,19981.0,18881.0,0.0,1100.0,2400.0,13.87
25/03/2021,0,23190.0,61.21,15001.0,14401.0,0.0,600.0,19722.0,17722.0,0.0,2000.0,14369.0,13769.0,0.0,600.0,19981.0,18881.0,0.0,1100.0,2400.0,13.87
26/03/2021,0,23175.0,63.77,15001.0,14401.0,0.0,600.0,19722.0,17722.0,0.0,2000.0,14369.0,13769.0,0.0,600.0,19981.0,18881.0,0.0,1100.0,2400.0,13.87
27/03/2021,1,23175.0,63.86666666666667,14743.0,14243.0,0.0,500.0,19751.0,17851.0,0.0,1900.0,14357.0,13757.0,0.0,600.0,20096.0,19046.0,0.0,1050.0,2100.0,-64.61
28/03/2021,0,23175.0,63.96333333333334,14743.0,14243.0,0.0,500.0,19751.0,17851.0,0.0,1900.0,14357.0,13757.0,0.0,600.0,20096.0,19046.0,0.0,1050.0,2100.0,-64.61
29/03/2021,0,23160.0,64.06,14743.0,14243.0,0.0,500.0,19751.0,17851.0,0.0,1900.0,14357.0,13757.0,0.0,600.0,20096.0,19046.0,0.0,1050.0,2100.0,-64.61
30/03/2021,0,23160.0,63.28,14743.0,14243.0,0.0,500.0,19751.0,17851.0,0.0,1900.0,14357.0,13757.0,0.0,600.0,20096.0,19046.0,0.0,1050.0,2100.0,-64.61
31/03/2021,0,23170.0,63.52,14743.0,14243.0,0.0,500.0,19751.0,17851.0,0.0,1900.0,14357.0,13757.0,0.0,600.0,20096.0,19046.0,0.0,1050.0,2100.0,-64.61
01/04/2021,0,23170.0,63.85,14743.0,14243.0,0.0,500.0,19751.0,17851.0,0.0,1900.0,14357.0,13757.0,0.0,600.0,20096.0,19046.0,0.0,1050.0,2100.0,-64.61
02/04/2021,0,23160.0,63.374,14743.0,14243.0,0.0,500.0,19751.0,17851.0,0.0,1900.0,14357.0,13757.0,0.0,600.0,20096.0,19046.0,0.0,1050.0,2100.0,-64.61
03/04/2021,0,23160.0,62.898,14743.0,14243.0,0.0,500.0,19751.0,17851.0,0.0,1900.0,14357.0,13757.0,0.0,600.0,20096.0,19046.0,0.0,1050.0,2100.0,-64.61
04/04/2021,0,23160.0,62.422,14743.0,14243.0,0.0,500.0,19751.0,17851.0,0.0,1900.0,14357.0,13757.0,0.0,600.0,20096.0,19046.0,0.0,1050.0,2100.0,-64.61
05/04/2021,0,23160.0,61.946,14743.0,14243.0,0.0,500.0,19751.0,17851.0,0.0,1900.0,14357.0,13757.0,0.0,600.0,20096.0,19046.0,0.0,1050.0,2100.0,-64.61
06/04/2021,0,23180.0,61.47,14743.0,14243.0,0.0,500.0,19751.0,17851.0,0.0,1900.0,14357.0,13757.0,0.0,600.0,20096.0,19046.0,0.0,1050.0,2100.0,-64.61
07/04/2021,0,23180.0,61.86,14743.0,14243.0,0.0,500.0,19751.0,17851.0,0.0,1900.0,14357.0,13757.0,0.0,600.0,20096.0,19046.0,0.0,1050.0,2100.0,-64.61
08/04/2021,0,23180.0,62.09,14743.0,14243.0,0.0,500.0,19751.0,17851.0,0.0,1900.0,14357.0,13757.0,0.0,600.0,20096.0,19046.0,0.0,1050.0,2100.0,-64.61
09/04/2021,0,23160.0,61.89,14743.0,14243.0,0.0,500.0,19751.0,17851.0,0.0,1900.0,14357.0,13757.0,0.0,600.0,20096.0,19046.0,0.0,1050.0,2100.0,-64.61
10/04/2021,0,23160.0,62.053333333333335,14743.0,14243.0,0.0,500.0,19751.0,17851.0,0.0,1900.0,14357.0,13757.0,0.0,600.0,20096.0,19046.0,0.0,1050.0,2100.0,-64.61
11/04/2021,0,23160.0,62.21666666666667,14743.0,14243.0,0.0,500.0,19751.0,17851.0,0.0,1900.0,14357.0,13757.0,0.0,600.0,20096.0,19046.0,0.0,1050.0,2100.0,-64.61
12/04/2021,1,23160.0,62.38,14391.0,14141.0,0.0,250.0,19606.0,17806.0,0.0,1800.0,14187.0,13687.0,0.0,500.0,19920.0,18970.0,0.0,950.0,1730.0,-137.77
13/04/2021,0,23160.0,62.83,14391.0,14141.0,0.0,250.0,19606.0,17806.0,0.0,1800.0,14187.0,13687.0,0.0,500.0,19920.0,18970.0,0.0,950.0,1730.0,-137.77
14/04/2021,0,23160.0,66.11,14391.0,14141.0,0.0,250.0,19606.0,17806.0,0.0,1800.0,14187.0,13687.0,0.0,500.0,19920.0,18970.0,0.0,950.0,1730.0,-137.77
15/04/2021,0,23160.0,66.13,14391.0,14141.0,0.0,250.0,19606.0,17806.0,0.0,1800.0,14187.0,13687.0,0.0,500.0,19920.0,18970.0,0.0,950.0,1730.0,-137.77
16/04/2021,0,23160.0,65.98,14391.0,14141.0,0.0,250.0,19606.0,17806.0,0.0,1800.0,14187.0,13687.0,0.0,500.0,19920.0,18970.0,0.0,950.0,1730.0,-137.77
17/04/2021,0,23160.0,66.16666666666667,14391.0,14141.0,0.0,250.0,19606.0,17806.0,0.0,1800.0,14187.0,13687.0,0.0,500.0,19920.0,18970.0,0.0,950.0,1730.0,-137.77
18/04/2021,0,23160.0,66.35333333333334,14391.0,14141.0,0.0,250.0,19606.0,17806.0,0.0,1800.0,14187.0,13687.0,0.0,500.0,19920.0,18970.0,0.0,950.0,1730.0,-137.77
19/04/2021,0,23165.0,66.54,14391.0,14141.0,0.0,250.0,19606.0,17806.0,0.0,1800.0,14187.0,13687.0,0.0,500.0,19920.0,18970.0,0.0,950.0,1730.0,-137.77
20/04/2021,0,23170.0,65.34,14391.0,14141.0,0.0,250.0,19606.0,17806.0,0.0,1800.0,14187.0,13687.0,0.0,500.0,19920.0,18970.0,0.0,950.0,1730.0,-137.77
21/04/2021,0,23170.0,64.02,14391.0,14141.0,0.0,250.0,19606.0,17806.0,0.0,1800.0,14187.0,13687.0,0.0,500.0,19920.0,18970.0,0.0,950.0,1730.0,-137.77
22/04/2021,0,23165.0,65.07,14391.0,14141.0,0.0,250.0,19606.0,17806.0,0.0,1800.0,14187.0,13687.0,0.0,500.0,19920.0,18970.0,0.0,950.0,1730.0,-137.77
23/04/2021,0,23155.0,65.75,14391.0,14141.0,0.0,250.0,19606.0,17806.0,0.0,1800.0,14187.0,13687.0,0.0,500.0,19920.0,18970.0,0.0,950.0,1730.0,-137.77
24/04/2021,0,23155.0,65.66666666666667,14391.0,14141.0,0.0,250.0,19606.0,17806.0,0.0,1800.0,14187.0,13687.0,0.0,500.0,19920.0,18970.0,0.0,950.0,1730.0,-137.77
25/04/2021,0,23155.0,65.58333333333333,14391.0,14141.0,0.0,250.0,19606.0,17806.0,0.0,1800.0,14187.0,13687.0,0.0,500.0,19920.0,18970.0,0.0,950.0,1730.0,-137.77
26/04/2021,0,23150.0,65.5,14391.0,14141.0,0.0,250.0,19606.0,17806.0,0.0,1800.0,14187.0,13687.0,0.0,500.0,19920.0,18970.0,0.0,950.0,1730.0,-137.77
27/04/2021,0,23140.0,66.25,14391.0,14141.0,0.0,250.0,19606.0,17806.0,0.0,1800.0,14187.0,13687.0,0.0,500.0,19920.0,18970.0,0.0,950.0,1400.0,-178.14
28/04/2021,0,23140.0,67.08,14391.0,14141.0,0.0,250.0,19606.0,17806.0,0.0,1800.0,14187.0,13687.0,0.0,500.0,19920.0,18970.0,0.0,950.0,1400.0,-178.14
29/04/2021,0,23140.0,68.26,14391.0,14141.0,0.0,250.0,19606.0,17806.0,0.0,1800.0,14187.0,13687.0,0.0,500.0,19920.0,18970.0,0.0,950.0,1400.0,-178.14
30/04/2021,0,23140.0,67.73,14391.0,14141.0,0.0,250.0,19606.0,17806.0,0.0,1800.0,14187.0,13687.0,0.0,500.0,19920.0,18970.0,0.0,950.0,1400.0,-178.14
01/05/2021,0,23140.0,68.025,14391.0,14141.0,0.0,250.0,19606.0,17806.0,0.0,1800.0,14187.0,13687.0,0.0,500.0,19920.0,18970.0,0.0,950.0,1400.0,-178.14
02/05/2021,0,23140.0,68.32,14391.0,14141.0,0.0,250.0,19606.0,17806.0,0.0,1800.0,14187.0,13687.0,0.0,500.0,19920.0,18970.0,0.0,950.0,1400.0,-178.14
03/05/2021,0,23140.0,68.615,14391.0,14141.0,0.0,250.0,19606.0,17806.0,0.0,1800.0,14187.0,13687.0,0.0,500.0,19920.0,18970.0,0.0,950.0,1400.0,-178.14
04/05/2021,0,23150.0,68.91,14391.0,14141.0,0.0,250.0,19606.0,17806.0,0.0,1800.0,14187.0,13687.0,0.0,500.0,19920.0,18970.0,0.0,950.0,1400.0,-178.14
05/05/2021,0,23150.0,69.71,14391.0,14141.0,0.0,250.0,19606.0,17806.0,0.0,1800.0,14187.0,13687.0,0.0,500.0,19920.0,18970.0,0.0,950.0,1400.0,-178.14
06/05/2021,0,23150.0,68.62,14391.0,14141.0,0.0,250.0,19606.0,17806.0,0.0,1800.0,14187.0,13687.0,0.0,500.0,19920.0,18970.0,0.0,950.0,1400.0,-178.14
07/05/2021,0,23160.0,68.73,14391.0,14141.0,0.0,250.0,19606.0,17806.0,0.0,1800.0,14187.0,13687.0,0.0,500.0,19920.0,18970.0,0.0,950.0,1400.0,-178.14
08/05/2021,0,23160.0,68.69,14391.0,14141.0,0.0,250.0,19606.0,17806.0,0.0,1800.0,14187.0,13687.0,0.0,500.0,19920.0,18970.0,0.0,950.0,1400.0,-178.14
09/05/2021,0,23160.0,68.65,14391.0,14141.0,0.0,250.0,19606.0,17806.0,0.0,1800.0,14187.0,13687.0,0.0,500.0,19920.0,18970.0,0.0,950.0,1400.0,-178.14
10/05/2021,0,23150.0,68.61,14391.0,14141.0,0.0,250.0,19606.0,17806.0,0.0,1800.0,14187.0,13687.0,0.0,500.0,19920.0,18970.0,0.0,950.0,1400.0,-178.14
11/05/2021,0,23160.0,68.83,14391.0,14141.0,0.0,250.0,19606.0,17806.0,0.0,1800.0,14187.0,13687.0,0.0,500.0,19920.0,18970.0,0.0,950.0,1400.0,-178.14
12/05/2021,1,23160.0,69.62,15174.0,14774.0,0.0,400.0,20326.0,18426.0,0.0,1900.0,14779.0,14279.0,0.0,500.0,20581.0,19531.0,0.0,1050.0,1000.0,-278.65
13/05/2021,0,23140.0,67.36,15174.0,14774.0,0.0,400.0,20326.0,18426.0,0.0,1900.0,14779.0,14279.0,0.0,500.0,20581.0,19531.0,0.0,1050.0,1000.0,-278.65
14/05/2021,0,23150.0,69.24,15174.0,14774.0,0.0,400.0,20326.0,18426.0,0.0,1900.0,14779.0,14279.0,0.0,500.0,20581.0,19531.0,0.0,1050.0,1000.0,-278.65
15/05/2021,0,23150.0,69.36666666666666,15174.0,14774.0,0.0,400.0,20326.0,18426.0,0.0,1900.0,14779.0,14279.0,0.0,500.0,20581.0,19531.0,0.0,1050.0,1000.0,-278.65
16/05/2021,0,23150.0,69.49333333333334,15174.0,14774.0,0.0,400.0,20326.0,18426.0,0.0,1900.0,14779.0,14279.0,0.0,500.0,20581.0,19531.0,0.0,1050.0,1000.0,-278.65
17/05/2021,0,23140.0,69.62,15174.0,14774.0,0.0,400.0,20326.0,18426.0,0.0,1900.0,14779.0,14279.0,0.0,500.0,20581.0,19531.0,0.0,1050.0,1000.0,-278.65
18/05/2021,0,23150.0,69.01,15174.0,14774.0,0.0,400.0,20326.0,18426.0,0.0,1900.0,14779.0,14279.0,0.0,500.0,20581.0,19531.0,0.0,1050.0,1000.0,-278.65
19/05/2021,0,23150.0,66.88,15174.0,14774.0,0.0,400.0,20326.0,18426.0,0.0,1900.0,14779.0,14279.0,0.0,500.0,20581.0,19531.0,0.0,1050.0,1000.0,-278.65
20/05/2021,0,23150.0,65.18,15174.0,14774.0,0.0,400.0,20326.0,18426.0,0.0,1900.0,14779.0,14279.0,0.0,500.0,20581.0,19531.0,0.0,1050.0,1000.0,-278.65
21/05/2021,0,23150.0,66.72,15174.0,14774.0,0.0,400.0,20326.0,18426.0,0.0,1900.0,14779.0,14279.0,0.0,500.0,20581.0,19531.0,0.0,1050.0,1000.0,-278.65
22/05/2021,0,23150.0,67.34333333333333,15174.0,14774.0,0.0,400.0,20326.0,18426.0,0.0,1900.0,14779.0,14279.0,0.0,500.0,20581.0,19531.0,0.0,1050.0,1000.0,-278.65
23/05/2021,0,23150.0,67.96666666666667,15174.0,14774.0,0.0,400.0,20326.0,18426.0,0.0,1900.0,14779.0,14279.0,0.0,500.0,20581.0,19531.0,0.0,1050.0,1000.0,-278.65
24/05/2021,0,23160.0,68.59,15174.0,14774.0,0.0,400.0,20326.0,18426.0,0.0,1900.0,14779.0,14279.0,0.0,500.0,20581.0,19531.0,0.0,1050.0,1000.0,-278.65
25/05/2021,0,23160.0,68.8,15174.0,14774.0,0.0,400.0,20326.0,18426.0,0.0,1900.0,14779.0,14279.0,0.0,500.0,20581.0,19531.0,0.0,1050.0,1000.0,-278.65
26/05/2021,0,23160.0,68.93,15174.0,14774.0,0.0,400.0,20326.0,18426.0,0.0,1900.0,14779.0,14279.0,0.0,500.0,20581.0,19531.0,0.0,1050.0,1000.0,-278.65
27/05/2021,0,23140.0,69.43,15174.0,14774.0,0.0,400.0,20326.0,18426.0,0.0,1900.0,14779.0,14279.0,0.0,500.0,20581.0,19531.0,0.0,1050.0,710.0,-396.53
28/05/2021,0,23140.0,69.36,15174.0,14774.0,0.0,400.0,20326.0,18426.0,0.0,1900.0,14779.0,14279.0,0.0,500.0,20581.0,19531.0,0.0,1050.0,710.0,-396.53
29/05/2021,0,23140.0,69.5275,15174.0,14774.0,0.0,400.0,20326.0,18426.0,0.0,1900.0,14779.0,14279.0,0.0,500.0,20581.0,19531.0,0.0,1050.0,710.0,-396.53
30/05/2021,0,23140.0,69.695,15174.0,14774.0,0.0,400.0,20326.0,18426.0,0.0,1900.0,14779.0,14279.0,0.0,500.0,20581.0,19531.0,0.0,1050.0,710.0,-396.53
31/05/2021,0,23145.0,69.8625,15174.0,14774.0,0.0,400.0,20326.0,18426.0,0.0,1900.0,14779.0,14279.0,0.0,500.0,20581.0,19531.0,0.0,1050.0,710.0,-396.53
01/06/2021,0,23145.0,70.03,15174.0,14774.0,0.0,400.0,20326.0,18426.0,0.0,1900.0,14779.0,14279.0,0.0,500.0,20581.0,19531.0,0.0,1050.0,710.0,-396.53
02/06/2021,0,23145.0,70.6,15174.0,14774.0,0.0,400.0,20326.0,18426.0,0.0,1900.0,14779.0,14279.0,0.0,500.0,20581.0,19531.0,0.0,1050.0,710.0,-396.53
03/06/2021,0,23140.0,70.71,15174.0,14774.0,0.0,400.0,20326.0,18426.0,0.0,1900.0,14779.0,14279.0,0.0,500.0,20581.0,19531.0,0.0,1050.0,710.0,-396.53
04/06/2021,0,23150.0,71.3,15174.0,14774.0,0.0,400.0,20326.0,18426.0,0.0,1900.0,14779.0,14279.0,0.0,500.0,20581.0,19531.0,0.0,1050.0,710.0,-396.53
05/06/2021,0,23150.0,71.16333333333333,15174.0,14774.0,0.0,400.0,20326.0,18426.0,0.0,1900.0,14779.0,14279.0,0.0,500.0,20581.0,19531.0,0.0,1050.0,710.0,-396.53
06/06/2021,0,23150.0,71.02666666666667,15174.0,14774.0,0.0,400.0,20326.0,18426.0,0.0,1900.0,14779.0,14279.0,0.0,500.0,20581.0,19531.0,0.0,1050.0,710.0,-396.53
07/06/2021,0,23070.0,70.89,15174.0,14774.0,0.0,400.0,20326.0,18426.0,0.0,1900.0,14779.0,14279.0,0.0,500.0,20581.0,19531.0,0.0,1050.0,710.0,-396.53
08/06/2021,0,23060.0,71.39,15174.0,14774.0,0.0,400.0,20326.0,18426.0,0.0,1900.0,14779.0,14279.0,0.0,500.0,20581.0,19531.0,0.0,1050.0,710.0,-396.53
09/06/2021,0,23060.0,71.31,15174.0,14774.0,0.0,400.0,20326.0,18426.0,0.0,1900.0,14779.0,14279.0,0.0,500.0,20581.0,19531.0,0.0,1050.0,710.0,-396.53
10/06/2021,0,23040.0,71.65,15174.0,14774.0,0.0,400.0,20326.0,18426.0,0.0,1900.0,14779.0,14279.0,0.0,500.0,20581.0,19531.0,0.0,1050.0,710.0,-396.53
11/06/2021,1,23050.0,72.05,15748.0,15448.0,0.0,300.0,20648.0,19048.0,0.0,1600.0,14945.0,14945.0,0.0,0.0,20764.0,20164.0,0.0,600.0,370.0,-543.35
12/06/2021,0,23050.0,72.12333333333333,15748.0,15448.0,0.0,300.0,20648.0,19048.0,0.0,1600.0,14945.0,14945.0,0.0,0.0,20764.0,20164.0,0.0,600.0,370.0,-543.35
13/06/2021,0,23050.0,72.19666666666666,15748.0,15448.0,0.0,300.0,20648.0,19048.0,0.0,1600.0,14945.0,14945.0,0.0,0.0,20764.0,20164.0,0.0,600.0,370.0,-543.35
14/06/2021,0,23050.0,72.27,15748.0,15448.0,0.0,300.0,20648.0,19048.0,0.0,1600.0,14945.0,14945.0,0.0,0.0,20764.0,20164.0,0.0,600.0,370.0,-543.35
15/06/2021,0,23050.0,73.38,15748.0,15448.0,0.0,300.0,20648.0,19048.0,0.0,1600.0,14945.0,14945.0,0.0,0.0,20764.0,20164.0,0.0,600.0,370.0,-543.35
16/06/2021,0,23050.0,73.88,15748.0,15448.0,0.0,300.0,20648.0,19048.0,0.0,1600.0,14945.0,14945.0,0.0,0.0,20764.0,20164.0,0.0,600.0,370.0,-543.35
17/06/2021,0,23060.0,72.92,15748.0,15448.0,0.0,300.0,20648.0,19048.0,0.0,1600.0,14945.0,14945.0,0.0,0.0,20764.0,20164.0,0.0,600.0,370.0,-543.35
18/06/2021,0,23110.0,73.1,15748.0,15448.0,0.0,300.0,20648.0,19048.0,0.0,1600.0,14945.0,14945.0,0.0,0.0,20764.0,20164.0,0.0,600.0,370.0,-543.35
19/06/2021,0,23110.0,73.56333333333333,15748.0,15448.0,0.0,300.0,20648.0,19048.0,0.0,1600.0,14945.0,14945.0,0.0,0.0,20764.0,20164.0,0.0,600.0,370.0,-543.35
20/06/2021,0,23110.0,74.02666666666666,15748.0,15448.0,0.0,300.0,20648.0,19048.0,0.0,1600.0,14945.0,14945.0,0.0,0.0,20764.0,20164.0,0.0,600.0,370.0,-543.35
21/06/2021,0,23120.0,74.49,15748.0,15448.0,0.0,300.0,20648.0,19048.0,0.0,1600.0,14945.0,14945.0,0.0,0.0,20764.0,20164.0,0.0,600.0,370.0,-543.35
22/06/2021,0,23120.0,74.92,15748.0,15448.0,0.0,300.0,20648.0,19048.0,0.0,1600.0,14945.0,14945.0,0.0,0.0,20764.0,20164.0,0.0,600.0,370.0,-543.35
23/06/2021,0,23120.0,75.22,15748.0,15448.0,0.0,300.0,20648.0,19048.0,0.0,1600.0,14945.0,14945.0,0.0,0.0,20764.0,20164.0,0.0,600.0,370.0,-543.35
24/06/2021,0,23100.0,75.95,15748.0,15448.0,0.0,300.0,20648.0,19048.0,0.0,1600.0,14945.0,14945.0,0.0,0.0,20764.0,20164.0,0.0,600.0,370.0,-543.35
25/06/2021,0,23110.0,76.45,15748.0,15448.0,0.0,300.0,20648.0,19048.0,0.0,1600.0,14945.0,14945.0,0.0,0.0,20764.0,20164.0,0.0,600.0,370.0,-543.35
26/06/2021,1,23110.0,75.89333333333333,16219.0,16119.0,0.0,100.0,21260.0,19760.0,0.0,1500.0,15449.0,15449.0,0.0,0.0,21416.0,20916.0,0.0,500.0,115.0,-607.55
27/06/2021,0,23110.0,75.33666666666667,16219.0,16119.0,0.0,100.0,21260.0,19760.0,0.0,1500.0,15449.0,15449.0,0.0,0.0,21416.0,20916.0,0.0,500.0,115.0,-607.55
28/06/2021,0,23120.0,74.78,16219.0,16119.0,0.0,100.0,21260.0,19760.0,0.0,1500.0,15449.0,15449.0,0.0,0.0,21416.0,20916.0,0.0,500.0,115.0,-607.55
29/06/2021,0,23120.0,75.38,16219.0,16119.0,0.0,100.0,21260.0,19760.0,0.0,1500.0,15449.0,15449.0,0.0,0.0,21416.0,20916.0,0.0,500.0,115.0,-607.55
30/06/2021,0,23120.0,76.94,16219.0,16119.0,0.0,100.0,21260.0,19760.0,0.0,1500.0,15449.0,15449.0,0.0,0.0,21416.0,20916.0,0.0,500.0,115.0,-607.55
01/07/2021,0,23110.0,76.69,16219.0,16119.0,0.0,100.0,21260.0,19760.0,0.0,1500.0,15449.0,15449.0,0.0,0.0,21416.0,20916.0,0.0,500.0,115.0,-607.55
02/07/2021,0,23100.0,77.51,16219.0,16119.0,0.0,100.0,21260.0,19760.0,0.0,1500.0,15449.0,15449.0,0.0,0.0,21416.0,20916.0,0.0,500.0,115.0,-607.55
03/07/2021,0,23100.0,77.78666666666668,16219.0,16119.0,0.0,100.0,21260.0,19760.0,0.0,1500.0,15449.0,15449.0,0.0,0.0,21416.0,20916.0,0.0,500.0,115.0,-607.55
04/07/2021,0,23100.0,78.06333333333333,16219.0,16119.0,0.0,100.0,21260.0,19760.0,0.0,1500.0,15449.0,15449.0,0.0,0.0,21416.0,20916.0,0.0,500.0,115.0,-607.55
05/07/2021,0,23100.0,78.34,16219.0,16119.0,0.0,100.0,21260.0,19760.0,0.0,1500.0,15449.0,15449.0,0.0,0.0,21416.0,20916.0,0.0,500.0,115.0,-607.55
06/07/2021,0,23100.0,75.81,16219.0,16119.0,0.0,100.0,21260.0,19760.0,0.0,1500.0,15449.0,15449.0,0.0,0.0,21416.0,20916.0,0.0,500.0,115.0,-607.55
07/07/2021,0,23100.0,74.31,16219.0,16119.0,0.0,100.0,21260.0,19760.0,0.0,1500.0,15449.0,15449.0,0.0,0.0,21416.0,20916.0,0.0,500.0,115.0,-607.55
08/07/2021,0,23120.0,75.07,16219.0,16119.0,0.0,100.0,21260.0,19760.0,0.0,1500.0,15449.0,15449.0,0.0,0.0,21416.0,20916.0,0.0,500.0,115.0,-607.55
09/07/2021,0,23100.0,77.14,16219.0,16119.0,0.0,100.0,21260.0,19760.0,0.0,1500.0,15449.0,15449.0,0.0,0.0,21416.0,20916.0,0.0,500.0,115.0,-607.55
10/07/2021,0,23100.0,77.01666666666667,16219.0,16119.0,0.0,100.0,21260.0,19760.0,0.0,1500.0,15449.0,15449.0,0.0,0.0,21416.0,20916.0,0.0,500.0,115.0,-607.55
11/07/2021,0,23100.0,76.89333333333333,16219.0,16119.0,0.0,100.0,21260.0,19760.0,0.0,1500.0,15449.0,15449.0,0.0,0.0,21416.0,20916.0,0.0,500.0,115.0,-607.55
12/07/2021,1,23120.0,76.77,16537.0,16737.0,200.0,0.0,21910.0,20610.0,0.0,1300.0,15670.0,15970.0,300.0,0.0,22133.0,21783.0,0.0,350.0,-54.0,-657.24
13/07/2021,0,23120.0,77.5,16537.0,16737.0,200.0,0.0,21910.0,20610.0,0.0,1300.0,15670.0,15970.0,300.0,0.0,22133.0,21783.0,0.0,350.0,-54.0,-657.24
14/07/2021,0,23110.0,75.74,16537.0,16737.0,200.0,0.0,21910.0,20610.0,0.0,1300.0,15670.0,15970.0,300.0,0.0,22133.0,21783.0,0.0,350.0,-54.0,-657.24
15/07/2021,0,23120.0,74.53,16537.0,16737.0,200.0,0.0,21910.0,20610.0,0.0,1300.0,15670.0,15970.0,300.0,0.0,22133.0,21783.0,0.0,350.0,-54.0,-657.24
16/07/2021,0,23110.0,74.46,16537.0,16737.0,200.0,0.0,21910.0,20610.0,0.0,1300.0,15670.0,15970.0,300.0,0.0,22133.0,21783.0,0.0,350.0,-54.0,-657.24
17/07/2021,0,23110.0,72.75,16537.0,16737.0,200.0,0.0,21910.0,20610.0,0.0,1300.0,15670.0,15970.0,300.0,0.0,22133.0,21783.0,0.0,350.0,-54.0,-657.24
18/07/2021,0,23110.0,71.03999999999999,16537.0,16737.0,200.0,0.0,21910.0,20610.0,0.0,1300.0,15670.0,15970.0,300.0,0.0,22133.0,21783.0,0.0,350.0,-54.0,-657.24
19/07/2021,0,23120.0,69.33,16537.0,16737.0,200.0,0.0,21910.0,20610.0,0.0,1300.0,15670.0,15970.0,300.0,0.0,22133.0,21783.0,0.0,350.0,-54.0,-657.24
20/07/2021,0,23130.0,70.03,16537.0,16737.0,200.0,0.0,21910.0,20610.0,0.0,1300.0,15670.0,15970.0,300.0,0.0,22133.0,21783.0,0.0,350.0,-54.0,-657.24
21/07/2021,0,23130.0,72.54,16537.0,16737.0,200.0,0.0,21910.0,20610.0,0.0,1300.0,15670.0,15970.0,300.0,0.0,22133.0,21783.0,0.0,350.0,-54.0,-657.24
22/07/2021,0,23120.0,74.25,16537.0,16737.0,200.0,0.0,21910.0,20610.0,0.0,1300.0,15670.0,15970.0,300.0,0.0,22133.0,21783.0,0.0,350.0,-54.0,-657.24
23/07/2021,0,23110.0,74.86,16537.0,16737.0,200.0,0.0,21910.0,20610.0,0.0,1300.0,15670.0,15970.0,300.0,0.0,22133.0,21783.0,0.0,350.0,-54.0,-657.24
24/07/2021,0,23110.0,74.83666666666667,16537.0,16737.0,200.0,0.0,21910.0,20610.0,0.0,1300.0,15670.0,15970.0,300.0,0.0,22133.0,21783.0,0.0,350.0,-54.0,-657.24
25/07/2021,0,23110.0,74.81333333333333,16537.0,16737.0,200.0,0.0,21910.0,20610.0,0.0,1300.0,15670.0,15970.0,300.0,0.0,22133.0,21783.0,0.0,350.0,-54.0,-657.24
26/07/2021,0,23110.0,74.79,16537.0,16737.0,200.0,0.0,21910.0,20610.0,0.0,1300.0,15670.0,15970.0,300.0,0.0,22133.0,21783.0,0.0,350.0,-54.0,-657.24
27/07/2021,1,23110.0,74.87,16375.0,16575.0,200.0,0.0,21748.0,20498.0,0.0,1250.0,15522.0,15822.0,300.0,0.0,21981.0,21681.0,0.0,300.0,-90.0,-673.43
28/07/2021,0,23095.0,75.09,16375.0,16575.0,200.0,0.0,21748.0,20498.0,0.0,1250.0,15522.0,15822.0,300.0,0.0,21981.0,21681.0,0.0,300.0,-90.0,-673.43
29/07/2021,0,23070.0,76.3,16375.0,16575.0,200.0,0.0,21748.0,20498.0,0.0,1250.0,15522.0,15822.0,300.0,0.0,21981.0,21681.0,0.0,300.0,-90.0,-673.43
30/07/2021,0,23050.0,77.72,16375.0,16575.0,200.0,0.0,21748.0,20498.0,0.0,1250.0,15522.0,15822.0,300.0,0.0,21981.0,21681.0,0.0,300.0,-90.0,-673.43
31/07/2021,0,23050.0,76.45,16375.0,16575.0,200.0,0.0,21748.0,20498.0,0.0,1250.0,15522.0,15822.0,300.0,0.0,21981.0,21681.0,0.0,300.0,-90.0,-673.43
01/08/2021,0,23050.0,75.17999999999999,16375.0,16575.0,200.0,0.0,21748.0,20498.0,0.0,1250.0,15522.0,15822.0,300.0,0.0,21981.0,21681.0,0.0,300.0,-90.0,-673.43
02/08/2021,0,23050.0,73.91,16375.0,16575.0,200.0,0.0,21748.0,20498.0,0.0,1250.0,15522.0,15822.0,300.0,0.0,21981.0,21681.0,0.0,300.0,-90.0,-673.43
03/08/2021,0,23050.0,73.24,16375.0,16575.0,200.0,0.0,21748.0,20498.0,0.0,1250.0,15522.0,15822.0,300.0,0.0,21981.0,21681.0,0.0,300.0,-90.0,-673.43
04/08/2021,0,23040.0,70.99,16375.0,16575.0,200.0,0.0,21748.0,20498.0,0.0,1250.0,15522.0,15822.0,300.0,0.0,21981.0,21681.0,0.0,300.0,-90.0,-673.43
05/08/2021,0,23040.0,72.14,16375.0,16575.0,200.0,0.0,21748.0,20498.0,0.0,1250.0,15522.0,15822.0,300.0,0.0,21981.0,21681.0,0.0,300.0,-90.0,-673.43
06/08/2021,0,23030.0,71.02,16375.0,16575.0,200.0,0.0,21748.0,20498.0,0.0,1250.0,15522.0,15822.0,300.0,0.0,21981.0,21681.0,0.0,300.0,-90.0,-673.43
07/08/2021,0,23030.0,70.56333333333333,16375.0,16575.0,200.0,0.0,21748.0,20498.0,0.0,1250.0,15522.0,15822.0,300.0,0.0,21981.0,21681.0,0.0,300.0,-90.0,-673.43
08/08/2021,0,23030.0,70.10666666666667,16375.0,16575.0,200.0,0.0,21748.0,20498.0,0.0,1250.0,15522.0,15822.0,300.0,0.0,21981.0,21681.0,0.0,300.0,-90.0,-673.43
09/08/2021,0,23030.0,69.65,16375.0,16575.0,200.0,0.0,21748.0,20498.0,0.0,1250.0,15522.0,15822.0,300.0,0.0,21981.0,21681.0,0.0,300.0,-90.0,-673.43
10/08/2021,0,23000.0,71.14,16375.0,16575.0,200.0,0.0,21748.0,20498.0,0.0,1250.0,15522.0,15822.0,300.0,0.0,21981.0,21681.0,0.0,300.0,-90.0,-673.43
11/08/2021,1,22900.0,71.99,16173.0,16273.0,100.0,0.0,21755.0,20498.0,0.0,1257.0,15405.0,15555.0,150.0,0.0,21982.0,21681.0,0.0,301.0,-145.0,-672.25
12/08/2021,0,22910.0,71.79,16173.0,16273.0,100.0,0.0,21755.0,20498.0,0.0,1257.0,15405.0,15555.0,150.0,0.0,21982.0,21681.0,0.0,301.0,-145.0,-672.25
13/08/2021,0,22930.0,70.9,16173.0,16273.0,100.0,0.0,21755.0,20498.0,0.0,1257.0,15405.0,15555.0,150.0,0.0,21982.0,21681.0,0.0,301.0,-145.0,-672.25
14/08/2021,0,22930.0,70.62333333333333,16173.0,16273.0,100.0,0.0,21755.0,20498.0,0.0,1257.0,15405.0,15555.0,150.0,0.0,21982.0,21681.0,0.0,301.0,-145.0,-672.25
15/08/2021,0,22930.0,70.34666666666666,16173.0,16273.0,100.0,0.0,21755.0,20498.0,0.0,1257.0,15405.0,15555.0,150.0,0.0,21982.0,21681.0,0.0,301.0,-145.0,-672.25
16/08/2021,0,22940.0,70.07,16173.0,16273.0,100.0,0.0,21755.0,20498.0,0.0,1257.0,15405.0,15555.0,150.0,0.0,21982.0,21681.0,0.0,301.0,-145.0,-672.25
17/08/2021,0,22935.0,69.4,16173.0,16273.0,100.0,0.0,21755.0,20498.0,0.0,1257.0,15405.0,15555.0,150.0,0.0,21982.0,21681.0,0.0,301.0,-145.0,-672.25
18/08/2021,0,22910.0,68.61,16173.0,16273.0,100.0,0.0,21755.0,20498.0,0.0,1257.0,15405.0,15555.0,150.0,0.0,21982.0,21681.0,0.0,301.0,-145.0,-672.25
19/08/2021,0,22910.0,66.8,16173.0,16273.0,100.0,0.0,21755.0,20498.0,0.0,1257.0,15405.0,15555.0,150.0,0.0,21982.0,21681.0,0.0,301.0,-145.0,-672.25
20/08/2021,0,22915.0,65.51,16173.0,16273.0,100.0,0.0,21755.0,20498.0,0.0,1257.0,15405.0,15555.0,150.0,0.0,21982.0,21681.0,0.0,301.0,-145.0,-672.25
21/08/2021,0,22915.0,66.69666666666667,16173.0,16273.0,100.0,0.0,21755.0,20498.0,0.0,1257.0,15405.0,15555.0,150.0,0.0,21982.0,21681.0,0.0,301.0,-145.0,-672.25
22/08/2021,0,22915.0,67.88333333333333,16173.0,16273.0,100.0,0.0,21755.0,20498.0,0.0,1257.0,15405.0,15555.0,150.0,0.0,21982.0,21681.0,0.0,301.0,-145.0,-672.25
23/08/2021,0,22925.0,69.07,16173.0,16273.0,100.0,0.0,21755.0,20498.0,0.0,1257.0,15405.0,15555.0,150.0,0.0,21982.0,21681.0,0.0,301.0,-145.0,-672.25
24/08/2021,0,22925.0,71.21,16173.0,16273.0,100.0,0.0,21755.0,20498.0,0.0,1257.0,15405.0,15555.0,150.0,0.0,21982.0,21681.0,0.0,301.0,-145.0,-672.25
25/08/2021,0,22900.0,72.12,16173.0,16273.0,100.0,0.0,21755.0,20498.0,0.0,1257.0,15405.0,15555.0,150.0,0.0,21982.0,21681.0,0.0,301.0,-145.0,-672.25
26/08/2021,1,22880.0,70.42,15667.0,16067.0,400.0,0.0,20841.0,19891.0,0.0,950.0,15055.0,15355.0,300.0,0.0,21131.0,21281.0,150.0,0.0,-216.0,-703.73
27/08/2021,0,22890.0,72.26,15667.0,16067.0,400.0,0.0,20841.0,19891.0,0.0,950.0,15055.0,15355.0,300.0,0.0,21131.0,21281.0,150.0,0.0,-216.0,-703.73
28/08/2021,0,22890.0,72.5575,15667.0,16067.0,400.0,0.0,20841.0,19891.0,0.0,950.0,15055.0,15355.0,300.0,0.0,21131.0,21281.0,150.0,0.0,-216.0,-703.73
29/08/2021,0,22890.0,72.855,15667.0,16067.0,400.0,0.0,20841.0,19891.0,0.0,950.0,15055.0,15355.0,300.0,0.0,21131.0,21281.0,150.0,0.0,-216.0,-703.73
30/08/2021,0,22880.0,73.1525,15667.0,16067.0,400.0,0.0,20841.0,19891.0,0.0,950.0,15055.0,15355.0,300.0,0.0,21131.0,21281.0,150.0,0.0,-216.0,-703.73
31/08/2021,0,22870.0,73.45,15667.0,16067.0,400.0,0.0,20841.0,19891.0,0.0,950.0,15055.0,15355.0,300.0,0.0,21131.0,21281.0,150.0,0.0,-216.0,-703.73
01/09/2021,0,22880.0,71.99,15667.0,16067.0,400.0,0.0,20841.0,19891.0,0.0,950.0,15055.0,15355.0,300.0,0.0,21131.0,21281.0,150.0,0.0,-216.0,-703.73
02/09/2021,0,22880.0,73.56,15667.0,16067.0,400.0,0.0,20841.0,19891.0,0.0,950.0,15055.0,15355.0,300.0,0.0,21131.0,21281.0,150.0,0.0,-216.0,-703.73
03/09/2021,0,22880.0,73.07,15667.0,16067.0,400.0,0.0,20841.0,19891.0,0.0,950.0,15055.0,15355.0,300.0,0.0,21131.0,21281.0,150.0,0.0,-216.0,-703.73
04/09/2021,0,22880.0,72.85666666666667,15667.0,16067.0,400.0,0.0,20841.0,19891.0,0.0,950.0,15055.0,15355.0,300.0,0.0,21131.0,21281.0,150.0,0.0,-216.0,-703.73
05/09/2021,0,22880.0,72.64333333333333,15667.0,16067.0,400.0,0.0,20841.0,19891.0,0.0,950.0,15055.0,15355.0,300.0,0.0,21131.0,21281.0,150.0,0.0,-216.0,-703.73
06/09/2021,0,22865.0,72.43,15667.0,16067.0,400.0,0.0,20841.0,19891.0,0.0,950.0,15055.0,15355.0,300.0,0.0,21131.0,21281.0,150.0,0.0,-216.0,-703.73
07/09/2021,0,22860.0,71.52,15667.0,16067.0,400.0,0.0,20841.0,19891.0,0.0,950.0,15055.0,15355.0,300.0,0.0,21131.0,21281.0,150.0,0.0,-216.0,-703.73
08/09/2021,0,22870.0,72.36,15667.0,16067.0,400.0,0.0,20841.0,19891.0,0.0,950.0,15055.0,15355.0,300.0,0.0,21131.0,21281.0,150.0,0.0,-216.0,-703.73
09/09/2021,0,22870.0,71.32,15667.0,16067.0,400.0,0.0,20841.0,19891.0,0.0,950.0,15055.0,15355.0,300.0,0.0,21131.0,21281.0,150.0,0.0,-216.0,-703.73
10/09/2021,1,22870.0,72.44,16022.0,16222.0,200.0,0.0,21043.0,20143.0,0.0,900.0,15952.0,16052.0,100.0,0.0,21397.0,21547.0,150.0,0.0,-197.0,-710.91
11/09/2021,0,22870.0,72.61666666666666,16022.0,16222.0,200.0,0.0,21043.0,20143.0,0.0,900.0,15952.0,16052.0,100.0,0.0,21397.0,21547.0,150.0,0.0,-197.0,-710.91
12/09/2021,0,22870.0,72.79333333333334,16022.0,16222.0,200.0,0.0,21043.0,20143.0,0.0,900.0,15952.0,16052.0,100.0,0.0,21397.0,21547.0,150.0,0.0,-197.0,-710.91
13/09/2021,0,22870.0,72.97,16022.0,16222.0,200.0,0.0,21043.0,20143.0,0.0,900.0,15952.0,16052.0,100.0,0.0,21397.0,21547.0,150.0,0.0,-197.0,-710.91
14/09/2021,0,22870.0,73.05,16022.0,16222.0,200.0,0.0,21043.0,20143.0,0.0,900.0,15952.0,16052.0,100.0,0.0,21397.0,21547.0,150.0,0.0,-197.0,-710.91
15/09/2021,0,22860.0,74.84,16022.0,16222.0,200.0,0.0,21043.0,20143.0,0.0,900.0,15952.0,16052.0,100.0,0.0,21397.0,21547.0,150.0,0.0,-197.0,-710.91
16/09/2021,0,22860.0,75.14,16022.0,16222.0,200.0,0.0,21043.0,20143.0,0.0,900.0,15952.0,16052.0,100.0,0.0,21397.0,21547.0,150.0,0.0,-197.0,-710.91
17/09/2021,0,22870.0,74.64,16022.0,16222.0,200.0,0.0,21043.0,20143.0,0.0,900.0,15952.0,16052.0,100.0,0.0,21397.0,21547.0,150.0,0.0,-197.0,-710.91
18/09/2021,0,22870.0,74.29,16022.0,16222.0,200.0,0.0,21043.0,20143.0,0.0,900.0,15952.0,16052.0,100.0,0.0,21397.0,21547.0,150.0,0.0,-197.0,-710.91
19/09/2021,0,22870.0,73.94,16022.0,16222.0,200.0,0.0,21043.0,20143.0,0.0,900.0,15952.0,16052.0,100.0,0.0,21397.0,21547.0,150.0,0.0,-197.0,-710.91
20/09/2021,0,22875.0,73.59,16022.0,16222.0,200.0,0.0,21043.0,20143.0,0.0,900.0,15952.0,16052.0,100.0,0.0,21397.0,21547.0,150.0,0.0,-197.0,-710.91
21/09/2021,0,22870.0,73.65,16022.0,16222.0,200.0,0.0,21043.0,20143.0,0.0,900.0,15952.0,16052.0,100.0,0.0,21397.0,21547.0,150.0,0.0,-197.0,-710.91
22/09/2021,0,22860.0,75.5,16022.0,16222.0,200.0,0.0,21043.0,20143.0,0.0,900.0,15952.0,16052.0,100.0,0.0,21397.0,21547.0,150.0,0.0,-197.0,-710.91
23/09/2021,0,22860.0,76.44,16022.0,16222.0,200.0,0.0,21043.0,20143.0,0.0,900.0,15952.0,16052.0,100.0,0.0,21397.0,21547.0,150.0,0.0,-197.0,-710.91
24/09/2021,0,22860.0,77.42,16022.0,16222.0,200.0,0.0,21043.0,20143.0,0.0,900.0,15952.0,16052.0,100.0,0.0,21397.0,21547.0,150.0,0.0,-197.0,-710.91
25/09/2021,1,22860.0,77.89666666666666,16586.0,16786.0,200.0,0.0,21566.0,20716.0,0.0,850.0,16580.0,16680.0,100.0,0.0,21945.0,22095.0,150.0,0.0,-193.5,-709.41
26/09/2021,0,22860.0,78.37333333333333,16586.0,16786.0,200.0,0.0,21566.0,20716.0,0.0,850.0,16580.0,16680.0,100.0,0.0,21945.0,22095.0,150.0,0.0,-193.5,-709.41
27/09/2021,0,22860.0,78.85,16586.0,16786.0,200.0,0.0,21566.0,20716.0,0.0,850.0,16580.0,16680.0,100.0,0.0,21945.0,22095.0,150.0,0.0,-193.5,-709.41
28/09/2021,0,22870.0,78.3,16586.0,16786.0,200.0,0.0,21566.0,20716.0,0.0,850.0,16580.0,16680.0,100.0,0.0,21945.0,22095.0,150.0,0.0,-193.5,-709.41
29/09/2021,0,22860.0,77.86,16586.0,16786.0,200.0,0.0,21566.0,20716.0,0.0,850.0,16580.0,16680.0,100.0,0.0,21945.0,22095.0,150.0,0.0,-193.5,-709.41
30/09/2021,0,22860.0,77.81,16586.0,16786.0,200.0,0.0,21566.0,20716.0,0.0,850.0,16580.0,16680.0,100.0,0.0,21945.0,22095.0,150.0,0.0,-193.5,-709.41
01/10/2021,0,22860.0,79.4,16586.0,16786.0,200.0,0.0,21566.0,20716.0,0.0,850.0,16580.0,16680.0,100.0,0.0,21945.0,22095.0,150.0,0.0,-193.5,-709.41
02/10/2021,0,22860.0,80.08,16586.0,16786.0,200.0,0.0,21566.0,20716.0,0.0,850.0,16580.0,16680.0,100.0,0.0,21945.0,22095.0,150.0,0.0,-193.5,-709.41
03/10/2021,0,22860.0,80.76,16586.0,16786.0,200.0,0.0,21566.0,20716.0,0.0,850.0,16580.0,16680.0,100.0,0.0,21945.0,22095.0,150.0,0.0,-193.5,-709.41
04/10/2021,0,22860.0,81.44,16586.0,16786.0,200.0,0.0,21566.0,20716.0,0.0,850.0,16580.0,16680.0,100.0,0.0,21945.0,22095.0,150.0,0.0,-193.5,-709.41
05/10/2021,0,22860.0,82.72,16586.0,16786.0,200.0,0.0,21566.0,20716.0,0.0,850.0,16580.0,16680.0,100.0,0.0,21945.0,22095.0,150.0,0.0,-193.5,-709.41
06/10/2021,0,22860.0,81.39,16586.0,16786.0,200.0,0.0,21566.0,20716.0,0.0,850.0,16580.0,16680.0,100.0,0.0,21945.0,22095.0,150.0,0.0,-193.5,-709.41
07/10/2021,0,22860.0,82.34,16586.0,16786.0,200.0,0.0,21566.0,20716.0,0.0,850.0,16580.0,16680.0,100.0,0.0,21945.0,22095.0,150.0,0.0,-193.5,-709.41
08/10/2021,0,22860.0,82.17,16586.0,16786.0,200.0,0.0,21566.0,20716.0,0.0,850.0,16580.0,16680.0,100.0,0.0,21945.0,22095.0,150.0,0.0,-193.5,-709.41
09/10/2021,0,22860.0,82.69666666666667,16586.0,16786.0,200.0,0.0,21566.0,20716.0,0.0,850.0,16580.0,16680.0,100.0,0.0,21945.0,22095.0,150.0,0.0,-193.5,-709.41
10/10/2021,0,22860.0,83.22333333333333,16586.0,16786.0,200.0,0.0,21566.0,20716.0,0.0,850.0,16580.0,16680.0,100.0,0.0,21945.0,22095.0,150.0,0.0,-193.5,-709.41
11/10/2021,1,22860.0,83.75,17695.0,17545.0,0.0,150.0,22633.0,21683.0,0.0,950.0,17097.0,17197.0,100.0,0.0,22879.0,22879.0,0.0,0.0,-190.0,-697.63
12/10/2021,0,22850.0,83.53,17695.0,17545.0,0.0,150.0,22633.0,21683.0,0.0,950.0,17097.0,17197.0,100.0,0.0,22879.0,22879.0,0.0,0.0,-190.0,-697.63
13/10/2021,0,22860.0,83.53,17695.0,17545.0,0.0,150.0,22633.0,21683.0,0.0,950.0,17097.0,17197.0,100.0,0.0,22879.0,22879.0,0.0,0.0,-190.0,-697.63
14/10/2021,0,22860.0,83.86,17695.0,17545.0,0.0,150.0,22633.0,21683.0,0.0,950.0,17097.0,17197.0,100.0,0.0,22879.0,22879.0,0.0,0.0,-190.0,-697.63
15/10/2021,0,22860.0,84.67,17695.0,17545.0,0.0,150.0,22633.0,21683.0,0.0,950.0,17097.0,17197.0,100.0,0.0,22879.0,22879.0,0.0,0.0,-190.0,-697.63
16/10/2021,0,22860.0,84.49,17695.0,17545.0,0.0,150.0,22633.0,21683.0,0.0,950.0,17097.0,17197.0,100.0,0.0,22879.0,22879.0,0.0,0.0,-190.0,-697.63
17/10/2021,0,22860.0,84.31,17695.0,17545.0,0.0,150.0,22633.0,21683.0,0.0,950.0,17097.0,17197.0,100.0,0.0,22879.0,22879.0,0.0,0.0,-190.0,-697.63
18/10/2021,0,22860.0,84.13,17695.0,17545.0,0.0,150.0,22633.0,21683.0,0.0,950.0,17097.0,17197.0,100.0,0.0,22879.0,22879.0,0.0,0.0,-190.0,-697.63
19/10/2021,0,22860.0,85.02,17695.0,17545.0,0.0,150.0,22633.0,21683.0,0.0,950.0,17097.0,17197.0,100.0,0.0,22879.0,22879.0,0.0,0.0,-190.0,-697.63
20/10/2021,0,22855.0,85.76,17695.0,17545.0,0.0,150.0,22633.0,21683.0,0.0,950.0,17097.0,17197.0,100.0,0.0,22879.0,22879.0,0.0,0.0,-190.0,-697.63
21/10/2021,0,22855.0,84.58,17695.0,17545.0,0.0,150.0,22633.0,21683.0,0.0,950.0,17097.0,17197.0,100.0,0.0,22879.0,22879.0,0.0,0.0,-190.0,-697.63
22/10/2021,0,22855.0,85.43,17695.0,17545.0,0.0,150.0,22633.0,21683.0,0.0,950.0,17097.0,17197.0,100.0,0.0,22879.0,22879.0,0.0,0.0,-190.0,-697.63
23/10/2021,0,22855.0,85.23666666666666,17695.0,17545.0,0.0,150.0,22633.0,21683.0,0.0,950.0,17097.0,17197.0,100.0,0.0,22879.0,22879.0,0.0,0.0,-190.0,-697.63
24/10/2021,0,22855.0,85.04333333333334,17695.0,17545.0,0.0,150.0,22633.0,21683.0,0.0,950.0,17097.0,17197.0,100.0,0.0,22879.0,22879.0,0.0,0.0,-190.0,-697.63
25/10/2021,0,22855.0,84.85,17695.0,17545.0,0.0,150.0,22633.0,21683.0,0.0,950.0,17097.0,17197.0,100.0,0.0,22879.0,22879.0,0.0,0.0,-190.0,-697.63
26/10/2021,1,22855.0,85.11,18866.0,18716.0,0.0,150.0,24210.0,23110.0,0.0,1100.0,17210.0,17310.0,100.0,0.0,24738.0,24338.0,0.0,400.0,-262.0,-728.17
27/10/2021,0,22855.0,84.12,18866.0,18716.0,0.0,150.0,24210.0,23110.0,0.0,1100.0,17210.0,17310.0,100.0,0.0,24738.0,24338.0,0.0,400.0,-262.0,-728.17
28/10/2021,0,22855.0,83.4,18866.0,18716.0,0.0,150.0,24210.0,23110.0,0.0,1100.0,17210.0,17310.0,100.0,0.0,24738.0,24338.0,0.0,400.0,-262.0,-728.17
29/10/2021,0,22850.0,83.1,18866.0,18716.0,0.0,150.0,24210.0,23110.0,0.0,1100.0,17210.0,17310.0,100.0,0.0,24738.0,24338.0,0.0,400.0,-262.0,-728.17
30/10/2021,0,22850.0,83.57,18866.0,18716.0,0.0,150.0,24210.0,23110.0,0.0,1100.0,17210.0,17310.0,100.0,0.0,24738.0,24338.0,0.0,400.0,-262.0,-728.17
31/10/2021,0,22850.0,84.04,18866.0,18716.0,0.0,150.0,24210.0,23110.0,0.0,1100.0,17210.0,17310.0,100.0,0.0,24738.0,24338.0,0.0,400.0,-262.0,-728.17
01/11/2021,0,22850.0,84.51,18866.0,18716.0,0.0,150.0,24210.0,23110.0,0.0,1100.0,17210.0,17310.0,100.0,0.0,24738.0,24338.0,0.0,400.0,-262.0,-728.17
02/11/2021,0,22850.0,84.42,18866.0,18716.0,0.0,150.0,24210.0,23110.0,0.0,1100.0,17210.0,17310.0,100.0,0.0,24738.0,24338.0,0.0,400.0,-262.0,-728.17
03/11/2021,0,22830.0,81.1,18866.0,18716.0,0.0,150.0,24210.0,23110.0,0.0,1100.0,17210.0,17310.0,100.0,0.0,24738.0,24338.0,0.0,400.0,-262.0,-728.17
04/11/2021,0,22780.0,80.15,18866.0,18716.0,0.0,150.0,24210.0,23110.0,0.0,1100.0,17210.0,17310.0,100.0,0.0,24738.0,24338.0,0.0,400.0,-262.0,-728.17
05/11/2021,0,22770.0,82.43,18866.0,18716.0,0.0,150.0,24210.0,23110.0,0.0,1100.0,17210.0,17310.0,100.0,0.0,24738.0,24338.0,0.0,400.0,-262.0,-728.17
06/11/2021,0,22770.0,82.69333333333334,18866.0,18716.0,0.0,150.0,24210.0,23110.0,0.0,1100.0,17210.0,17310.0,100.0,0.0,24738.0,24338.0,0.0,400.0,-262.0,-728.17
07/11/2021,0,22770.0,82.95666666666666,18866.0,18716.0,0.0,150.0,24210.0,23110.0,0.0,1100.0,17210.0,17310.0,100.0,0.0,24738.0,24338.0,0.0,400.0,-262.0,-728.17
08/11/2021,0,22760.0,83.22,18866.0,18716.0,0.0,150.0,24210.0,23110.0,0.0,1100.0,17210.0,17310.0,100.0,0.0,24738.0,24338.0,0.0,400.0,-262.0,-728.17
09/11/2021,0,22760.0,84.52,18866.0,18716.0,0.0,150.0,24210.0,23110.0,0.0,1100.0,17210.0,17310.0,100.0,0.0,24738.0,24338.0,0.0,400.0,-262.0,-728.17
10/11/2021,1,22760.0,82.91,18724.0,18716.0,0.0,8.0,24469.0,23669.0,0.0,800.0,16821.0,17321.0,500.0,0.0,25096.0,24996.0,0.0,100.0,-355.0,-806.6
11/11/2021,0,22745.0,83.4,18724.0,18716.0,0.0,8.0,24469.0,23669.0,0.0,800.0,16821.0,17321.0,500.0,0.0,25096.0,24996.0,0.0,100.0,-355.0,-806.6
12/11/2021,0,22745.0,82.9,18724.0,18716.0,0.0,8.0,24469.0,23669.0,0.0,800.0,16821.0,17321.0,500.0,0.0,25096.0,24996.0,0.0,100.0,-355.0,-806.6
13/11/2021,0,22745.0,82.58,18724.0,18716.0,0.0,8.0,24469.0,23669.0,0.0,800.0,16821.0,17321.0,500.0,0.0,25096.0,24996.0,0.0,100.0,-355.0,-806.6
14/11/2021,0,22745.0,82.26,18724.0,18716.0,0.0,8.0,24469.0,23669.0,0.0,800.0,16821.0,17321.0,500.0,0.0,25096.0,24996.0,0.0,100.0,-355.0,-806.6
15/11/2021,0,22750.0,81.94,18724.0,18716.0,0.0,8.0,24469.0,23669.0,0.0,800.0,16821.0,17321.0,500.0,0.0,25096.0,24996.0,0.0,100.0,-355.0,-806.6
16/11/2021,0,22750.0,82.85,18724.0,18716.0,0.0,8.0,24469.0,23669.0,0.0,800.0,16821.0,17321.0,500.0,0.0,25096.0,24996.0,0.0,100.0,-355.0,-806.6
17/11/2021,0,22750.0,80.67,18724.0,18716.0,0.0,8.0,24469.0,23669.0,0.0,800.0,16821.0,17321.0,500.0,0.0,25096.0,24996.0,0.0,100.0,-355.0,-806.6
18/11/2021,0,22750.0,82.45,18724.0,18716.0,0.0,8.0,24469.0,23669.0,0.0,800.0,16821.0,17321.0,500.0,0.0,25096.0,24996.0,0.0,100.0,-355.0,-806.6
19/11/2021,0,22755.0,80.24,18724.0,18716.0,0.0,8.0,24469.0,23669.0,0.0,800.0,16821.0,17321.0,500.0,0.0,25096.0,24996.0,0.0,100.0,-355.0,-806.6
20/11/2021,0,22755.0,80.48333333333333,18724.0,18716.0,0.0,8.0,24469.0,23669.0,0.0,800.0,16821.0,17321.0,500.0,0.0,25096.0,24996.0,0.0,100.0,-355.0,-806.6
21/11/2021,0,22755.0,80.72666666666666,18724.0,18716.0,0.0,8.0,24469.0,23669.0,0.0,800.0,16821.0,17321.0,500.0,0.0,25096.0,24996.0,0.0,100.0,-355.0,-806.6
22/11/2021,0,22770.0,80.97,18724.0,18716.0,0.0,8.0,24469.0,23669.0,0.0,800.0,16821.0,17321.0,500.0,0.0,25096.0,24996.0,0.0,100.0,-355.0,-806.6
23/11/2021,0,22775.0,83.43,18724.0,18716.0,0.0,8.0,24469.0,23669.0,0.0,800.0,16821.0,17321.0,500.0,0.0,25096.0,24996.0,0.0,100.0,-355.0,-806.6
24/11/2021,0,22785.0,82.37,18724.0,18716.0,0.0,8.0,24469.0,23669.0,0.0,800.0,16821.0,17321.0,500.0,0.0,25096.0,24996.0,0.0,100.0,-355.0,-806.6
25/11/2021,1,22775.0,82.05,18382.0,18532.0,150.0,0.0,23217.0,22917.0,0.0,300.0,16477.0,16977.0,500.0,0.0,23902.0,24202.0,300.0,0.0,-440.0,-826.95
26/11/2021,0,22775.0,72.37,18382.0,18532.0,150.0,0.0,23217.0,22917.0,0.0,300.0,16477.0,16977.0,500.0,0.0,23902.0,24202.0,300.0,0.0,-440.0,-826.95
27/11/2021,0,22775.0,72.69333333333334,18382.0,18532.0,150.0,0.0,23217.0,22917.0,0.0,300.0,16477.0,16977.0,500.0,0.0,23902.0,24202.0,300.0,0.0,-440.0,-826.95
28/11/2021,0,22775.0,73.01666666666667,18382.0,18532.0,150.0,0.0,23217.0,22917.0,0.0,300.0,16477.0,16977.0,500.0,0.0,23902.0,24202.0,300.0,0.0,-440.0,-826.95
29/11/2021,0,22790.0,73.34,18382.0,18532.0,150.0,0.0,23217.0,22917.0,0.0,300.0,16477.0,16977.0,500.0,0.0,23902.0,24202.0,300.0,0.0,-440.0,-826.95
30/11/2021,0,22800.0,70.86,18382.0,18532.0,150.0,0.0,23217.0,22917.0,0.0,300.0,16477.0,16977.0,500.0,0.0,23902.0,24202.0,300.0,0.0,-440.0,-826.95
01/12/2021,0,22810.0,69.53,18382.0,18532.0,150.0,0.0,23217.0,22917.0,0.0,300.0,16477.0,16977.0,500.0,0.0,23902.0,24202.0,300.0,0.0,-440.0,-826.95
02/12/2021,0,22830.0,70.56,18382.0,18532.0,150.0,0.0,23217.0,22917.0,0.0,300.0,16477.0,16977.0,500.0,0.0,23902.0,24202.0,300.0,0.0,-440.0,-826.95
03/12/2021,0,22940.0,70.71,18382.0,18532.0,150.0,0.0,23217.0,22917.0,0.0,300.0,16477.0,16977.0,500.0,0.0,23902.0,24202.0,300.0,0.0,-440.0,-826.95
04/12/2021,0,22940.0,71.6,18382.0,18532.0,150.0,0.0,23217.0,22917.0,0.0,300.0,16477.0,16977.0,500.0,0.0,23902.0,24202.0,300.0,0.0,-440.0,-826.95
05/12/2021,0,22940.0,72.49,18382.0,18532.0,150.0,0.0,23217.0,22917.0,0.0,300.0,16477.0,16977.0,500.0,0.0,23902.0,24202.0,300.0,0.0,-440.0,-826.95
06/12/2021,0,23220.0,73.38,18382.0,18532.0,150.0,0.0,23217.0,22917.0,0.0,300.0,16477.0,16977.0,500.0,0.0,23902.0,24202.0,300.0,0.0,-440.0,-826.95
07/12/2021,0,23200.0,75.54,18382.0,18532.0,150.0,0.0,23217.0,22917.0,0.0,300.0,16477.0,16977.0,500.0,0.0,23902.0,24202.0,300.0,0.0,-440.0,-826.95
08/12/2021,0,23080.0,75.94,18382.0,18532.0,150.0,0.0,23217.0,22917.0,0.0,300.0,16477.0,16977.0,500.0,0.0,23902.0,24202.0,300.0,0.0,-440.0,-826.95
09/12/2021,0,23100.0,74.1,18382.0,18532.0,150.0,0.0,23217.0,22917.0,0.0,300.0,16477.0,16977.0,500.0,0.0,23902.0,24202.0,300.0,0.0,-440.0,-826.95
10/12/2021,1,23100.0,74.98,17334.0,17584.0,250.0,0.0,22082.0,22332.0,250.0,0.0,15745.0,16445.0,700.0,0.0,22801.0,23501.0,700.0,0.0,-400.0,-816.29
11/12/2021,0,23100.0,74.69333333333334,17334.0,17584.0,250.0,0.0,22082.0,22332.0,250.0,0.0,15745.0,16445.0,700.0,0.0,22801.0,23501.0,700.0,0.0,-400.0,-816.29
12/12/2021,0,23100.0,74.40666666666667,17334.0,17584.0,250.0,0.0,22082.0,22332.0,250.0,0.0,15745.0,16445.0,700.0,0.0,22801.0,23501.0,700.0,0.0,-400.0,-816.29
13/12/2021,0,23090.0,74.12,17334.0,17584.0,250.0,0.0,22082.0,22332.0,250.0,0.0,15745.0,16445.0,700.0,0.0,22801.0,23501.0,700.0,0.0,-400.0,-816.29
14/12/2021,0,23110.0,73.37,17334.0,17584.0,250.0,0.0,22082.0,22332.0,250.0,0.0,15745.0,16445.0,700.0,0.0,22801.0,23501.0,700.0,0.0,-400.0,-816.29
15/12/2021,0,23140.0,73.71,17334.0,17584.0,250.0,0.0,22082.0,22332.0,250.0,0.0,15745.0,16445.0,700.0,0.0,22801.0,23501.0,700.0,0.0,-400.0,-816.29
16/12/2021,0,23120.0,74.64,17334.0,17584.0,250.0,0.0,22082.0,22332.0,250.0,0.0,15745.0,16445.0,700.0,0.0,22801.0,23501.0,700.0,0.0,-400.0,-816.29
17/12/2021,0,23100.0,72.97,17334.0,17584.0,250.0,0.0,22082.0,22332.0,250.0,0.0,15745.0,16445.0,700.0,0.0,22801.0,23501.0,700.0,0.0,-400.0,-816.29
18/12/2021,0,23100.0,72.15,17334.0,17584.0,250.0,0.0,22082.0,22332.0,250.0,0.0,15745.0,16445.0,700.0,0.0,22801.0,23501.0,700.0,0.0,-400.0,-816.29
19/12/2021,0,23100.0,71.33,17334.0,17584.0,250.0,0.0,22082.0,22332.0,250.0,0.0,15745.0,16445.0,700.0,0.0,22801.0,23501.0,700.0,0.0,-400.0,-816.29
20/12/2021,0,23070.0,70.51,17334.0,17584.0,250.0,0.0,22082.0,22332.0,250.0,0.0,15745.0,16445.0,700.0,0.0,22801.0,23501.0,700.0,0.0,-400.0,-816.29
21/12/2021,0,23040.0,72.85,17334.0,17584.0,250.0,0.0,22082.0,22332.0,250.0,0.0,15745.0,16445.0,700.0,0.0,22801.0,23501.0,700.0,0.0,-400.0,-816.29
22/12/2021,0,23090.0,74.69,17334.0,17584.0,250.0,0.0,22082.0,22332.0,250.0,0.0,15745.0,16445.0,700.0,0.0,22801.0,23501.0,700.0,0.0,-400.0,-816.29
23/12/2021,0,23095.0,76.26,17334.0,17584.0,250.0,0.0,22082.0,22332.0,250.0,0.0,15745.0,16445.0,700.0,0.0,22801.0,23501.0,700.0,0.0,-400.0,-816.29
24/12/2021,0,23010.0,75.24,17334.0,17584.0,250.0,0.0,22082.0,22332.0,250.0,0.0,15745.0,16445.0,700.0,0.0,22801.0,23501.0,700.0,0.0,-400.0,-816.29
25/12/2021,1,23010.0,75.91799999999999,17579.0,17779.0,200.0,0.0,22550.0,22650.0,100.0,0.0,15745.0,16297.0,552.0,0.0,23295.0,23845.0,550.0,0.0,-269.0,-803.78
26/12/2021,0,23010.0,76.59599999999999,17579.0,17779.0,200.0,0.0,22550.0,22650.0,100.0,0.0,15745.0,16297.0,552.0,0.0,23295.0,23845.0,550.0,0.0,-269.0,-803.78
27/12/2021,0,22930.0,77.274,17579.0,17779.0,200.0,0.0,22550.0,22650.0,100.0,0.0,15745.0,16297.0,552.0,0.0,23295.0,23845.0,550.0,0.0,-269.0,-803.78
28/12/2021,0,22980.0,77.952,17579.0,17779.0,200.0,0.0,22550.0,22650.0,100.0,0.0,15745.0,16297.0,552.0,0.0,23295.0,23845.0,550.0,0.0,-269.0,-803.78
29/12/2021,0,22980.0,78.63,17579.0,17779.0,200.0,0.0,22550.0,22650.0,100.0,0.0,15745.0,16297.0,552.0,0.0,23295.0,23845.0,550.0,0.0,-269.0,-803.78
30/12/2021,0,22920.0,78.61,17579.0,17779.0,200.0,0.0,22550.0,22650.0,100.0,0.0,15745.0,16297.0,552.0,0.0,23295.0,23845.0,550.0,0.0,-269.0,-803.78
31/12/2021,0,22920.0,77.24,17579.0,17779.0,200.0,0.0,22550.0,22650.0,100.0,0.0,15745.0,16297.0,552.0,0.0,23295.0,23845.0,550.0,0.0,-269.0,-803.78
01/01/2022,0,22920.0,77.57666666666667,17579.0,17779.0,200.0,0.0,22550.0,22650.0,100.0,0.0,15745.0,16297.0,552.0,0.0,23295.0,23845.0,550.0,0.0,-269.0,-803.78
02/01/2022,0,22920.0,77.91333333333333,17579.0,17779.0,200.0,0.0,22550.0,22650.0,100.0,0.0,15745.0,16297.0,552.0,0.0,23295.0,23845.0,550.0,0.0,-269.0,-803.78
03/01/2022,0,22920.0,78.25,17579.0,17779.0,200.0,0.0,22550.0,22650.0,100.0,0.0,15745.0,16297.0,552.0,0.0,23295.0,23845.0,550.0,0.0,-269.0,-803.78
04/01/2022,0,22920.0,79.39,17579.0,17779.0,200.0,0.0,22550.0,22650.0,100.0,0.0,15745.0,16297.0,552.0,0.0,23295.0,23845.0,550.0,0.0,-269.0,-803.78
05/01/2022,0,22900.0,80.6,17579.0,17779.0,200.0,0.0,22550.0,22650.0,100.0,0.0,15745.0,16297.0,552.0,0.0,23295.0,23845.0,550.0,0.0,-269.0,-803.78
06/01/2022,0,22900.0,81.99,17579.0,17779.0,200.0,0.0,22550.0,22650.0,100.0,0.0,15745.0,16297.0,552.0,0.0,23295.0,23845.0,550.0,0.0,-269.0,-803.78
07/01/2022,0,22850.0,82.28,17579.0,17779.0,200.0,0.0,22550.0,22650.0,100.0,0.0,15745.0,16297.0,552.0,0.0,23295.0,23845.0,550.0,0.0,-269.0,-803.78
08/01/2022,0,22850.0,82.04,17579.0,17779.0,200.0,0.0,22550.0,22650.0,100.0,0.0,15745.0,16297.0,552.0,0.0,23295.0,23845.0,550.0,0.0,-269.0,-803.78
09/01/2022,0,22850.0,81.8,17579.0,17779.0,200.0,0.0,22550.0,22650.0,100.0,0.0,15745.0,16297.0,552.0,0.0,23295.0,23845.0,550.0,0.0,-269.0,-803.78
10/01/2022,0,22820.0,81.56,17579.0,17779.0,200.0,0.0,22550.0,22650.0,100.0,0.0,15745.0,16297.0,552.0,0.0,23295.0,23845.0,550.0,0.0,-269.0,-803.78
11/01/2022,1,22840.0,84.98,18239.0,18339.0,100.0,0.0,23159.0,23259.0,100.0,0.0,16362.0,16862.0,500.0,0.0,23876.0,24326.0,450.0,0.0,-95.0,-765.81
12/01/2022,0,22840.0,85.83,18239.0,18339.0,100.0,0.0,23159.0,23259.0,100.0,0.0,16362.0,16862.0,500.0,0.0,23876.0,24326.0,450.0,0.0,-95.0,-765.81
13/01/2022,0,22840.0,85.8,18239.0,18339.0,100.0,0.0,23159.0,23259.0,100.0,0.0,16362.0,16862.0,500.0,0.0,23876.0,24326.0,450.0,0.0,-95.0,-765.81
14/01/2022,0,22850.0,87.17,18239.0,18339.0,100.0,0.0,23159.0,23259.0,100.0,0.0,16362.0,16862.0,500.0,0.0,23876.0,24326.0,450.0,0.0,-95.0,-765.81
15/01/2022,0,22850.0,87.38666666666667,18239.0,18339.0,100.0,0.0,23159.0,23259.0,100.0,0.0,16362.0,16862.0,500.0,0.0,23876.0,24326.0,450.0,0.0,-95.0,-765.81
16/01/2022,0,22850.0,87.60333333333332,18239.0,18339.0,100.0,0.0,23159.0,23259.0,100.0,0.0,16362.0,16862.0,500.0,0.0,23876.0,24326.0,450.0,0.0,-95.0,-765.81
17/01/2022,0,22850.0,87.82,18239.0,18339.0,100.0,0.0,23159.0,23259.0,100.0,0.0,16362.0,16862.0,500.0,0.0,23876.0,24326.0,450.0,0.0,-95.0,-765.81
18/01/2022,0,22870.0,88.83,18239.0,18339.0,100.0,0.0,23159.0,23259.0,100.0,0.0,16362.0,16862.0,500.0,0.0,23876.0,24326.0,450.0,0.0,-95.0,-765.81
19/01/2022,0,22840.0,89.64,18239.0,18339.0,100.0,0.0,23159.0,23259.0,100.0,0.0,16362.0,16862.0,500.0,0.0,23876.0,24326.0,450.0,0.0,-95.0,-765.81
20/01/2022,0,22780.0,89.75,18239.0,18339.0,100.0,0.0,23159.0,23259.0,100.0,0.0,16362.0,16862.0,500.0,0.0,23876.0,24326.0,450.0,0.0,-95.0,-765.81
21/01/2022,1,22760.0,89.75,19303.0,18903.0,0.0,400.0,23795.0,23595.0,0.0,200.0,16993.0,17293.0,300.0,0.0,24360.0,24560.0,200.0,0.0,-18.0,-745.93
22/01/2022,0,22760.0,89.08,19303.0,18903.0,0.0,400.0,23795.0,23595.0,0.0,200.0,16993.0,17293.0,300.0,0.0,24360.0,24560.0,200.0,0.0,-18.0,-745.93
23/01/2022,0,22760.0,88.41,19303.0,18903.0,0.0,400.0,23795.0,23595.0,0.0,200.0,16993.0,17293.0,300.0,0.0,24360.0,24560.0,200.0,0.0,-18.0,-745.93
24/01/2022,0,22810.0,87.74,19303.0,18903.0,0.0,400.0,23795.0,23595.0,0.0,200.0,16993.0,17293.0,300.0,0.0,24360.0,24560.0,200.0,0.0,-18.0,-745.93
25/01/2022,0,22780.0,89.49,19303.0,18903.0,0.0,400.0,23795.0,23595.0,0.0,200.0,16993.0,17293.0,300.0,0.0,24360.0,24560.0,200.0,0.0,-18.0,-745.93
26/01/2022,0,22770.0,91.22,19303.0,18903.0,0.0,400.0,23795.0,23595.0,0.0,200.0,16993.0,17293.0,300.0,0.0,24360.0,24560.0,200.0,0.0,-18.0,-745.93
27/01/2022,0,22780.0,90.7,19303.0,18903.0,0.0,400.0,23795.0,23595.0,0.0,200.0,16993.0,17293.0,300.0,0.0,24360.0,24560.0,200.0,0.0,-18.0,-745.93
28/01/2022,0,22780.0,91.47,19303.0,18903.0,0.0,400.0,23795.0,23595.0,0.0,200.0,16993.0,17293.0,300.0,0.0,24360.0,24560.0,200.0,0.0,-18.0,-745.93
29/01/2022,0,22780.0,91.76333333333334,19303.0,18903.0,0.0,400.0,23795.0,23595.0,0.0,200.0,16993.0,17293.0,300.0,0.0,24360.0,24560.0,200.0,0.0,-18.0,-745.93
30/01/2022,0,22780.0,92.05666666666666,19303.0,18903.0,0.0,400.0,23795.0,23595.0,0.0,200.0,16993.0,17293.0,300.0,0.0,24360.0,24560.0,200.0,0.0,-18.0,-745.93
31/01/2022,0,22780.0,92.35,19303.0,18903.0,0.0,400.0,23795.0,23595.0,0.0,200.0,16993.0,17293.0,300.0,0.0,24360.0,24560.0,200.0,0.0,-18.0,-745.93
01/02/2022,0,22780.0,90.24,19303.0,18903.0,0.0,400.0,23795.0,23595.0,0.0,200.0,16993.0,17293.0,300.0,0.0,24360.0,24560.0,200.0,0.0,-18.0,-745.93
02/02/2022,0,22780.0,91.43,19303.0,18903.0,0.0,400.0,23795.0,23595.0,0.0,200.0,16993.0,17293.0,300.0,0.0,24360.0,24560.0,200.0,0.0,-18.0,-745.93
03/02/2022,0,22780.0,92.99,19303.0,18903.0,0.0,400.0,23795.0,23595.0,0.0,200.0,16993.0,17293.0,300.0,0.0,24360.0,24560.0,200.0,0.0,-18.0,-745.93
04/02/2022,0,22780.0,96.86,19303.0,18903.0,0.0,400.0,23795.0,23595.0,0.0,200.0,16993.0,17293.0,300.0,0.0,24360.0,24560.0,200.0,0.0,-18.0,-745.93
05/02/2022,0,22780.0,97.0,19303.0,18903.0,0.0,400.0,23795.0,23595.0,0.0,200.0,16993.0,17293.0,300.0,0.0,24360.0,24560.0,200.0,0.0,-18.0,-745.93
06/02/2022,0,22780.0,97.14,19303.0,18903.0,0.0,400.0,23795.0,23595.0,0.0,200.0,16993.0,17293.0,300.0,0.0,24360.0,24560.0,200.0,0.0,-18.0,-745.93
07/02/2022,0,22810.0,97.28,19303.0,18903.0,0.0,400.0,23795.0,23595.0,0.0,200.0,16993.0,17293.0,300.0,0.0,24360.0,24560.0,200.0,0.0,-18.0,-745.93
08/02/2022,0,22880.0,96.07,19303.0,18903.0,0.0,400.0,23795.0,23595.0,0.0,200.0,16993.0,17293.0,300.0,0.0,24360.0,24560.0,200.0,0.0,-18.0,-745.93
09/02/2022,0,22830.0,94.95,19303.0,18903.0,0.0,400.0,23795.0,23595.0,0.0,200.0,16993.0,17293.0,300.0,0.0,24360.0,24560.0,200.0,0.0,-18.0,-745.93
10/02/2022,0,22820.0,96.37,19303.0,18903.0,0.0,400.0,23795.0,23595.0,0.0,200.0,16993.0,17293.0,300.0,0.0,24360.0,24560.0,200.0,0.0,-18.0,-745.93
11/02/2022,1,22830.0,97.5,20265.0,19865.0,0.0,400.0,24771.0,24571.0,0.0,200.0,17659.0,17959.0,300.0,0.0,25322.0,25372.0,50.0,0.0,-55.0,-784.92
12/02/2022,0,22830.0,98.88666666666667,20265.0,19865.0,0.0,400.0,24771.0,24571.0,0.0,200.0,17659.0,17959.0,300.0,0.0,25322.0,25372.0,50.0,0.0,-55.0,-784.92
13/02/2022,0,22830.0,100.27333333333333,20265.0,19865.0,0.0,400.0,24771.0,24571.0,0.0,200.0,17659.0,17959.0,300.0,0.0,25322.0,25372.0,50.0,0.0,-55.0,-784.92
14/02/2022,0,22860.0,101.66,20265.0,19865.0,0.0,400.0,24771.0,24571.0,0.0,200.0,17659.0,17959.0,300.0,0.0,25322.0,25372.0,50.0,0.0,-55.0,-784.92
15/02/2022,0,22890.0,98.43,20265.0,19865.0,0.0,400.0,24771.0,24571.0,0.0,200.0,17659.0,17959.0,300.0,0.0,25322.0,25372.0,50.0,0.0,-55.0,-784.92
16/02/2022,0,22900.0,97.44,20265.0,19865.0,0.0,400.0,24771.0,24571.0,0.0,200.0,17659.0,17959.0,300.0,0.0,25322.0,25372.0,50.0,0.0,-55.0,-784.92
17/02/2022,0,22930.0,95.28,20265.0,19865.0,0.0,400.0,24771.0,24571.0,0.0,200.0,17659.0,17959.0,300.0,0.0,25322.0,25372.0,50.0,0.0,-55.0,-784.92
18/02/2022,0,22980.0,96.18,20265.0,19865.0,0.0,400.0,24771.0,24571.0,0.0,200.0,17659.0,17959.0,300.0,0.0,25322.0,25372.0,50.0,0.0,-55.0,-784.92
19/02/2022,0,22980.0,97.10333333333334,20265.0,19865.0,0.0,400.0,24771.0,24571.0,0.0,200.0,17659.0,17959.0,300.0,0.0,25322.0,25372.0,50.0,0.0,-55.0,-784.92
20/02/2022,0,22980.0,98.02666666666667,20265.0,19865.0,0.0,400.0,24771.0,24571.0,0.0,200.0,17659.0,17959.0,300.0,0.0,25322.0,25372.0,50.0,0.0,-55.0,-784.92
21/02/2022,1,22930.0,98.95,21101.0,20801.0,0.0,300.0,25782.0,25532.0,0.0,250.0,17932.0,18232.0,300.0,0.0,26387.0,26287.0,0.0,100.0,-110.0,-815.33
22/02/2022,0,22940.0,98.73,21101.0,20801.0,0.0,300.0,25782.0,25532.0,0.0,250.0,17932.0,18232.0,300.0,0.0,26387.0,26287.0,0.0,100.0,-110.0,-815.33
23/02/2022,0,22960.0,99.29,21101.0,20801.0,0.0,300.0,25782.0,25532.0,0.0,250.0,17932.0,18232.0,300.0,0.0,26387.0,26287.0,0.0,100.0,-110.0,-815.33
24/02/2022,0,22960.0,101.29,21101.0,20801.0,0.0,300.0,25782.0,25532.0,0.0,250.0,17932.0,18232.0,300.0,0.0,26387.0,26287.0,0.0,100.0,-110.0,-815.33
25/02/2022,0,22960.0,98.56,21101.0,20801.0,0.0,300.0,25782.0,25532.0,0.0,250.0,17932.0,18232.0,300.0,0.0,26387.0,26287.0,0.0,100.0,-110.0,-815.33
26/02/2022,0,22960.0,100.06666666666666,21101.0,20801.0,0.0,300.0,25782.0,25532.0,0.0,250.0,17932.0,18232.0,300.0,0.0,26387.0,26287.0,0.0,100.0,-110.0,-815.33
27/02/2022,0,22960.0,101.57333333333334,21101.0,20801.0,0.0,300.0,25782.0,25532.0,0.0,250.0,17932.0,18232.0,300.0,0.0,26387.0,26287.0,0.0,100.0,-110.0,-815.33
28/02/2022,0,22950.0,103.08,21101.0,20801.0,0.0,300.0,25782.0,25532.0,0.0,250.0,17932.0,18232.0,300.0,0.0,26387.0,26287.0,0.0,100.0,-110.0,-815.33
01/03/2022,1,22950.0,110.93,21610.0,21310.0,0.0,300.0,26327.0,26077.0,0.0,250.0,18468.0,18768.0,300.0,0.0,27054.0,26834.0,0.0,220.0,-158.0,-827.19
02/03/2022,0,22980.0,118.94,21610.0,21310.0,0.0,300.0,26327.0,26077.0,0.0,250.0,18468.0,18768.0,300.0,0.0,27054.0,26834.0,0.0,220.0,-158.0,-827.19
03/03/2022,0,22980.0,115.36,21610.0,21310.0,0.0,300.0,26327.0,26077.0,0.0,250.0,18468.0,18768.0,300.0,0.0,27054.0,26834.0,0.0,220.0,-158.0,-827.19
04/03/2022,0,22980.0,123.86,21610.0,21310.0,0.0,300.0,26327.0,26077.0,0.0,250.0,18468.0,18768.0,300.0,0.0,27054.0,26834.0,0.0,220.0,-158.0,-827.19
05/03/2022,0,22980.0,125.58,21610.0,21310.0,0.0,300.0,26327.0,26077.0,0.0,250.0,18468.0,18768.0,300.0,0.0,27054.0,26834.0,0.0,220.0,-158.0,-827.19
06/03/2022,0,22980.0,127.30000000000001,21610.0,21310.0,0.0,300.0,26327.0,26077.0,0.0,250.0,18468.0,18768.0,300.0,0.0,27054.0,26834.0,0.0,220.0,-158.0,-827.19
07/03/2022,0,22990.0,129.02,21610.0,21310.0,0.0,300.0,26327.0,26077.0,0.0,250.0,18468.0,18768.0,300.0,0.0,27054.0,26834.0,0.0,220.0,-158.0,-827.19
08/03/2022,0,22990.0,133.18,21610.0,21310.0,0.0,300.0,26327.0,26077.0,0.0,250.0,18468.0,18768.0,300.0,0.0,27054.0,26834.0,0.0,220.0,-158.0,-827.19
09/03/2022,0,22990.0,116.58,21610.0,21310.0,0.0,300.0,26327.0,26077.0,0.0,250.0,18468.0,18768.0,300.0,0.0,27054.0,26834.0,0.0,220.0,-158.0,-827.19
10/03/2022,0,22980.0,114.54,21610.0,21310.0,0.0,300.0,26327.0,26077.0,0.0,250.0,18468.0,18768.0,300.0,0.0,27054.0,26834.0,0.0,220.0,-158.0,-827.19
11/03/2022,1,23010.0,118.11,26768.0,25268.0,0.0,1500.0,29735.0,28985.0,0.0,750.0,20987.0,20987.0,0.0,0.0,30824.0,29824.0,0.0,1000.0,-250.0,-840.08
12/03/2022,0,23010.0,115.53666666666666,26768.0,25268.0,0.0,1500.0,29735.0,28985.0,0.0,750.0,20987.0,20987.0,0.0,0.0,30824.0,29824.0,0.0,1000.0,-250.0,-840.08
13/03/2022,0,23010.0,112.96333333333334,26768.0,25268.0,0.0,1500.0,29735.0,28985.0,0.0,750.0,20987.0,20987.0,0.0,0.0,30824.0,29824.0,0.0,1000.0,-250.0,-840.08
14/03/2022,0,23030.0,110.39,26768.0,25268.0,0.0,1500.0,29735.0,28985.0,0.0,750.0,20987.0,20987.0,0.0,0.0,30824.0,29824.0,0.0,1000.0,-250.0,-840.08
15/03/2022,0,23030.0,105.14,26768.0,25268.0,0.0,1500.0,29735.0,28985.0,0.0,750.0,20987.0,20987.0,0.0,0.0,30824.0,29824.0,0.0,1000.0,-250.0,-840.08
16/03/2022,0,23020.0,104.61,26768.0,25268.0,0.0,1500.0,29735.0,28985.0,0.0,750.0,20987.0,20987.0,0.0,0.0,30824.0,29824.0,0.0,1000.0,-250.0,-840.08
17/03/2022,0,23020.0,113.5,26768.0,25268.0,0.0,1500.0,29735.0,28985.0,0.0,750.0,20987.0,20987.0,0.0,0.0,30824.0,29824.0,0.0,1000.0,-250.0,-840.08
18/03/2022,0,23000.0,114.32,26768.0,25268.0,0.0,1500.0,29735.0,28985.0,0.0,750.0,20987.0,20987.0,0.0,0.0,30824.0,29824.0,0.0,1000.0,-250.0,-840.08
19/03/2022,0,23000.0,116.97666666666666,26768.0,25268.0,0.0,1500.0,29735.0,28985.0,0.0,750.0,20987.0,20987.0,0.0,0.0,30824.0,29824.0,0.0,1000.0,-250.0,-840.08
20/03/2022,0,23000.0,119.63333333333334,26768.0,25268.0,0.0,1500.0,29735.0,28985.0,0.0,750.0,20987.0,20987.0,0.0,0.0,30824.0,29824.0,0.0,1000.0,-250.0,-840.08
21/03/2022,1,23010.0,122.29,23633.0,24033.0,400.0,0.0,28330.0,28530.0,200.0,0.0,20423.0,20423.0,0.0,0.0,29192.0,29242.0,50.0,0.0,-470.0,-1098.89
22/03/2022,0,23015.0,121.53,23633.0,24033.0,400.0,0.0,28330.0,28530.0,200.0,0.0,20423.0,20423.0,0.0,0.0,29192.0,29242.0,50.0,0.0,-470.0,-1098.89
23/03/2022,0,23020.0,127.52,23633.0,24033.0,400.0,0.0,28330.0,28530.0,200.0,0.0,20423.0,20423.0,0.0,0.0,29192.0,29242.0,50.0,0.0,-470.0,-1098.89
24/03/2022,0,23015.0,123.98,23633.0,24033.0,400.0,0.0,28330.0,28530.0,200.0,0.0,20423.0,20423.0,0.0,0.0,29192.0,29242.0,50.0,0.0,-470.0,-1098.89
25/03/2022,0,23010.0,122.67,23633.0,24033.0,400.0,0.0,28330.0,28530.0,200.0,0.0,20423.0,20423.0,0.0,0.0,29192.0,29242.0,50.0,0.0,-470.0,-1098.89
26/03/2022,0,23010.0,119.94666666666667,23633.0,24033.0,400.0,0.0,28330.0,28530.0,200.0,0.0,20423.0,20423.0,0.0,0.0,29192.0,29242.0,50.0,0.0,-470.0,-1098.89
27/03/2022,0,23010.0,117.22333333333333,23633.0,24033.0,400.0,0.0,28330.0,28530.0,200.0,0.0,20423.0,20423.0,0.0,0.0,29192.0,29242.0,50.0,0.0,-470.0,-1098.89
28/03/2022,0,23015.0,114.5,23633.0,24033.0,400.0,0.0,28330.0,28530.0,200.0,0.0,20423.0,20423.0,0.0,0.0,29192.0,29242.0,50.0,0.0,-470.0,-1098.89
29/03/2022,0,23020.0,112.79,23633.0,24033.0,400.0,0.0,28330.0,28530.0,200.0,0.0,20423.0,20423.0,0.0,0.0,29192.0,29242.0,50.0,0.0,-470.0,-1098.89
30/03/2022,0,23000.0,115.59,23633.0,24033.0,400.0,0.0,28330.0,28530.0,200.0,0.0,20423.0,20423.0,0.0,0.0,29192.0,29242.0,50.0,0.0,-470.0,-1098.89
31/03/2022,0,22980.0,107.29,23633.0,24033.0,400.0,0.0,28330.0,28530.0,200.0,0.0,20423.0,20423.0,0.0,0.0,29192.0,29242.0,50.0,0.0,-470.0,-1095.52
01/04/2022,1,22980.0,106.13,25080.0,25180.0,100.0,0.0,27309.0,27559.0,250.0,0.0,20929.0,20929.0,0.0,0.0,28153.0,28353.0,200.0,0.0,-434.0,-1095.52
02/04/2022,0,22980.0,106.80333333333333,25080.0,25180.0,100.0,0.0,27309.0,27559.0,250.0,0.0,20929.0,20929.0,0.0,0.0,28153.0,28353.0,200.0,0.0,-434.0,-1095.52
03/04/2022,0,22980.0,107.47666666666667,25080.0,25180.0,100.0,0.0,27309.0,27559.0,250.0,0.0,20929.0,20929.0,0.0,0.0,28153.0,28353.0,200.0,0.0,-434.0,-1095.52
04/04/2022,0,22980.0,108.15,25080.0,25180.0,100.0,0.0,27309.0,27559.0,250.0,0.0,20929.0,20929.0,0.0,0.0,28153.0,28353.0,200.0,0.0,-434.0,-1095.52
05/04/2022,0,23010.0,106.6,25080.0,25180.0,100.0,0.0,27309.0,27559.0,250.0,0.0,20929.0,20929.0,0.0,0.0,28153.0,28353.0,200.0,0.0,-434.0,-1095.52
06/04/2022,0,23010.0,100.81,25080.0,25180.0,100.0,0.0,27309.0,27559.0,250.0,0.0,20929.0,20929.0,0.0,0.0,28153.0,28353.0,200.0,0.0,-434.0,-1095.52
07/04/2022,0,23000.0,99.83,25080.0,25180.0,100.0,0.0,27309.0,27559.0,250.0,0.0,20929.0,20929.0,0.0,0.0,28153.0,28353.0,200.0,0.0,-434.0,-1095.52
08/04/2022,0,23000.0,101.26,25080.0,25180.0,100.0,0.0,27309.0,27559.0,250.0,0.0,20929.0,20929.0,0.0,0.0,28153.0,28353.0,200.0,0.0,-434.0,-1095.52
09/04/2022,0,23000.0,100.14666666666668,25080.0,25180.0,100.0,0.0,27309.0,27559.0,250.0,0.0,20929.0,20929.0,0.0,0.0,28153.0,28353.0,200.0,0.0,-434.0,-1095.52
10/04/2022,0,23000.0,99.03333333333333,25080.0,25180.0,100.0,0.0,27309.0,27559.0,250.0,0.0,20929.0,20929.0,0.0,0.0,28153.0,28353.0,200.0,0.0,-434.0,-1095.52
11/04/2022,0,23000.0,97.92,25080.0,25180.0,100.0,0.0,27309.0,27559.0,250.0,0.0,20929.0,20929.0,0.0,0.0,28153.0,28353.0,200.0,0.0,-434.0,-1095.52
12/04/2022,1,23025.0,104.42,24380.0,24880.0,500.0,0.0,26471.0,27021.0,550.0,0.0,21410.0,20929.0,0.0,481.0,27317.0,27967.0,650.0,0.0,-382.0,-1068.49
13/04/2022,0,23020.0,108.49,24380.0,24880.0,500.0,0.0,26471.0,27021.0,550.0,0.0,21410.0,20929.0,0.0,481.0,27317.0,27967.0,650.0,0.0,-382.0,-1068.49
14/04/2022,0,23040.0,110.83,24380.0,24880.0,500.0,0.0,26471.0,27021.0,550.0,0.0,21410.0,20929.0,0.0,481.0,27317.0,27967.0,650.0,0.0,-382.0,-1068.49
15/04/2022,0,23040.0,109.762,24380.0,24880.0,500.0,0.0,26471.0,27021.0,550.0,0.0,21410.0,20929.0,0.0,481.0,27317.0,27967.0,650.0,0.0,-382.0,-1068.49
16/04/2022,0,23040.0,108.694,24380.0,24880.0,500.0,0.0,26471.0,27021.0,550.0,0.0,21410.0,20929.0,0.0,481.0,27317.0,27967.0,650.0,0.0,-382.0,-1068.49
17/04/2022,0,23040.0,107.62599999999999,24380.0,24880.0,500.0,0.0,26471.0,27021.0,550.0,0.0,21410.0,20929.0,0.0,481.0,27317.0,27967.0,650.0,0.0,-382.0,-1068.49
18/04/2022,0,23060.0,106.55799999999999,24380.0,24880.0,500.0,0.0,26471.0,27021.0,550.0,0.0,21410.0,20929.0,0.0,481.0,27317.0,27967.0,650.0,0.0,-382.0,-1068.49
19/04/2022,0,23095.0,105.49,24380.0,24880.0,500.0,0.0,26471.0,27021.0,550.0,0.0,21410.0,20929.0,0.0,481.0,27317.0,27967.0,650.0,0.0,-382.0,-1068.49
20/04/2022,0,23105.0,105.05,24380.0,24880.0,500.0,0.0,26471.0,27021.0,550.0,0.0,21410.0,20929.0,0.0,481.0,27317.0,27967.0,650.0,0.0,-382.0,-1068.49
21/04/2022,1,23105.0,107.2,25359.0,25459.0,100.0,0.0,27134.0,27534.0,400.0,0.0,22050.0,21800.0,0.0,250.0,27992.0,28492.0,500.0,0.0,-222.0,-1065.43
22/04/2022,0,23110.0,105.15,25359.0,25459.0,100.0,0.0,27134.0,27534.0,400.0,0.0,22050.0,21800.0,0.0,250.0,27992.0,28492.0,500.0,0.0,-222.0,-1065.43
23/04/2022,0,23110.0,103.19,25359.0,25459.0,100.0,0.0,27134.0,27534.0,400.0,0.0,22050.0,21800.0,0.0,250.0,27992.0,28492.0,500.0,0.0,-222.0,-1065.43
24/04/2022,0,23110.0,101.23,25359.0,25459.0,100.0,0.0,27134.0,27534.0,400.0,0.0,22050.0,21800.0,0.0,250.0,27992.0,28492.0,500.0,0.0,-222.0,-1065.43
25/04/2022,0,23120.0,99.27,25359.0,25459.0,100.0,0.0,27134.0,27534.0,400.0,0.0,22050.0,21800.0,0.0,250.0,27992.0,28492.0,500.0,0.0,-222.0,-1065.43
26/04/2022,0,23120.0,102.89,25359.0,25459.0,100.0,0.0,27134.0,27534.0,400.0,0.0,22050.0,21800.0,0.0,250.0,27992.0,28492.0,500.0,0.0,-222.0,-1065.43
27/04/2022,0,23105.0,103.3,25359.0,25459.0,100.0,0.0,27134.0,27534.0,400.0,0.0,22050.0,21800.0,0.0,250.0,27992.0,28492.0,500.0,0.0,-222.0,-1065.43
28/04/2022,0,23090.0,105.78,25359.0,25459.0,100.0,0.0,27134.0,27534.0,400.0,0.0,22050.0,21800.0,0.0,250.0,27992.0,28492.0,500.0,0.0,-222.0,-1065.43
29/04/2022,0,23095.0,108.36,25359.0,25459.0,100.0,0.0,27134.0,27534.0,400.0,0.0,22050.0,21800.0,0.0,250.0,27992.0,28492.0,500.0,0.0,-222.0,-1065.43
30/04/2022,0,23095.0,107.505,25359.0,25459.0,100.0,0.0,27134.0,27534.0,400.0,0.0,22050.0,21800.0,0.0,250.0,27992.0,28492.0,500.0,0.0,-222.0,-1065.43
01/05/2022,0,23095.0,106.65,25359.0,25459.0,100.0,0.0,27134.0,27534.0,400.0,0.0,22050.0,21800.0,0.0,250.0,27992.0,28492.0,500.0,0.0,-222.0,-1065.43
02/05/2022,0,23095.0,105.795,25359.0,25459.0,100.0,0.0,27134.0,27534.0,400.0,0.0,22050.0,21800.0,0.0,250.0,27992.0,28492.0,500.0,0.0,-222.0,-1065.43
03/05/2022,0,23095.0,104.94,25359.0,25459.0,100.0,0.0,27134.0,27534.0,400.0,0.0,22050.0,21800.0,0.0,250.0,27992.0,28492.0,500.0,0.0,-222.0,-1065.43
04/05/2022,1,23110.0,110.53,25530.0,25630.0,100.0,0.0,27468.0,27768.0,300.0,0.0,21560.0,21560.0,0.0,0.0,28434.0,28834.0,400.0,0.0,-108.0,-1037.89
05/05/2022,0,23090.0,112.11,25530.0,25630.0,100.0,0.0,27468.0,27768.0,300.0,0.0,21560.0,21560.0,0.0,0.0,28434.0,28834.0,400.0,0.0,-108.0,-1037.89
06/05/2022,0,23090.0,113.86,25530.0,25630.0,100.0,0.0,27468.0,27768.0,300.0,0.0,21560.0,21560.0,0.0,0.0,28434.0,28834.0,400.0,0.0,-108.0,-1037.89
07/05/2022,0,23090.0,111.46333333333334,25530.0,25630.0,100.0,0.0,27468.0,27768.0,300.0,0.0,21560.0,21560.0,0.0,0.0,28434.0,28834.0,400.0,0.0,-108.0,-1037.89
08/05/2022,0,23090.0,109.06666666666666,25530.0,25630.0,100.0,0.0,27468.0,27768.0,300.0,0.0,21560.0,21560.0,0.0,0.0,28434.0,28834.0,400.0,0.0,-108.0,-1037.89
09/05/2022,0,23095.0,106.67,25530.0,25630.0,100.0,0.0,27468.0,27768.0,300.0,0.0,21560.0,21560.0,0.0,0.0,28434.0,28834.0,400.0,0.0,-108.0,-1037.89
10/05/2022,0,23075.0,102.61,25530.0,25630.0,100.0,0.0,27468.0,27768.0,300.0,0.0,21560.0,21560.0,0.0,0.0,28434.0,28834.0,400.0,0.0,-108.0,-1037.89
11/05/2022,1,23200.0,107.7,26650.0,26750.0,100.0,0.0,28959.0,29059.0,100.0,0.0,21593.0,21560.0,0.0,33.0,29988.0,30088.0,100.0,0.0,-53.0,-1030.55
12/05/2022,0,23230.0,108.06,26650.0,26750.0,100.0,0.0,28959.0,29059.0,100.0,0.0,21593.0,21560.0,0.0,33.0,29988.0,30088.0,100.0,0.0,-53.0,-1030.55
13/05/2022,0,23230.0,112.12,26650.0,26750.0,100.0,0.0,28959.0,29059.0,100.0,0.0,21593.0,21560.0,0.0,33.0,29988.0,30088.0,100.0,0.0,-53.0,-1030.55
14/05/2022,0,23230.0,113.03333333333333,26650.0,26750.0,100.0,0.0,28959.0,29059.0,100.0,0.0,21593.0,21560.0,0.0,33.0,29988.0,30088.0,100.0,0.0,-53.0,-1030.55
15/05/2022,0,23230.0,113.94666666666667,26650.0,26750.0,100.0,0.0,28959.0,29059.0,100.0,0.0,21593.0,21560.0,0.0,33.0,29988.0,30088.0,100.0,0.0,-53.0,-1030.55
16/05/2022,0,23230.0,114.86,26650.0,26750.0,100.0,0.0,28959.0,29059.0,100.0,0.0,21593.0,21560.0,0.0,33.0,29988.0,30088.0,100.0,0.0,-53.0,-1030.55
17/05/2022,0,23270.0,112.89,26650.0,26750.0,100.0,0.0,28959.0,29059.0,100.0,0.0,21593.0,21560.0,0.0,33.0,29988.0,30088.0,100.0,0.0,-53.0,-1030.55
18/05/2022,0,23280.0,110.04,26650.0,26750.0,100.0,0.0,28959.0,29059.0,100.0,0.0,21593.0,21560.0,0.0,33.0,29988.0,30088.0,100.0,0.0,-53.0,-1030.55
19/05/2022,0,23305.0,113.22,26650.0,26750.0,100.0,0.0,28959.0,29059.0,100.0,0.0,21593.0,21560.0,0.0,33.0,29988.0,30088.0,100.0,0.0,-53.0,-1030.55
20/05/2022,0,23310.0,113.63,26650.0,26750.0,100.0,0.0,28959.0,29059.0,100.0,0.0,21593.0,21560.0,0.0,33.0,29988.0,30088.0,100.0,0.0,-53.0,-1030.55
21/05/2022,0,23310.0,114.13,26650.0,26750.0,100.0,0.0,28959.0,29059.0,100.0,0.0,21593.0,21560.0,0.0,33.0,29988.0,30088.0,100.0,0.0,-53.0,-1030.55
22/05/2022,0,23310.0,114.63,26650.0,26750.0,100.0,0.0,28959.0,29059.0,100.0,0.0,21593.0,21560.0,0.0,33.0,29988.0,30088.0,100.0,0.0,-53.0,-1030.55
23/05/2022,1,23315.0,115.13,25553.0,25853.0,300.0,0.0,29733.0,29633.0,0.0,100.0,20598.0,20998.0,400.0,0.0,30957.0,30657.0,0.0,300.0,-15.0,-1012.5
24/05/2022,0,23350.0,115.77,25553.0,25853.0,300.0,0.0,29733.0,29633.0,0.0,100.0,20598.0,20998.0,400.0,0.0,30957.0,30657.0,0.0,300.0,-15.0,-1012.5
25/05/2022,0,23350.0,116.41,25553.0,25853.0,300.0,0.0,29733.0,29633.0,0.0,100.0,20598.0,20998.0,400.0,0.0,30957.0,30657.0,0.0,300.0,-15.0,-1012.5
26/05/2022,0,23340.0,119.81,25553.0,25853.0,300.0,0.0,29733.0,29633.0,0.0,100.0,20598.0,20998.0,400.0,0.0,30957.0,30657.0,0.0,300.0,-15.0,-1012.5
27/05/2022,0,23340.0,121.19,25553.0,25853.0,300.0,0.0,29733.0,29633.0,0.0,100.0,20598.0,20998.0,400.0,0.0,30957.0,30657.0,0.0,300.0,-15.0,-1012.5
28/05/2022,0,23340.0,121.79666666666667,25553.0,25853.0,300.0,0.0,29733.0,29633.0,0.0,100.0,20598.0,20998.0,400.0,0.0,30957.0,30657.0,0.0,300.0,-15.0,-1012.5
29/05/2022,0,23340.0,122.40333333333334,25553.0,25853.0,300.0,0.0,29733.0,29633.0,0.0,100.0,20598.0,20998.0,400.0,0.0,30957.0,30657.0,0.0,300.0,-15.0,-1012.5
30/05/2022,0,23330.0,123.01,25553.0,25853.0,300.0,0.0,29733.0,29633.0,0.0,100.0,20598.0,20998.0,400.0,0.0,30957.0,30657.0,0.0,300.0,-15.0,-1012.5
31/05/2022,0,23330.0,125.53,25553.0,25853.0,300.0,0.0,29733.0,29633.0,0.0,100.0,20598.0,20998.0,400.0,0.0,30957.0,30657.0,0.0,300.0,-15.0,-1012.5
01/06/2022,1,23340.0,122.2,26394.0,26494.0,100.0,0.0,30335.0,30235.0,0.0,100.0,20901.0,21201.0,300.0,0.0,32078.0,31578.0,0.0,500.0,-5.0,-1013.37
02/06/2022,0,23350.0,123.94,26394.0,26494.0,100.0,0.0,30335.0,30235.0,0.0,100.0,20901.0,21201.0,300.0,0.0,32078.0,31578.0,0.0,500.0,-5.0,-1013.37
03/06/2022,0,23340.0,125.68,26394.0,26494.0,100.0,0.0,30335.0,30235.0,0.0,100.0,20901.0,21201.0,300.0,0.0,32078.0,31578.0,0.0,500.0,-5.0,-1013.37
04/06/2022,0,23340.0,125.45,26394.0,26494.0,100.0,0.0,30335.0,30235.0,0.0,100.0,20901.0,21201.0,300.0,0.0,32078.0,31578.0,0.0,500.0,-5.0,-1013.37
05/06/2022,0,23340.0,125.22,26394.0,26494.0,100.0,0.0,30335.0,30235.0,0.0,100.0,20901.0,21201.0,300.0,0.0,32078.0,31578.0,0.0,500.0,-5.0,-1013.37
06/06/2022,0,23335.0,124.99,26394.0,26494.0,100.0,0.0,30335.0,30235.0,0.0,100.0,20901.0,21201.0,300.0,0.0,32078.0,31578.0,0.0,500.0,-5.0,-1013.37
07/06/2022,0,23325.0,126.89,26394.0,26494.0,100.0,0.0,30335.0,30235.0,0.0,100.0,20901.0,21201.0,300.0,0.0,32078.0,31578.0,0.0,500.0,-5.0,-1013.37
08/06/2022,0,23330.0,129.2,26394.0,26494.0,100.0,0.0,30335.0,30235.0,0.0,100.0,20901.0,21201.0,300.0,0.0,32078.0,31578.0,0.0,500.0,-5.0,-1013.37
09/06/2022,0,23310.0,128.47,26394.0,26494.0,100.0,0.0,30335.0,30235.0,0.0,100.0,20901.0,21201.0,300.0,0.0,32078.0,31578.0,0.0,500.0,-5.0,-1013.37
10/06/2022,0,23310.0,127.44,26394.0,26494.0,100.0,0.0,30335.0,30235.0,0.0,100.0,20901.0,21201.0,300.0,0.0,32078.0,31578.0,0.0,500.0,-5.0,-1013.37
11/06/2022,0,23310.0,127.77333333333333,26394.0,26494.0,100.0,0.0,30335.0,30235.0,0.0,100.0,20901.0,21201.0,300.0,0.0,32078.0,31578.0,0.0,500.0,-5.0,-1013.37
12/06/2022,0,23310.0,128.10666666666665,26394.0,26494.0,100.0,0.0,30335.0,30235.0,0.0,100.0,20901.0,21201.0,300.0,0.0,32078.0,31578.0,0.0,500.0,-5.0,-1013.37
13/06/2022,1,23340.0,128.44,29420.0,29020.0,0.0,400.0,31217.0,31117.0,0.0,100.0,20357.0,20657.0,300.0,0.0,32575.0,32375.0,0.0,200.0,-49.0,-1032.31
14/06/2022,0,23370.0,127.02,29420.0,29020.0,0.0,400.0,31217.0,31117.0,0.0,100.0,20357.0,20657.0,300.0,0.0,32575.0,32375.0,0.0,200.0,-49.0,-1032.31
15/06/2022,0,23360.0,124.96,29420.0,29020.0,0.0,400.0,31217.0,31117.0,0.0,100.0,20357.0,20657.0,300.0,0.0,32575.0,32375.0,0.0,200.0,-49.0,-1032.31
16/06/2022,0,23370.0,125.78,29420.0,29020.0,0.0,400.0,31217.0,31117.0,0.0,100.0,20357.0,20657.0,300.0,0.0,32575.0,32375.0,0.0,200.0,-49.0,-1032.31
17/06/2022,0,23380.0,119.22,29420.0,29020.0,0.0,400.0,31217.0,31117.0,0.0,100.0,20357.0,20657.0,300.0,0.0,32575.0,32375.0,0.0,200.0,-49.0,-1032.31
18/06/2022,0,23380.0,118.89666666666666,29420.0,29020.0,0.0,400.0,31217.0,31117.0,0.0,100.0,20357.0,20657.0,300.0,0.0,32575.0,32375.0,0.0,200.0,-49.0,-1032.31
19/06/2022,0,23380.0,118.57333333333334,29420.0,29020.0,0.0,400.0,31217.0,31117.0,0.0,100.0,20357.0,20657.0,300.0,0.0,32575.0,32375.0,0.0,200.0,-49.0,-1032.31
20/06/2022,0,23380.0,118.25,29420.0,29020.0,0.0,400.0,31217.0,31117.0,0.0,100.0,20357.0,20657.0,300.0,0.0,32575.0,32375.0,0.0,200.0,-49.0,-1032.31
21/06/2022,1,23380.0,118.51,30419.0,30019.0,0.0,400.0,31302.0,31302.0,0.0,0.0,20735.0,21035.0,300.0,0.0,32873.0,32873.0,0.0,0.0,-98.0,-1032.39
22/06/2022,0,23385.0,115.54,30419.0,30019.0,0.0,400.0,31302.0,31302.0,0.0,0.0,20735.0,21035.0,300.0,0.0,32873.0,32873.0,0.0,0.0,-98.0,-1032.39
23/06/2022,0,23390.0,114.5,30419.0,30019.0,0.0,400.0,31302.0,31302.0,0.0,0.0,20735.0,21035.0,300.0,0.0,32873.0,32873.0,0.0,0.0,-98.0,-1032.39
24/06/2022,0,23390.0,117.36,30419.0,30019.0,0.0,400.0,31302.0,31302.0,0.0,0.0,20735.0,21035.0,300.0,0.0,32873.0,32873.0,0.0,0.0,-98.0,-1032.39
25/06/2022,0,23390.0,118.13666666666667,30419.0,30019.0,0.0,400.0,31302.0,31302.0,0.0,0.0,20735.0,21035.0,300.0,0.0,32873.0,32873.0,0.0,0.0,-98.0,-1032.39
26/06/2022,0,23390.0,118.91333333333333,30419.0,30019.0,0.0,400.0,31302.0,31302.0,0.0,0.0,20735.0,21035.0,300.0,0.0,32873.0,32873.0,0.0,0.0,-98.0,-1032.39
27/06/2022,0,23390.0,119.69,30419.0,30019.0,0.0,400.0,31302.0,31302.0,0.0,0.0,20735.0,21035.0,300.0,0.0,32873.0,32873.0,0.0,0.0,-98.0,-1032.39
28/06/2022,0,23390.0,122.21,30419.0,30019.0,0.0,400.0,31302.0,31302.0,0.0,0.0,20735.0,21035.0,300.0,0.0,32873.0,32873.0,0.0,0.0,-98.0,-1032.39
29/06/2022,0,23380.0,120.8,30419.0,30019.0,0.0,400.0,31302.0,31302.0,0.0,0.0,20735.0,21035.0,300.0,0.0,32873.0,32873.0,0.0,0.0,-98.0,-1032.39
30/06/2022,0,23415.0,119.78,30419.0,30019.0,0.0,400.0,31302.0,31302.0,0.0,0.0,20735.0,21035.0,300.0,0.0,32873.0,32873.0,0.0,0.0,-98.0,-1032.39
01/07/2022,1,23440.0,119.21,29615.0,29615.0,0.0,0.0,30891.0,30991.0,100.0,0.0,19722.0,20522.0,800.0,0.0,32763.0,32763.0,0.0,0.0,-148.5,-1099.74
02/07/2022,0,23440.0,120.07333333333332,29615.0,29615.0,0.0,0.0,30891.0,30991.0,100.0,0.0,19722.0,20522.0,800.0,0.0,32763.0,32763.0,0.0,0.0,-148.5,-1099.74
03/07/2022,0,23440.0,120.93666666666667,29615.0,29615.0,0.0,0.0,30891.0,30991.0,100.0,0.0,19722.0,20522.0,800.0,0.0,32763.0,32763.0,0.0,0.0,-148.5,-1099.74
04/07/2022,0,23470.0,121.8,29615.0,29615.0,0.0,0.0,30891.0,30991.0,100.0,0.0,19722.0,20522.0,800.0,0.0,32763.0,32763.0,0.0,0.0,-148.5,-1099.74
05/07/2022,0,23490.0,110.49,29615.0,29615.0,0.0,0.0,30891.0,30991.0,100.0,0.0,19722.0,20522.0,800.0,0.0,32763.0,32763.0,0.0,0.0,-148.5,-1099.74
06/07/2022,0,23505.0,108.54,29615.0,29615.0,0.0,0.0,30891.0,30991.0,100.0,0.0,19722.0,20522.0,800.0,0.0,32763.0,32763.0,0.0,0.0,-148.5,-1099.74
07/07/2022,0,23490.0,113.4,29615.0,29615.0,0.0,0.0,30891.0,30991.0,100.0,0.0,19722.0,20522.0,800.0,0.0,32763.0,32763.0,0.0,0.0,-148.5,-1099.74
08/07/2022,0,23500.0,113.95,29615.0,29615.0,0.0,0.0,30891.0,30991.0,100.0,0.0,19722.0,20522.0,800.0,0.0,32763.0,32763.0,0.0,0.0,-148.5,-1099.74
09/07/2022,0,23500.0,114.25,29615.0,29615.0,0.0,0.0,30891.0,30991.0,100.0,0.0,19722.0,20522.0,800.0,0.0,32763.0,32763.0,0.0,0.0,-148.5,-1099.74
10/07/2022,0,23500.0,114.55,29615.0,29615.0,0.0,0.0,30891.0,30991.0,100.0,0.0,19722.0,20522.0,800.0,0.0,32763.0,32763.0,0.0,0.0,-148.5,-1099.74
11/07/2022,1,23490.0,114.85,26593.0,27143.0,550.0,0.0,27788.0,28738.0,950.0,0.0,17712.0,18662.0,950.0,0.0,29675.0,30625.0,950.0,0.0,-140.0,-1098.07
12/07/2022,0,23520.0,106.98,26593.0,27143.0,550.0,0.0,27788.0,28738.0,950.0,0.0,17712.0,18662.0,950.0,0.0,29675.0,30625.0,950.0,0.0,-140.0,-1098.07
13/07/2022,0,23530.0,107.17,26593.0,27143.0,550.0,0.0,27788.0,28738.0,950.0,0.0,17712.0,18662.0,950.0,0.0,29675.0,30625.0,950.0,0.0,-140.0,-1098.07
14/07/2022,0,23545.0,107.74,26593.0,27143.0,550.0,0.0,27788.0,28738.0,950.0,0.0,17712.0,18662.0,950.0,0.0,29675.0,30625.0,950.0,0.0,-140.0,-1098.07
15/07/2022,0,23580.0,112.26,26593.0,27143.0,550.0,0.0,27788.0,28738.0,950.0,0.0,17712.0,18662.0,950.0,0.0,29675.0,30625.0,950.0,0.0,-140.0,-1098.07
16/07/2022,0,23580.0,113.93,26593.0,27143.0,550.0,0.0,27788.0,28738.0,950.0,0.0,17712.0,18662.0,950.0,0.0,29675.0,30625.0,950.0,0.0,-140.0,-1098.07
17/07/2022,0,23580.0,115.6,26593.0,27143.0,550.0,0.0,27788.0,28738.0,950.0,0.0,17712.0,18662.0,950.0,0.0,29675.0,30625.0,950.0,0.0,-140.0,-1098.07
18/07/2022,0,23590.0,117.27,26593.0,27143.0,550.0,0.0,27788.0,28738.0,950.0,0.0,17712.0,18662.0,950.0,0.0,29675.0,30625.0,950.0,0.0,-140.0,-1098.07
19/07/2022,0,23570.0,114.96,26593.0,27143.0,550.0,0.0,27788.0,28738.0,950.0,0.0,17712.0,18662.0,950.0,0.0,29675.0,30625.0,950.0,0.0,-140.0,-1098.07
20/07/2022,0,23560.0,115.86,26593.0,27143.0,550.0,0.0,27788.0,28738.0,950.0,0.0,17712.0,18662.0,950.0,0.0,29675.0,30625.0,950.0,0.0,-140.0,-1098.07
21/07/2022,1,23560.0,112.81,24858.0,25408.0,550.0,0.0,25073.0,26023.0,950.0,0.0,16548.0,17498.0,950.0,0.0,26070.0,27020.0,950.0,0.0,53.3,-1000.77
22/07/2022,0,23550.0,106.77,24858.0,25408.0,550.0,0.0,25073.0,26023.0,950.0,0.0,16548.0,17498.0,950.0,0.0,26070.0,27020.0,950.0,0.0,53.3,-1000.77
23/07/2022,0,23550.0,107.25666666666666,24858.0,25408.0,550.0,0.0,25073.0,26023.0,950.0,0.0,16548.0,17498.0,950.0,0.0,26070.0,27020.0,950.0,0.0,53.3,-1000.77
24/07/2022,0,23550.0,107.74333333333334,24858.0,25408.0,550.0,0.0,25073.0,26023.0,950.0,0.0,16548.0,17498.0,950.0,0.0,26070.0,27020.0,950.0,0.0,53.3,-1000.77
25/07/2022,0,23530.0,108.23,24858.0,25408.0,550.0,0.0,25073.0,26023.0,950.0,0.0,16548.0,17498.0,950.0,0.0,26070.0,27020.0,950.0,0.0,53.3,-1000.77
26/07/2022,0,23495.0,107.32,24858.0,25408.0,550.0,0.0,25073.0,26023.0,950.0,0.0,16548.0,17498.0,950.0,0.0,26070.0,27020.0,950.0,0.0,53.3,-1000.77
27/07/2022,0,23510.0,109.64,24858.0,25408.0,550.0,0.0,25073.0,26023.0,950.0,0.0,16548.0,17498.0,950.0,0.0,26070.0,27020.0,950.0,0.0,53.3,-1000.77
28/07/2022,0,23520.0,109.68,24858.0,25408.0,550.0,0.0,25073.0,26023.0,950.0,0.0,16548.0,17498.0,950.0,0.0,26070.0,27020.0,950.0,0.0,53.3,-1000.77
29/07/2022,0,23480.0,111.51,24858.0,25408.0,550.0,0.0,25073.0,26023.0,950.0,0.0,16548.0,17498.0,950.0,0.0,26070.0,27020.0,950.0,0.0,53.3,-1000.77
30/07/2022,0,23480.0,109.70333333333333,24858.0,25408.0,550.0,0.0,25073.0,26023.0,950.0,0.0,16548.0,17498.0,950.0,0.0,26070.0,27020.0,950.0,0.0,53.3,-1000.77
31/07/2022,0,23480.0,107.89666666666668,24858.0,25408.0,550.0,0.0,25073.0,26023.0,950.0,0.0,16548.0,17498.0,950.0,0.0,26070.0,27020.0,950.0,0.0,53.3,-1000.77
01/08/2022,1,23490.0,106.09,23908.0,24358.0,450.0,0.0,24629.0,25429.0,800.0,0.0,16548.0,17335.0,787.0,0.0,25608.0,26458.0,850.0,0.0,305.0,-980.749
02/08/2022,0,23500.0,106.51,23908.0,24358.0,450.0,0.0,24629.0,25429.0,800.0,0.0,16548.0,17335.0,787.0,0.0,25608.0,26458.0,850.0,0.0,305.0,-980.749
03/08/2022,0,23530.0,101.82,23908.0,24358.0,450.0,0.0,24629.0,25429.0,800.0,0.0,16548.0,17335.0,787.0,0.0,25608.0,26458.0,850.0,0.0,305.0,-980.749
04/08/2022,0,23540.0,97.99,23908.0,24358.0,450.0,0.0,24629.0,25429.0,800.0,0.0,16548.0,17335.0,787.0,0.0,25608.0,26458.0,850.0,0.0,305.0,-980.749
05/08/2022,0,23530.0,100.31,23908.0,24358.0,450.0,0.0,24629.0,25429.0,800.0,0.0,16548.0,17335.0,787.0,0.0,25608.0,26458.0,850.0,0.0,305.0,-980.749
06/08/2022,0,23530.0,101.36,23908.0,24358.0,450.0,0.0,24629.0,25429.0,800.0,0.0,16548.0,17335.0,787.0,0.0,25608.0,26458.0,850.0,0.0,305.0,-980.749
07/08/2022,0,23530.0,102.41,23908.0,24358.0,450.0,0.0,24629.0,25429.0,800.0,0.0,16548.0,17335.0,787.0,0.0,25608.0,26458.0,850.0,0.0,305.0,-980.749
08/08/2022,0,23530.0,103.46,23908.0,24358.0,450.0,0.0,24629.0,25429.0,800.0,0.0,16548.0,17335.0,787.0,0.0,25608.0,26458.0,850.0,0.0,305.0,-980.749
09/08/2022,0,23530.0,103.81,23908.0,24358.0,450.0,0.0,24629.0,25429.0,800.0,0.0,16548.0,17335.0,787.0,0.0,25608.0,26458.0,850.0,0.0,305.0,-980.749
10/08/2022,0,23530.0,105.06,23908.0,24358.0,450.0,0.0,24629.0,25429.0,800.0,0.0,16548.0,17335.0,787.0,0.0,25608.0,26458.0,850.0,0.0,305.0,-980.749
11/08/2022,1,23530.0,107.19,22908.0,23258.0,350.0,0.0,23725.0,24425.0,700.0,0.0,16548.0,17264.0,716.0,0.0,24669.0,25419.0,750.0,0.0,473.0,-912.894
12/08/2022,0,23530.0,103.7,22908.0,23258.0,350.0,0.0,23725.0,24425.0,700.0,0.0,16548.0,17264.0,716.0,0.0,24669.0,25419.0,750.0,0.0,473.0,-912.894
13/08/2022,0,23530.0,101.88333333333334,22908.0,23258.0,350.0,0.0,23725.0,24425.0,700.0,0.0,16548.0,17264.0,716.0,0.0,24669.0,25419.0,750.0,0.0,473.0,-912.894
14/08/2022,0,23530.0,100.06666666666666,22908.0,23258.0,350.0,0.0,23725.0,24425.0,700.0,0.0,16548.0,17264.0,716.0,0.0,24669.0,25419.0,750.0,0.0,473.0,-912.894
15/08/2022,0,23540.0,98.25,22908.0,23258.0,350.0,0.0,23725.0,24425.0,700.0,0.0,16548.0,17264.0,716.0,0.0,24669.0,25419.0,750.0,0.0,473.0,-912.894
16/08/2022,0,23540.0,95.36,22908.0,23258.0,350.0,0.0,23725.0,24425.0,700.0,0.0,16548.0,17264.0,716.0,0.0,24669.0,25419.0,750.0,0.0,473.0,-912.894
17/08/2022,0,23545.0,97.22,22908.0,23258.0,350.0,0.0,23725.0,24425.0,700.0,0.0,16548.0,17264.0,716.0,0.0,24669.0,25419.0,750.0,0.0,473.0,-912.894
18/08/2022,0,23540.0,96.35,22908.0,23258.0,350.0,0.0,23725.0,24425.0,700.0,0.0,16548.0,17264.0,716.0,0.0,24669.0,25419.0,750.0,0.0,473.0,-912.894
19/08/2022,0,23545.0,96.45,22908.0,23258.0,350.0,0.0,23725.0,24425.0,700.0,0.0,16548.0,17264.0,716.0,0.0,24669.0,25419.0,750.0,0.0,473.0,-912.894
20/08/2022,0,23545.0,95.98666666666666,22908.0,23258.0,350.0,0.0,23725.0,24425.0,700.0,0.0,16548.0,17264.0,716.0,0.0,24669.0,25419.0,750.0,0.0,473.0,-912.894
21/08/2022,0,23545.0,95.52333333333334,22908.0,23258.0,350.0,0.0,23725.0,24425.0,700.0,0.0,16548.0,17264.0,716.0,0.0,24669.0,25419.0,750.0,0.0,473.0,-912.894
22/08/2022,1,23545.0,95.06,23759.0,24009.0,250.0,0.0,23725.0,24176.0,451.0,0.0,16548.0,17189.0,641.0,0.0,24669.0,25162.0,493.0,0.0,644.0,-862.378
23/08/2022,0,23570.0,99.49,23759.0,24009.0,250.0,0.0,23725.0,24176.0,451.0,0.0,16548.0,17189.0,641.0,0.0,24669.0,25162.0,493.0,0.0,644.0,-862.378
24/08/2022,0,23610.0,99.87,23759.0,24009.0,250.0,0.0,23725.0,24176.0,451.0,0.0,16548.0,17189.0,641.0,0.0,24669.0,25162.0,493.0,0.0,644.0,-862.378
25/08/2022,0,23560.0,98.81,23759.0,24009.0,250.0,0.0,23725.0,24176.0,451.0,0.0,16548.0,17189.0,641.0,0.0,24669.0,25162.0,493.0,0.0,644.0,-862.378
26/08/2022,0,23570.0,101.13,23759.0,24009.0,250.0,0.0,23725.0,24176.0,451.0,0.0,16548.0,17189.0,641.0,0.0,24669.0,25162.0,493.0,0.0,644.0,-862.378
27/08/2022,0,23570.0,100.6825,23759.0,24009.0,250.0,0.0,23725.0,24176.0,451.0,0.0,16548.0,17189.0,641.0,0.0,24669.0,25162.0,493.0,0.0,644.0,-862.378
28/08/2022,0,23570.0,100.235,23759.0,24009.0,250.0,0.0,23725.0,24176.0,451.0,0.0,16548.0,17189.0,641.0,0.0,24669.0,25162.0,493.0,0.0,644.0,-862.378
29/08/2022,0,23550.0,99.7875,23759.0,24009.0,250.0,0.0,23725.0,24176.0,451.0,0.0,16548.0,17189.0,641.0,0.0,24669.0,25162.0,493.0,0.0,644.0,-862.378
30/08/2022,0,23570.0,99.34,23759.0,24009.0,250.0,0.0,23725.0,24176.0,451.0,0.0,16548.0,17189.0,641.0,0.0,24669.0,25162.0,493.0,0.0,644.0,-862.378
31/08/2022,0,23600.0,96.55,23759.0,24009.0,250.0,0.0,23725.0,24176.0,451.0,0.0,16548.0,17189.0,641.0,0.0,24669.0,25162.0,493.0,0.0,644.0,-862.378
01/09/2022,0,23600.0,92.24,23759.0,24009.0,250.0,0.0,23725.0,24176.0,451.0,0.0,16548.0,17189.0,641.0,0.0,24669.0,25162.0,493.0,0.0,644.0,-862.378
02/09/2022,0,23600.0,93.09,23759.0,24009.0,250.0,0.0,23725.0,24176.0,451.0,0.0,16548.0,17189.0,641.0,0.0,24669.0,25162.0,493.0,0.0,644.0,-862.378
03/09/2022,0,23600.0,93.46666666666667,23759.0,24009.0,250.0,0.0,23725.0,24176.0,451.0,0.0,16548.0,17189.0,641.0,0.0,24669.0,25162.0,493.0,0.0,644.0,-862.378
04/09/2022,0,23600.0,93.84333333333333,23759.0,24009.0,250.0,0.0,23725.0,24176.0,451.0,0.0,16548.0,17189.0,641.0,0.0,24669.0,25162.0,493.0,0.0,644.0,-862.378
05/09/2022,1,23680.0,94.22,25488.0,25488.0,0.0,0.0,23359.0,23810.0,451.0,0.0,16077.0,16718.0,641.0,0.0,24230.0,24723.0,493.0,0.0,802.0,-821.023
06/09/2022,0,23680.0,91.43,25488.0,25488.0,0.0,0.0,23359.0,23810.0,451.0,0.0,16077.0,16718.0,641.0,0.0,24230.0,24723.0,493.0,0.0,802.0,-821.023
07/09/2022,0,23740.0,86.83,25488.0,25488.0,0.0,0.0,23359.0,23810.0,451.0,0.0,16077.0,16718.0,641.0,0.0,24230.0,24723.0,493.0,0.0,802.0,-821.023
08/09/2022,0,23670.0,87.99,25488.0,25488.0,0.0,0.0,23359.0,23810.0,451.0,0.0,16077.0,16718.0,641.0,0.0,24230.0,24723.0,493.0,0.0,802.0,-821.023
09/09/2022,0,23690.0,91.68,25488.0,25488.0,0.0,0.0,23359.0,23810.0,451.0,0.0,16077.0,16718.0,641.0,0.0,24230.0,24723.0,493.0,0.0,802.0,-821.023
10/09/2022,0,23690.0,92.27000000000001,25488.0,25488.0,0.0,0.0,23359.0,23810.0,451.0,0.0,16077.0,16718.0,641.0,0.0,24230.0,24723.0,493.0,0.0,802.0,-821.023
11/09/2022,0,23690.0,92.86,25488.0,25488.0,0.0,0.0,23359.0,23810.0,451.0,0.0,16077.0,16718.0,641.0,0.0,24230.0,24723.0,493.0,0.0,802.0,-821.023
12/09/2022,1,23670.0,93.45,24180.0,24270.0,90.0,0.0,22231.0,22682.0,451.0,0.0,15039.0,15780.0,741.0,0.0,23215.0,23665.0,450.0,0.0,840.0,-822.885
13/09/2022,0,23690.0,92.04,24180.0,24270.0,90.0,0.0,22231.0,22682.0,451.0,0.0,15039.0,15780.0,741.0,0.0,23215.0,23665.0,450.0,0.0,840.0,-822.885
14/09/2022,0,23730.0,92.83,24180.0,24270.0,90.0,0.0,22231.0,22682.0,451.0,0.0,15039.0,15780.0,741.0,0.0,23215.0,23665.0,450.0,0.0,840.0,-822.885
15/09/2022,0,23740.0,89.28,24180.0,24270.0,90.0,0.0,22231.0,22682.0,451.0,0.0,15039.0,15780.0,741.0,0.0,23215.0,23665.0,450.0,0.0,840.0,-822.885
16/09/2022,0,23795.0,89.43,24180.0,24270.0,90.0,0.0,22231.0,22682.0,451.0,0.0,15039.0,15780.0,741.0,0.0,23215.0,23665.0,450.0,0.0,840.0,-822.885
17/09/2022,0,23795.0,89.4775,24180.0,24270.0,90.0,0.0,22231.0,22682.0,451.0,0.0,15039.0,15780.0,741.0,0.0,23215.0,23665.0,450.0,0.0,840.0,-822.885
18/09/2022,0,23795.0,89.525,24180.0,24270.0,90.0,0.0,22231.0,22682.0,451.0,0.0,15039.0,15780.0,741.0,0.0,23215.0,23665.0,450.0,0.0,840.0,-822.885
19/09/2022,0,23810.0,89.5725,24180.0,24270.0,90.0,0.0,22231.0,22682.0,451.0,0.0,15039.0,15780.0,741.0,0.0,23215.0,23665.0,450.0,0.0,840.0,-822.885
20/09/2022,0,23810.0,89.62,24180.0,24270.0,90.0,0.0,22231.0,22682.0,451.0,0.0,15039.0,15780.0,741.0,0.0,23215.0,23665.0,450.0,0.0,840.0,-822.885
21/09/2022,1,23825.0,89.86,22536.0,22836.0,300.0,0.0,21781.0,22232.0,451.0,0.0,14656.0,15397.0,741.0,0.0,22584.0,23034.0,450.0,0.0,917.0,-795.16
22/09/2022,0,23845.0,90.4,22536.0,22836.0,300.0,0.0,21781.0,22232.0,451.0,0.0,14656.0,15397.0,741.0,0.0,22584.0,23034.0,450.0,0.0,917.0,-795.16
23/09/2022,0,23845.0,84.29,22536.0,22836.0,300.0,0.0,21781.0,22232.0,451.0,0.0,14656.0,15397.0,741.0,0.0,22584.0,23034.0,450.0,0.0,917.0,-795.16
24/09/2022,0,23845.0,83.71000000000001,22536.0,22836.0,300.0,0.0,21781.0,22232.0,451.0,0.0,14656.0,15397.0,741.0,0.0,22584.0,23034.0,450.0,0.0,917.0,-795.16
25/09/2022,0,23845.0,83.13,22536.0,22836.0,300.0,0.0,21781.0,22232.0,451.0,0.0,14656.0,15397.0,741.0,0.0,22584.0,23034.0,450.0,0.0,917.0,-795.16
26/09/2022,0,23870.0,82.55,22536.0,22836.0,300.0,0.0,21781.0,22232.0,451.0,0.0,14656.0,15397.0,741.0,0.0,22584.0,23034.0,450.0,0.0,917.0,-795.16
27/09/2022,0,23875.0,85.97,22536.0,22836.0,300.0,0.0,21781.0,22232.0,451.0,0.0,14656.0,15397.0,741.0,0.0,22584.0,23034.0,450.0,0.0,917.0,-795.16
28/09/2022,0,23890.0,89.55,22536.0,22836.0,300.0,0.0,21781.0,22232.0,451.0,0.0,14656.0,15397.0,741.0,0.0,22584.0,23034.0,450.0,0.0,917.0,-795.16
29/09/2022,0,23950.0,89.41,22536.0,22836.0,300.0,0.0,21781.0,22232.0,451.0,0.0,14656.0,15397.0,741.0,0.0,22584.0,23034.0,450.0,0.0,917.0,-795.16
30/09/2022,0,24010.0,88.9,22536.0,22836.0,300.0,0.0,21781.0,22232.0,451.0,0.0,14656.0,15397.0,741.0,0.0,22584.0,23034.0,450.0,0.0,917.0,-795.16
01/10/2022,0,24010.0,89.49333333333334,22536.0,22836.0,300.0,0.0,21781.0,22232.0,451.0,0.0,14656.0,15397.0,741.0,0.0,22584.0,23034.0,450.0,0.0,917.0,-795.16
02/10/2022,0,24010.0,90.08666666666667,22536.0,22836.0,300.0,0.0,21781.0,22232.0,451.0,0.0,14656.0,15397.0,741.0,0.0,22584.0,23034.0,450.0,0.0,917.0,-795.16
03/10/2022,1,24040.0,90.68,22208.0,22508.0,300.0,0.0,20732.0,21183.0,451.0,0.0,14094.0,14835.0,741.0,0.0,21443.0,22043.0,600.0,0.0,1040.0,-767.673
04/10/2022,0,24030.0,93.74,22208.0,22508.0,300.0,0.0,20732.0,21183.0,451.0,0.0,14094.0,14835.0,741.0,0.0,21443.0,22043.0,600.0,0.0,1040.0,-767.673
05/10/2022,0,24020.0,94.35,22208.0,22508.0,300.0,0.0,20732.0,21183.0,451.0,0.0,14094.0,14835.0,741.0,0.0,21443.0,22043.0,600.0,0.0,1040.0,-767.673
06/10/2022,0,24015.0,95.65,22208.0,22508.0,300.0,0.0,20732.0,21183.0,451.0,0.0,14094.0,14835.0,741.0,0.0,21443.0,22043.0,600.0,0.0,1040.0,-767.673
07/10/2022,0,24020.0,98.88,22208.0,22508.0,300.0,0.0,20732.0,21183.0,451.0,0.0,14094.0,14835.0,741.0,0.0,21443.0,22043.0,600.0,0.0,1040.0,-767.673
08/10/2022,0,24020.0,98.29666666666667,22208.0,22508.0,300.0,0.0,20732.0,21183.0,451.0,0.0,14094.0,14835.0,741.0,0.0,21443.0,22043.0,600.0,0.0,1040.0,-767.673
09/10/2022,0,24020.0,97.71333333333332,22208.0,22508.0,300.0,0.0,20732.0,21183.0,451.0,0.0,14094.0,14835.0,741.0,0.0,21443.0,22043.0,600.0,0.0,1040.0,-767.673
10/10/2022,0,24020.0,97.13,22208.0,22508.0,300.0,0.0,20732.0,21183.0,451.0,0.0,14094.0,14835.0,741.0,0.0,21443.0,22043.0,600.0,0.0,1040.0,-767.673
11/10/2022,1,24070.0,95.17,24387.0,24187.0,0.0,200.0,21292.0,21492.0,200.0,0.0,14094.0,14802.0,708.0,0.0,22007.0,22407.0,400.0,0.0,1150.0,-750.05
12/10/2022,0,24080.0,93.44,24387.0,24187.0,0.0,200.0,21292.0,21492.0,200.0,0.0,14094.0,14802.0,708.0,0.0,22007.0,22407.0,400.0,0.0,1150.0,-750.05
13/10/2022,0,24200.0,95.16,24387.0,24187.0,0.0,200.0,21292.0,21492.0,200.0,0.0,14094.0,14802.0,708.0,0.0,22007.0,22407.0,400.0,0.0,1150.0,-750.05
14/10/2022,0,24230.0,92.22,24387.0,24187.0,0.0,200.0,21292.0,21492.0,200.0,0.0,14094.0,14802.0,708.0,0.0,22007.0,22407.0,400.0,0.0,1150.0,-750.05
15/10/2022,0,24230.0,91.82666666666667,24387.0,24187.0,0.0,200.0,21292.0,21492.0,200.0,0.0,14094.0,14802.0,708.0,0.0,22007.0,22407.0,400.0,0.0,1150.0,-750.05
16/10/2022,0,24230.0,91.43333333333334,24387.0,24187.0,0.0,200.0,21292.0,21492.0,200.0,0.0,14094.0,14802.0,708.0,0.0,22007.0,22407.0,400.0,0.0,1150.0,-750.05
17/10/2022,0,24440.0,91.04,24387.0,24187.0,0.0,200.0,21292.0,21492.0,200.0,0.0,14094.0,14802.0,708.0,0.0,22007.0,22407.0,400.0,0.0,1150.0,-750.05
18/10/2022,0,24550.0,89.46,24387.0,24187.0,0.0,200.0,21292.0,21492.0,200.0,0.0,14094.0,14802.0,708.0,0.0,22007.0,22407.0,400.0,0.0,1150.0,-750.05
19/10/2022,0,24630.0,91.34,24387.0,24187.0,0.0,200.0,21292.0,21492.0,200.0,0.0,14094.0,14802.0,708.0,0.0,22007.0,22407.0,400.0,0.0,1150.0,-750.05
20/10/2022,0,24670.0,91.52,24387.0,24187.0,0.0,200.0,21292.0,21492.0,200.0,0.0,14094.0,14802.0,708.0,0.0,22007.0,22407.0,400.0,0.0,1150.0,-750.05
21/10/2022,1,24870.0,91.82,24783.0,24783.0,0.0,0.0,21496.0,21696.0,200.0,0.0,13899.0,14607.0,708.0,0.0,22344.0,22744.0,400.0,0.0,1197.0,-747.181
22/10/2022,0,24870.0,91.73666666666666,24783.0,24783.0,0.0,0.0,21496.0,21696.0,200.0,0.0,13899.0,14607.0,708.0,0.0,22344.0,22744.0,400.0,0.0,1197.0,-747.181
23/10/2022,0,24870.0,91.65333333333332,24783.0,24783.0,0.0,0.0,21496.0,21696.0,200.0,0.0,13899.0,14607.0,708.0,0.0,22344.0,22744.0,400.0,0.0,1197.0,-747.181
24/10/2022,0,24885.0,91.57,24783.0,24783.0,0.0,0.0,21496.0,21696.0,200.0,0.0,13899.0,14607.0,708.0,0.0,22344.0,22744.0,400.0,0.0,1197.0,-747.181
25/10/2022,0,24888.0,91.76,24783.0,24783.0,0.0,0.0,21496.0,21696.0,200.0,0.0,13899.0,14607.0,708.0,0.0,22344.0,22744.0,400.0,0.0,1197.0,-747.181
26/10/2022,0,24882.0,92.93,24783.0,24783.0,0.0,0.0,21496.0,21696.0,200.0,0.0,13899.0,14607.0,708.0,0.0,22344.0,22744.0,400.0,0.0,1197.0,-747.181
27/10/2022,0,24877.0,94.17,24783.0,24783.0,0.0,0.0,21496.0,21696.0,200.0,0.0,13899.0,14607.0,708.0,0.0,22344.0,22744.0,400.0,0.0,1197.0,-747.181
28/10/2022,0,24877.0,94.64,24783.0,24783.0,0.0,0.0,21496.0,21696.0,200.0,0.0,13899.0,14607.0,708.0,0.0,22344.0,22744.0,400.0,0.0,1197.0,-747.181
29/10/2022,0,24877.0,94.19333333333333,24783.0,24783.0,0.0,0.0,21496.0,21696.0,200.0,0.0,13899.0,14607.0,708.0,0.0,22344.0,22744.0,400.0,0.0,1197.0,-747.181
30/10/2022,0,24877.0,93.74666666666667,24783.0,24783.0,0.0,0.0,21496.0,21696.0,200.0,0.0,13899.0,14607.0,708.0,0.0,22344.0,22744.0,400.0,0.0,1197.0,-747.181
31/10/2022,0,24879.0,93.3,24783.0,24783.0,0.0,0.0,21496.0,21696.0,200.0,0.0,13899.0,14607.0,708.0,0.0,22344.0,22744.0,400.0,0.0,1197.0,-747.181
01/11/2022,1,24881.0,95.12,25070.0,24870.0,0.0,200.0,21873.0,22073.0,200.0,0.0,14082.0,14582.0,500.0,0.0,22756.0,23056.0,300.0,0.0,1265.0,-736.319
02/11/2022,0,24872.0,96.07,25070.0,24870.0,0.0,200.0,21873.0,22073.0,200.0,0.0,14082.0,14582.0,500.0,0.0,22756.0,23056.0,300.0,0.0,1265.0,-736.319
03/11/2022,0,24871.0,95.29,25070.0,24870.0,0.0,200.0,21873.0,22073.0,200.0,0.0,14082.0,14582.0,500.0,0.0,22756.0,23056.0,300.0,0.0,1265.0,-736.319
04/11/2022,0,24877.0,99.53,25070.0,24870.0,0.0,200.0,21873.0,22073.0,200.0,0.0,14082.0,14582.0,500.0,0.0,22756.0,23056.0,300.0,0.0,1265.0,-736.319
05/11/2022,0,24877.0,99.64333333333333,25070.0,24870.0,0.0,200.0,21873.0,22073.0,200.0,0.0,14082.0,14582.0,500.0,0.0,22756.0,23056.0,300.0,0.0,1265.0,-736.319
06/11/2022,0,24877.0,99.75666666666667,25070.0,24870.0,0.0,200.0,21873.0,22073.0,200.0,0.0,14082.0,14582.0,500.0,0.0,22756.0,23056.0,300.0,0.0,1265.0,-736.319
07/11/2022,0,24874.0,99.87,25070.0,24870.0,0.0,200.0,21873.0,22073.0,200.0,0.0,14082.0,14582.0,500.0,0.0,22756.0,23056.0,300.0,0.0,1265.0,-736.319
08/11/2022,0,24872.0,96.85,25070.0,24870.0,0.0,200.0,21873.0,22073.0,200.0,0.0,14082.0,14582.0,500.0,0.0,22756.0,23056.0,300.0,0.0,1265.0,-736.319
09/11/2022,0,24872.0,93.05,25070.0,24870.0,0.0,200.0,21873.0,22073.0,200.0,0.0,14082.0,14582.0,500.0,0.0,22756.0,23056.0,300.0,0.0,1265.0,-736.319
10/11/2022,0,24870.0,94.25,25070.0,24870.0,0.0,200.0,21873.0,22073.0,200.0,0.0,14082.0,14582.0,500.0,0.0,22756.0,23056.0,300.0,0.0,1265.0,-736.319
11/11/2022,1,24860.0,96.37,24983.0,24983.0,0.0,0.0,22711.0,22911.0,200.0,0.0,14760.0,15060.0,300.0,0.0,23867.0,24067.0,200.0,0.0,1308.0,-723.702
12/11/2022,0,24860.0,95.44333333333334,24983.0,24983.0,0.0,0.0,22711.0,22911.0,200.0,0.0,14760.0,15060.0,300.0,0.0,23867.0,24067.0,200.0,0.0,1308.0,-723.702
13/11/2022,0,24860.0,94.51666666666667,24983.0,24983.0,0.0,0.0,22711.0,22911.0,200.0,0.0,14760.0,15060.0,300.0,0.0,23867.0,24067.0,200.0,0.0,1308.0,-723.702
14/11/2022,0,24855.0,93.59,24983.0,24983.0,0.0,0.0,22711.0,22911.0,200.0,0.0,14760.0,15060.0,300.0,0.0,23867.0,24067.0,200.0,0.0,1308.0,-723.702
15/11/2022,0,24860.0,94.3,24983.0,24983.0,0.0,0.0,22711.0,22911.0,200.0,0.0,14760.0,15060.0,300.0,0.0,23867.0,24067.0,200.0,0.0,1308.0,-723.702
16/11/2022,0,24860.0,92.61,24983.0,24983.0,0.0,0.0,22711.0,22911.0,200.0,0.0,14760.0,15060.0,300.0,0.0,23867.0,24067.0,200.0,0.0,1308.0,-723.702
17/11/2022,0,24860.0,91.0,24983.0,24983.0,0.0,0.0,22711.0,22911.0,200.0,0.0,14760.0,15060.0,300.0,0.0,23867.0,24067.0,200.0,0.0,1308.0,-723.702
18/11/2022,0,24858.0,88.93,24983.0,24983.0,0.0,0.0,22711.0,22911.0,200.0,0.0,14760.0,15060.0,300.0,0.0,23867.0,24067.0,200.0,0.0,1308.0,-723.702
19/11/2022,0,24858.0,88.76666666666667,24983.0,24983.0,0.0,0.0,22711.0,22911.0,200.0,0.0,14760.0,15060.0,300.0,0.0,23867.0,24067.0,200.0,0.0,1308.0,-723.702
20/11/2022,0,24858.0,88.60333333333334,24983.0,24983.0,0.0,0.0,22711.0,22911.0,200.0,0.0,14760.0,15060.0,300.0,0.0,23867.0,24067.0,200.0,0.0,1308.0,-723.702
21/11/2022,1,24857.0,88.44,24801.0,25101.0,300.0,0.0,22671.0,22921.0,250.0,0.0,14785.0,15085.0,300.0,0.0,23787.0,23987.0,200.0,0.0,1344.0,-7113.4
22/11/2022,0,24857.0,88.65,24801.0,25101.0,300.0,0.0,22671.0,22921.0,250.0,0.0,14785.0,15085.0,300.0,0.0,23787.0,23987.0,200.0,0.0,1344.0,-7113.4
23/11/2022,0,24855.0,85.9,24801.0,25101.0,300.0,0.0,22671.0,22921.0,250.0,0.0,14785.0,15085.0,300.0,0.0,23787.0,23987.0,200.0,0.0,1344.0,-7113.4
24/11/2022,0,24854.0,85.59,24801.0,25101.0,300.0,0.0,22671.0,22921.0,250.0,0.0,14785.0,15085.0,300.0,0.0,23787.0,23987.0,200.0,0.0,1344.0,-7113.4
25/11/2022,0,24840.0,83.4,24801.0,25101.0,300.0,0.0,22671.0,22921.0,250.0,0.0,14785.0,15085.0,300.0,0.0,23787.0,23987.0,200.0,0.0,1344.0,-7113.4
26/11/2022,0,24840.0,83.43333333333334,24801.0,25101.0,300.0,0.0,22671.0,22921.0,250.0,0.0,14785.0,15085.0,300.0,0.0,23787.0,23987.0,200.0,0.0,1344.0,-7113.4
27/11/2022,0,24840.0,83.46666666666667,24801.0,25101.0,300.0,0.0,22671.0,22921.0,250.0,0.0,14785.0,15085.0,300.0,0.0,23787.0,23987.0,200.0,0.0,1344.0,-7113.4
28/11/2022,0,24840.0,83.5,24801.0,25101.0,300.0,0.0,22671.0,22921.0,250.0,0.0,14785.0,15085.0,300.0,0.0,23787.0,23987.0,200.0,0.0,1344.0,-7113.4
29/11/2022,0,24850.0,83.22,24801.0,25101.0,300.0,0.0,22671.0,22921.0,250.0,0.0,14785.0,15085.0,300.0,0.0,23787.0,23987.0,200.0,0.0,1344.0,-7113.4
30/11/2022,0,24800.0,85.61,24801.0,25101.0,300.0,0.0,22671.0,22921.0,250.0,0.0,14785.0,15085.0,300.0,0.0,23787.0,23987.0,200.0,0.0,1344.0,-7113.4
01/12/2022,1,24640.0,86.28,23213.0,23913.0,700.0,0.0,21679.0,21979.0,300.0,0.0,13953.0,14453.0,500.0,0.0,22704.0,23104.0,400.0,0.0,1414.0,-679.48
02/12/2022,0,24240.0,86.54,23213.0,23913.0,700.0,0.0,21679.0,21979.0,300.0,0.0,13953.0,14453.0,500.0,0.0,22704.0,23104.0,400.0,0.0,1414.0,-679.48
03/12/2022,0,24240.0,85.48,23213.0,23913.0,700.0,0.0,21679.0,21979.0,300.0,0.0,13953.0,14453.0,500.0,0.0,22704.0,23104.0,400.0,0.0,1414.0,-679.48
04/12/2022,0,24240.0,84.42,23213.0,23913.0,700.0,0.0,21679.0,21979.0,300.0,0.0,13953.0,14453.0,500.0,0.0,22704.0,23104.0,400.0,0.0,1414.0,-679.48
05/12/2022,0,24070.0,83.36,23213.0,23913.0,700.0,0.0,21679.0,21979.0,300.0,0.0,13953.0,14453.0,500.0,0.0,22704.0,23104.0,400.0,0.0,1414.0,-679.48
06/12/2022,0,24180.0,79.92,23213.0,23913.0,700.0,0.0,21679.0,21979.0,300.0,0.0,13953.0,14453.0,500.0,0.0,22704.0,23104.0,400.0,0.0,1414.0,-679.48
07/12/2022,0,24020.0,77.11,23213.0,23913.0,700.0,0.0,21679.0,21979.0,300.0,0.0,13953.0,14453.0,500.0,0.0,22704.0,23104.0,400.0,0.0,1414.0,-679.48
08/12/2022,0,23880.0,76.02,23213.0,23913.0,700.0,0.0,21679.0,21979.0,300.0,0.0,13953.0,14453.0,500.0,0.0,22704.0,23104.0,400.0,0.0,1414.0,-679.48
09/12/2022,0,23700.0,76.37,23213.0,23913.0,700.0,0.0,21679.0,21979.0,300.0,0.0,13953.0,14453.0,500.0,0.0,22704.0,23104.0,400.0,0.0,1414.0,-679.48
10/12/2022,0,23700.0,76.91333333333334,23213.0,23913.0,700.0,0.0,21679.0,21979.0,300.0,0.0,13953.0,14453.0,500.0,0.0,22704.0,23104.0,400.0,0.0,1414.0,-679.48
11/12/2022,0,23700.0,77.45666666666666,23213.0,23913.0,700.0,0.0,21679.0,21979.0,300.0,0.0,13953.0,14453.0,500.0,0.0,22704.0,23104.0,400.0,0.0,1414.0,-626.37
12/12/2022,1,23840.0,78.0,21670.0,22470.0,800.0,0.0,20346.0,20646.0,300.0,0.0,13016.0,13516.0,500.0,0.0,21200.0,21600.0,400.0,0.0,1587.0,-626.37
13/12/2022,0,23750.0,80.14,21670.0,22470.0,800.0,0.0,20346.0,20646.0,300.0,0.0,13016.0,13516.0,500.0,0.0,21200.0,21600.0,400.0,0.0,1587.0,-626.37
14/12/2022,0,23650.0,83.33,21670.0,22470.0,800.0,0.0,20346.0,20646.0,300.0,0.0,13016.0,13516.0,500.0,0.0,21200.0,21600.0,400.0,0.0,1587.0,-626.37
15/12/2022,0,23630.0,82.34,21670.0,22470.0,800.0,0.0,20346.0,20646.0,300.0,0.0,13016.0,13516.0,500.0,0.0,21200.0,21600.0,400.0,0.0,1587.0,-626.37
16/12/2022,0,23720.0,80.2,21670.0,22470.0,800.0,0.0,20346.0,20646.0,300.0,0.0,13016.0,13516.0,500.0,0.0,21200.0,21600.0,400.0,0.0,1587.0,-626.37
17/12/2022,0,23720.0,80.68666666666667,21670.0,22470.0,800.0,0.0,20346.0,20646.0,300.0,0.0,13016.0,13516.0,500.0,0.0,21200.0,21600.0,400.0,0.0,1587.0,-626.37
18/12/2022,0,23720.0,81.17333333333333,21670.0,22470.0,800.0,0.0,20346.0,20646.0,300.0,0.0,13016.0,13516.0,500.0,0.0,21200.0,21600.0,400.0,0.0,1587.0,-626.37
19/12/2022,0,23820.0,81.66,21670.0,22470.0,800.0,0.0,20346.0,20646.0,300.0,0.0,13016.0,13516.0,500.0,0.0,21200.0,21600.0,400.0,0.0,1587.0,-626.37
20/12/2022,0,23880.0,79.45,21670.0,22470.0,800.0,0.0,20346.0,20646.0,300.0,0.0,13016.0,13516.0,500.0,0.0,21200.0,21600.0,400.0,0.0,1587.0,-626.37
21/12/2022,1,23860.0,80.25,21601.0,22401.0,800.0,0.0,19975.0,20275.0,300.0,0.0,12863.0,13363.0,500.0,0.0,20707.0,21107.0,400.0,0.0,1766.0,-557.86
22/12/2022,0,23820.0,79.58,21601.0,22401.0,800.0,0.0,19975.0,20275.0,300.0,0.0,12863.0,13363.0,500.0,0.0,20707.0,21107.0,400.0,0.0,1766.0,-557.86
23/12/2022,0,23750.0,82.45,21601.0,22401.0,800.0,0.0,19975.0,20275.0,300.0,0.0,12863.0,13363.0,500.0,0.0,20707.0,21107.0,400.0,0.0,1766.0,-557.86
24/12/2022,0,23750.0,82.3,21601.0,22401.0,800.0,0.0,19975.0,20275.0,300.0,0.0,12863.0,13363.0,500.0,0.0,20707.0,21107.0,400.0,0.0,1766.0,-557.86
25/12/2022,0,23750.0,82.15,21601.0,22401.0,800.0,0.0,19975.0,20275.0,300.0,0.0,12863.0,13363.0,500.0,0.0,20707.0,21107.0,400.0,0.0,1766.0,-557.86
26/12/2022,0,23800.0,82.0,21601.0,22401.0,800.0,0.0,19975.0,20275.0,300.0,0.0,12863.0,13363.0,500.0,0.0,20707.0,21107.0,400.0,0.0,1766.0,-557.86
27/12/2022,0,23750.0,81.85000000000001,21601.0,22401.0,800.0,0.0,19975.0,20275.0,300.0,0.0,12863.0,13363.0,500.0,0.0,20707.0,21107.0,400.0,0.0,1766.0,-557.86
28/12/2022,0,23750.0,81.7,21601.0,22401.0,800.0,0.0,19975.0,20275.0,300.0,0.0,12863.0,13363.0,500.0,0.0,20707.0,21107.0,400.0,0.0,1766.0,-557.86
29/12/2022,0,23780.0,80.96,21601.0,22401.0,800.0,0.0,19975.0,20275.0,300.0,0.0,12863.0,13363.0,500.0,0.0,20707.0,21107.0,400.0,0.0,1766.0,-557.86
30/12/2022,0,23730.0,82.82,21601.0,22401.0,800.0,0.0,19975.0,20275.0,300.0,0.0,12863.0,13363.0,500.0,0.0,20707.0,21107.0,400.0,0.0,1766.0,-557.86
31/12/2022,0,23730.0,82.205,21601.0,22401.0,800.0,0.0,19975.0,20275.0,300.0,0.0,12863.0,13363.0,500.0,0.0,20707.0,21107.0,400.0,0.0,1766.0,-557.86
01/01/2023,0,23730.0,81.59,21601.0,22401.0,800.0,0.0,19975.0,20275.0,300.0,0.0,12863.0,13363.0,500.0,0.0,20707.0,21107.0,400.0,0.0,1989.0,-557.86
02/01/2023,0,23730.0,80.975,21601.0,22401.0,800.0,0.0,19975.0,20275.0,300.0,0.0,12863.0,13363.0,500.0,0.0,20707.0,21107.0,400.0,0.0,1989.0,-557.86
03/01/2023,1,23690.0,80.36,22151.0,22756.0,605.0,0.0,21702.0,21352.0,0.0,350.0,13840.0,13740.0,0.0,100.0,22554.0,22154.0,0.0,400.0,2021.0,-511.27
04/01/2023,0,23670.0,75.31,22151.0,22756.0,605.0,0.0,21702.0,21352.0,0.0,350.0,13840.0,13740.0,0.0,100.0,22554.0,22154.0,0.0,400.0,2021.0,-511.27
05/01/2023,0,23660.0,76.73,22151.0,22756.0,605.0,0.0,21702.0,21352.0,0.0,350.0,13840.0,13740.0,0.0,100.0,22554.0,22154.0,0.0,400.0,2021.0,-511.27
06/01/2023,0,23630.0,76.41,22151.0,22756.0,605.0,0.0,21702.0,21352.0,0.0,350.0,13840.0,13740.0,0.0,100.0,22554.0,22154.0,0.0,400.0,2021.0,-511.27
07/01/2023,0,23630.0,76.77333333333333,22151.0,22756.0,605.0,0.0,21702.0,21352.0,0.0,350.0,13840.0,13740.0,0.0,100.0,22554.0,22154.0,0.0,400.0,2021.0,-511.27
08/01/2023,0,23630.0,77.13666666666667,22151.0,22756.0,605.0,0.0,21702.0,21352.0,0.0,350.0,13840.0,13740.0,0.0,100.0,22554.0,22154.0,0.0,400.0,2021.0,-511.27
09/01/2023,0,23620.0,77.5,22151.0,22756.0,605.0,0.0,21702.0,21352.0,0.0,350.0,13840.0,13740.0,0.0,100.0,22554.0,22154.0,0.0,400.0,2021.0,-511.27
10/01/2023,0,23620.0,78.4,22151.0,22756.0,605.0,0.0,21702.0,21352.0,0.0,350.0,13840.0,13740.0,0.0,100.0,22554.0,22154.0,0.0,400.0,2021.0,-511.27
11/01/2023,0,23610.0,81.11,22151.0,22756.0,605.0,0.0,21702.0,21352.0,0.0,350.0,13840.0,13740.0,0.0,100.0,22554.0,22154.0,0.0,400.0,2070.0,-485.96
12/01/2023,0,23610.0,82.59,22151.0,22756.0,605.0,0.0,21702.0,21352.0,0.0,350.0,13840.0,13740.0,0.0,100.0,22554.0,22154.0,0.0,400.0,2070.0,-485.96
13/01/2023,0,23610.0,83.43,22151.0,22756.0,605.0,0.0,21702.0,21352.0,0.0,350.0,13840.0,13740.0,0.0,100.0,22554.0,22154.0,0.0,400.0,2070.0,-485.96
14/01/2023,0,23610.0,83.17,22151.0,22756.0,605.0,0.0,21702.0,21352.0,0.0,350.0,13840.0,13740.0,0.0,100.0,22554.0,22154.0,0.0,400.0,2070.0,-485.96
15/01/2023,0,23610.0,82.91000000000001,22151.0,22756.0,605.0,0.0,21702.0,21352.0,0.0,350.0,13840.0,13740.0,0.0,100.0,22554.0,22154.0,0.0,400.0,2070.0,-485.96
16/01/2023,0,23610.0,82.65,22151.0,22756.0,605.0,0.0,21702.0,21352.0,0.0,350.0,13840.0,13740.0,0.0,100.0,22554.0,22154.0,0.0,400.0,2070.0,-485.96
17/01/2023,0,23600.0,84.38,22151.0,22756.0,605.0,0.0,21702.0,21352.0,0.0,350.0,13840.0,13740.0,0.0,100.0,22554.0,22154.0,0.0,400.0,2070.0,-485.96
18/01/2023,0,23600.0,83.78,22151.0,22756.0,605.0,0.0,21702.0,21352.0,0.0,350.0,13840.0,13740.0,0.0,100.0,22554.0,22154.0,0.0,400.0,2070.0,-485.96
19/01/2023,0,23620.0,85.08,22151.0,22756.0,605.0,0.0,21702.0,21352.0,0.0,350.0,13840.0,13740.0,0.0,100.0,22554.0,22154.0,0.0,400.0,2070.0,-485.96
20/01/2023,0,23620.0,86.96,22151.0,22756.0,605.0,0.0,21702.0,21352.0,0.0,350.0,13840.0,13740.0,0.0,100.0,22554.0,22154.0,0.0,400.0,2070.0,-485.96
21/01/2023,0,23620.0,87.15333333333334,22151.0,22756.0,605.0,0.0,21702.0,21352.0,0.0,350.0,13840.0,13740.0,0.0,100.0,22554.0,22154.0,0.0,400.0,2070.0,-485.96
22/01/2023,0,23620.0,87.34666666666666,22151.0,22756.0,605.0,0.0,21702.0,21352.0,0.0,350.0,13840.0,13740.0,0.0,100.0,22554.0,22154.0,0.0,400.0,2070.0,-485.96
23/01/2023,0,23620.0,87.54,22151.0,22756.0,605.0,0.0,21702.0,21352.0,0.0,350.0,13840.0,13740.0,0.0,100.0,22554.0,22154.0,0.0,400.0,2070.0,-485.96
24/01/2023,0,23620.0,85.25,22151.0,22756.0,605.0,0.0,21702.0,21352.0,0.0,350.0,13840.0,13740.0,0.0,100.0,22554.0,22154.0,0.0,400.0,2070.0,-485.96
25/01/2023,0,23620.0,85.08,22151.0,22756.0,605.0,0.0,21702.0,21352.0,0.0,350.0,13840.0,13740.0,0.0,100.0,22554.0,22154.0,0.0,400.0,2070.0,-485.96
26/01/2023,0,23620.0,86.29,22151.0,22756.0,605.0,0.0,21702.0,21352.0,0.0,350.0,13840.0,13740.0,0.0,100.0,22554.0,22154.0,0.0,400.0,2070.0,-485.96
27/01/2023,0,23630.0,85.36,22151.0,22756.0,605.0,0.0,21702.0,21352.0,0.0,350.0,13840.0,13740.0,0.0,100.0,22554.0,22154.0,0.0,400.0,2070.0,-485.96
28/01/2023,0,23630.0,85.20666666666666,22151.0,22756.0,605.0,0.0,21702.0,21352.0,0.0,350.0,13840.0,13740.0,0.0,100.0,22554.0,22154.0,0.0,400.0,2070.0,-485.96
29/01/2023,0,23630.0,85.05333333333334,22151.0,22756.0,605.0,0.0,21702.0,21352.0,0.0,350.0,13840.0,13740.0,0.0,100.0,22554.0,22154.0,0.0,400.0,2070.0,-485.96
30/01/2023,1,23620.0,84.9,22524.0,22724.0,200.0,0.0,23179.0,22329.0,0.0,850.0,13934.0,14134.0,200.0,0.0,24097.0,23147.0,0.0,950.0,2167.0,-451.28
31/01/2023,0,23620.0,83.42,22524.0,22724.0,200.0,0.0,23179.0,22329.0,0.0,850.0,13934.0,14134.0,200.0,0.0,24097.0,23147.0,0.0,950.0,2167.0,-451.28
01/02/2023,0,23620.0,81.61,22524.0,22724.0,200.0,0.0,23179.0,22329.0,0.0,850.0,13934.0,14134.0,200.0,0.0,24097.0,23147.0,0.0,950.0,2167.0,-451.28
02/02/2023,0,23620.0,80.57,22524.0,22724.0,200.0,0.0,23179.0,22329.0,0.0,850.0,13934.0,14134.0,200.0,0.0,24097.0,23147.0,0.0,950.0,2167.0,-451.28
03/02/2023,0,23620.0,78.85,22524.0,22724.0,200.0,0.0,23179.0,22329.0,0.0,850.0,13934.0,14134.0,200.0,0.0,24097.0,23147.0,0.0,950.0,2167.0,-451.28
04/02/2023,0,23620.0,79.39333333333333,22524.0,22724.0,200.0,0.0,23179.0,22329.0,0.0,850.0,13934.0,14134.0,200.0,0.0,24097.0,23147.0,0.0,950.0,2167.0,-451.28
05/02/2023,0,23620.0,79.93666666666667,22524.0,22724.0,200.0,0.0,23179.0,22329.0,0.0,850.0,13934.0,14134.0,200.0,0.0,24097.0,23147.0,0.0,950.0,2167.0,-451.28
06/02/2023,0,23640.0,80.48,22524.0,22724.0,200.0,0.0,23179.0,22329.0,0.0,850.0,13934.0,14134.0,200.0,0.0,24097.0,23147.0,0.0,950.0,2167.0,-451.28
07/02/2023,0,23790.0,82.92,22524.0,22724.0,200.0,0.0,23179.0,22329.0,0.0,850.0,13934.0,14134.0,200.0,0.0,24097.0,23147.0,0.0,950.0,2167.0,-451.28
08/02/2023,0,23770.0,84.17,22524.0,22724.0,200.0,0.0,23179.0,22329.0,0.0,850.0,13934.0,14134.0,200.0,0.0,24097.0,23147.0,0.0,950.0,2167.0,-451.28
09/02/2023,0,23730.0,83.46,22524.0,22724.0,200.0,0.0,23179.0,22329.0,0.0,850.0,13934.0,14134.0,200.0,0.0,24097.0,23147.0,0.0,950.0,2167.0,-451.28
10/02/2023,0,23745.0,85.46,22524.0,22724.0,200.0,0.0,23179.0,22329.0,0.0,850.0,13934.0,14134.0,200.0,0.0,24097.0,23147.0,0.0,950.0,2167.0,-451.28
11/02/2023,0,23745.0,85.63333333333333,22524.0,22724.0,200.0,0.0,23179.0,22329.0,0.0,850.0,13934.0,14134.0,200.0,0.0,24097.0,23147.0,0.0,950.0,2167.0,-451.28
12/02/2023,0,23745.0,85.80666666666667,22524.0,22724.0,200.0,0.0,23179.0,22329.0,0.0,850.0,13934.0,14134.0,200.0,0.0,24097.0,23147.0,0.0,950.0,2167.0,-451.28
13/02/2023,1,23770.0,85.98,21562.0,22162.0,600.0,0.0,22869.0,22869.0,0.0,0.0,13636.0,13836.0,200.0,0.0,23767.0,23767.0,0.0,0.0,2051.0,-508.26
14/02/2023,0,23770.0,84.96,21562.0,22162.0,600.0,0.0,22869.0,22869.0,0.0,0.0,13636.0,13836.0,200.0,0.0,23767.0,23767.0,0.0,0.0,2051.0,-508.26
15/02/2023,0,23790.0,84.11,21562.0,22162.0,600.0,0.0,22869.0,22869.0,0.0,0.0,13636.0,13836.0,200.0,0.0,23767.0,23767.0,0.0,0.0,2051.0,-508.26
16/02/2023,0,23840.0,83.84,21562.0,22162.0,600.0,0.0,22869.0,22869.0,0.0,0.0,13636.0,13836.0,200.0,0.0,23767.0,23767.0,0.0,0.0,2051.0,-508.26
17/02/2023,0,23980.0,81.97,21562.0,22162.0,600.0,0.0,22869.0,22869.0,0.0,0.0,13636.0,13836.0,200.0,0.0,23767.0,23767.0,0.0,0.0,2051.0,-508.26
18/02/2023,0,23980.0,82.24333333333334,21562.0,22162.0,600.0,0.0,22869.0,22869.0,0.0,0.0,13636.0,13836.0,200.0,0.0,23767.0,23767.0,0.0,0.0,2051.0,-508.26
19/02/2023,0,23980.0,82.51666666666667,21562.0,22162.0,600.0,0.0,22869.0,22869.0,0.0,0.0,13636.0,13836.0,200.0,0.0,23767.0,23767.0,0.0,0.0,2051.0,-508.26
20/02/2023,0,23900.0,82.79,21562.0,22162.0,600.0,0.0,22869.0,22869.0,0.0,0.0,13636.0,13836.0,200.0,0.0,23767.0,23767.0,0.0,0.0,2051.0,-508.26
21/02/2023,1,23880.0,82.14,20806.0,21406.0,600.0,0.0,22542.0,22542.0,0.0,0.0,14251.0,14251.0,0.0,0.0,23443.0,23443.0,0.0,0.0,2118.0,-482.0
22/02/2023,0,23950.0,79.55,20806.0,21406.0,600.0,0.0,22542.0,22542.0,0.0,0.0,14251.0,14251.0,0.0,0.0,23443.0,23443.0,0.0,0.0,2118.0,-482.0
23/02/2023,0,23990.0,82.08,20806.0,21406.0,600.0,0.0,22542.0,22542.0,0.0,0.0,14251.0,14251.0,0.0,0.0,23443.0,23443.0,0.0,0.0,2118.0,-482.0
24/02/2023,0,23970.0,82.31,20806.0,21406.0,600.0,0.0,22542.0,22542.0,0.0,0.0,14251.0,14251.0,0.0,0.0,23443.0,23443.0,0.0,0.0,2118.0,-482.0
25/02/2023,0,23970.0,81.95333333333333,20806.0,21406.0,600.0,0.0,22542.0,22542.0,0.0,0.0,14251.0,14251.0,0.0,0.0,23443.0,23443.0,0.0,0.0,2118.0,-482.0
26/02/2023,0,23970.0,81.59666666666666,20806.0,21406.0,600.0,0.0,22542.0,22542.0,0.0,0.0,14251.0,14251.0,0.0,0.0,23443.0,23443.0,0.0,0.0,2118.0,-482.0
27/02/2023,0,23990.0,81.24,20806.0,21406.0,600.0,0.0,22542.0,22542.0,0.0,0.0,14251.0,14251.0,0.0,0.0,23443.0,23443.0,0.0,0.0,2118.0,-482.0
28/02/2023,0,23940.0,83.21,20806.0,21406.0,600.0,0.0,22542.0,22542.0,0.0,0.0,14251.0,14251.0,0.0,0.0,23443.0,23443.0,0.0,0.0,2118.0,-482.0
01/03/2023,1,23920.0,83.68,20255.0,20755.0,500.0,0.0,22421.0,22671.0,250.0,0.0,14555.0,14555.0,0.0,0.0,23325.0,23525.0,200.0,0.0,2164.0,-451.79
02/03/2023,0,23875.0,84.15,20255.0,20755.0,500.0,0.0,22421.0,22671.0,250.0,0.0,14555.0,14555.0,0.0,0.0,23325.0,23525.0,200.0,0.0,2164.0,-451.79
03/03/2023,0,23890.0,85.74,20255.0,20755.0,500.0,0.0,22421.0,22671.0,250.0,0.0,14555.0,14555.0,0.0,0.0,23325.0,23525.0,200.0,0.0,2164.0,-451.79
04/03/2023,0,23890.0,85.78,20255.0,20755.0,500.0,0.0,22421.0,22671.0,250.0,0.0,14555.0,14555.0,0.0,0.0,23325.0,23525.0,200.0,0.0,2164.0,-451.79
05/03/2023,0,23890.0,85.82,20255.0,20755.0,500.0,0.0,22421.0,22671.0,250.0,0.0,14555.0,14555.0,0.0,0.0,23325.0,23525.0,200.0,0.0,2164.0,-451.79
06/03/2023,0,23870.0,85.86,20255.0,20755.0,500.0,0.0,22421.0,22671.0,250.0,0.0,14555.0,14555.0,0.0,0.0,23325.0,23525.0,200.0,0.0,2164.0,-451.79
07/03/2023,0,23830.0,83.03,20255.0,20755.0,500.0,0.0,22421.0,22671.0,250.0,0.0,14555.0,14555.0,0.0,0.0,23325.0,23525.0,200.0,0.0,2164.0,-451.79
08/03/2023,0,23880.0,82.1,20255.0,20755.0,500.0,0.0,22421.0,22671.0,250.0,0.0,14555.0,14555.0,0.0,0.0,23325.0,23525.0,200.0,0.0,2164.0,-451.79
09/03/2023,0,23875.0,81.0,20255.0,20755.0,500.0,0.0,22421.0,22671.0,250.0,0.0,14555.0,14555.0,0.0,0.0,23325.0,23525.0,200.0,0.0,2164.0,-451.79
10/03/2023,0,23840.0,82.3,20255.0,20755.0,500.0,0.0,22421.0,22671.0,250.0,0.0,14555.0,14555.0,0.0,0.0,23325.0,23525.0,200.0,0.0,2164.0,-451.79
11/03/2023,0,23840.0,81.42333333333333,20255.0,20755.0,500.0,0.0,22421.0,22671.0,250.0,0.0,14555.0,14555.0,0.0,0.0,23325.0,23525.0,200.0,0.0,2164.0,-451.79
12/03/2023,0,23840.0,80.54666666666667,20255.0,20755.0,500.0,0.0,22421.0,22671.0,250.0,0.0,14555.0,14555.0,0.0,0.0,23325.0,23525.0,200.0,0.0,2164.0,-451.79
13/03/2023,1,23740.0,79.67,20502.0,20802.0,300.0,0.0,22806.0,23106.0,300.0,0.0,15279.0,15279.0,0.0,0.0,23818.0,24118.0,300.0,0.0,2290.0,-411.46
14/03/2023,0,23740.0,76.77,20502.0,20802.0,300.0,0.0,22806.0,23106.0,300.0,0.0,15279.0,15279.0,0.0,0.0,23818.0,24118.0,300.0,0.0,2290.0,-411.46
15/03/2023,0,23750.0,74.3,20502.0,20802.0,300.0,0.0,22806.0,23106.0,300.0,0.0,15279.0,15279.0,0.0,0.0,23818.0,24118.0,300.0,0.0,2290.0,-411.46
16/03/2023,0,23750.0,73.12,20502.0,20802.0,300.0,0.0,22806.0,23106.0,300.0,0.0,15279.0,15279.0,0.0,0.0,23818.0,24118.0,300.0,0.0,2290.0,-411.46
17/03/2023,0,23750.0,71.03,20502.0,20802.0,300.0,0.0,22806.0,23106.0,300.0,0.0,15279.0,15279.0,0.0,0.0,23818.0,24118.0,300.0,0.0,2290.0,-411.46
18/03/2023,0,23750.0,71.49333333333334,20502.0,20802.0,300.0,0.0,22806.0,23106.0,300.0,0.0,15279.0,15279.0,0.0,0.0,23818.0,24118.0,300.0,0.0,2290.0,-411.46
19/03/2023,0,23750.0,71.95666666666666,20502.0,20802.0,300.0,0.0,22806.0,23106.0,300.0,0.0,15279.0,15279.0,0.0,0.0,23818.0,24118.0,300.0,0.0,2290.0,-411.46
20/03/2023,0,23750.0,72.42,20502.0,20802.0,300.0,0.0,22806.0,23106.0,300.0,0.0,15279.0,15279.0,0.0,0.0,23818.0,24118.0,300.0,0.0,2290.0,-411.46
21/03/2023,1,23750.0,74.78,19302.0,19602.0,300.0,0.0,22022.0,22322.0,300.0,0.0,14479.0,14779.0,300.0,0.0,23038.0,23338.0,300.0,0.0,2367.0,-375.24
22/03/2023,0,23690.0,76.08,19302.0,19602.0,300.0,0.0,22022.0,22322.0,300.0,0.0,14479.0,14779.0,300.0,0.0,23038.0,23338.0,300.0,0.0,2367.0,-375.24
23/03/2023,0,23670.0,74.31,19302.0,19602.0,300.0,0.0,22022.0,22322.0,300.0,0.0,14479.0,14779.0,300.0,0.0,23038.0,23338.0,300.0,0.0,2367.0,-375.24
24/03/2023,0,23680.0,73.63,19302.0,19602.0,300.0,0.0,22022.0,22322.0,300.0,0.0,14479.0,14779.0,300.0,0.0,23038.0,23338.0,300.0,0.0,2367.0,-375.24
25/03/2023,0,23680.0,74.68666666666667,19302.0,19602.0,300.0,0.0,22022.0,22322.0,300.0,0.0,14479.0,14779.0,300.0,0.0,23038.0,23338.0,300.0,0.0,2367.0,-375.24
26/03/2023,0,23680.0,75.74333333333333,19302.0,19602.0,300.0,0.0,22022.0,22322.0,300.0,0.0,14479.0,14779.0,300.0,0.0,23038.0,23338.0,300.0,0.0,2367.0,-375.24
27/03/2023,0,23680.0,76.8,19302.0,19602.0,300.0,0.0,22022.0,22322.0,300.0,0.0,14479.0,14779.0,300.0,0.0,23038.0,23338.0,300.0,0.0,2367.0,-375.24
28/03/2023,0,23660.0,78.07,19302.0,19602.0,300.0,0.0,22022.0,22322.0,300.0,0.0,14479.0,14779.0,300.0,0.0,23038.0,23338.0,300.0,0.0,2367.0,-375.24
29/03/2023,0,23650.0,77.51,19302.0,19602.0,300.0,0.0,22022.0,22322.0,300.0,0.0,14479.0,14779.0,300.0,0.0,23038.0,23338.0,300.0,0.0,2367.0,-375.24
30/03/2023,0,23640.0,78.45,19302.0,19602.0,300.0,0.0,22022.0,22322.0,300.0,0.0,14479.0,14779.0,300.0,0.0,23038.0,23338.0,300.0,0.0,2367.0,-375.24
31/03/2023,0,23630.0,79.19,19302.0,19602.0,300.0,0.0,22022.0,22322.0,300.0,0.0,14479.0,14779.0,300.0,0.0,23038.0,23338.0,300.0,0.0,2367.0,-375.24
01/04/2023,0,23630.0,81.39666666666666,19302.0,19602.0,300.0,0.0,22022.0,22322.0,300.0,0.0,14479.0,14779.0,300.0,0.0,23038.0,23338.0,300.0,0.0,2367.0,-375.24
02/04/2023,0,23630.0,83.60333333333334,19302.0,19602.0,300.0,0.0,22022.0,22322.0,300.0,0.0,14479.0,14779.0,300.0,0.0,23038.0,23338.0,300.0,0.0,2367.0,-375.24
03/04/2023,1,23650.0,85.81,19430.0,19730.0,300.0,0.0,22082.0,22382.0,300.0,0.0,14429.0,14729.0,300.0,0.0,23125.0,23425.0,300.0,0.0,2470.0,-340.71
04/04/2023,0,23635.0,85.7,19430.0,19730.0,300.0,0.0,22082.0,22382.0,300.0,0.0,14429.0,14729.0,300.0,0.0,23125.0,23425.0,300.0,0.0,2470.0,-340.71
05/04/2023,0,23620.0,85.89,19430.0,19730.0,300.0,0.0,22082.0,22382.0,300.0,0.0,14429.0,14729.0,300.0,0.0,23125.0,23425.0,300.0,0.0,2470.0,-340.71
06/04/2023,0,23620.0,86.56,19430.0,19730.0,300.0,0.0,22082.0,22382.0,300.0,0.0,14429.0,14729.0,300.0,0.0,23125.0,23425.0,300.0,0.0,2470.0,-340.71
07/04/2023,0,23620.0,86.712,19430.0,19730.0,300.0,0.0,22082.0,22382.0,300.0,0.0,14429.0,14729.0,300.0,0.0,23125.0,23425.0,300.0,0.0,2470.0,-340.71
08/04/2023,0,23620.0,86.864,19430.0,19730.0,300.0,0.0,22082.0,22382.0,300.0,0.0,14429.0,14729.0,300.0,0.0,23125.0,23425.0,300.0,0.0,2470.0,-340.71
09/04/2023,0,23620.0,87.01599999999999,19430.0,19730.0,300.0,0.0,22082.0,22382.0,300.0,0.0,14429.0,14729.0,300.0,0.0,23125.0,23425.0,300.0,0.0,2470.0,-340.71
10/04/2023,0,23620.0,87.16799999999999,19430.0,19730.0,300.0,0.0,22082.0,22382.0,300.0,0.0,14429.0,14729.0,300.0,0.0,23125.0,23425.0,300.0,0.0,2470.0,-340.71
11/04/2023,1,23630.0,87.32,20149.0,20449.0,300.0,0.0,23173.0,23323.0,150.0,0.0,15494.0,15194.0,0.0,300.0,24245.0,24545.0,300.0,0.0,2555.0,-305.64
12/04/2023,0,23630.0,88.31,20149.0,20449.0,300.0,0.0,23173.0,23323.0,150.0,0.0,15494.0,15194.0,0.0,300.0,24245.0,24545.0,300.0,0.0,2555.0,-305.64
13/04/2023,0,23610.0,86.51,20149.0,20449.0,300.0,0.0,23173.0,23323.0,150.0,0.0,15494.0,15194.0,0.0,300.0,24245.0,24545.0,300.0,0.0,2555.0,-305.64
14/04/2023,0,23620.0,87.31,20149.0,20449.0,300.0,0.0,23173.0,23323.0,150.0,0.0,15494.0,15194.0,0.0,300.0,24245.0,24545.0,300.0,0.0,2555.0,-305.64
15/04/2023,0,23620.0,86.75,20149.0,20449.0,300.0,0.0,23173.0,23323.0,150.0,0.0,15494.0,15194.0,0.0,300.0,24245.0,24545.0,300.0,0.0,2555.0,-305.64
16/04/2023,0,23620.0,86.19,20149.0,20449.0,300.0,0.0,23173.0,23323.0,150.0,0.0,15494.0,15194.0,0.0,300.0,24245.0,24545.0,300.0,0.0,2555.0,-305.64
17/04/2023,0,23660.0,85.63,20149.0,20449.0,300.0,0.0,23173.0,23323.0,150.0,0.0,15494.0,15194.0,0.0,300.0,24245.0,24545.0,300.0,0.0,2555.0,-305.64
18/04/2023,0,23700.0,85.48,20149.0,20449.0,300.0,0.0,23173.0,23323.0,150.0,0.0,15494.0,15194.0,0.0,300.0,24245.0,24545.0,300.0,0.0,2555.0,-305.64
19/04/2023,0,23645.0,85.34,20149.0,20449.0,300.0,0.0,23173.0,23323.0,150.0,0.0,15494.0,15194.0,0.0,300.0,24245.0,24545.0,300.0,0.0,2555.0,-305.64
20/04/2023,0,23660.0,83.29,20149.0,20449.0,300.0,0.0,23173.0,23323.0,150.0,0.0,15494.0,15194.0,0.0,300.0,24245.0,24545.0,300.0,0.0,2555.0,-305.64
21/04/2023,1,23660.0,83.36,19397.0,19697.0,300.0,0.0,22688.0,22988.0,300.0,0.0,15843.0,15843.0,0.0,0.0,23639.0,23939.0,300.0,0.0,2633.0,-266.48
22/04/2023,0,23660.0,83.65,19397.0,19697.0,300.0,0.0,22688.0,22988.0,300.0,0.0,15843.0,15843.0,0.0,0.0,23639.0,23939.0,300.0,0.0,2633.0,-266.48
23/04/2023,0,23660.0,83.94,19397.0,19697.0,300.0,0.0,22688.0,22988.0,300.0,0.0,15843.0,15843.0,0.0,0.0,23639.0,23939.0,300.0,0.0,2633.0,-266.48
24/04/2023,0,23650.0,84.23,19397.0,19697.0,300.0,0.0,22688.0,22988.0,300.0,0.0,15843.0,15843.0,0.0,0.0,23639.0,23939.0,300.0,0.0,2633.0,-266.48
25/04/2023,0,23650.0,82.13,19397.0,19697.0,300.0,0.0,22688.0,22988.0,300.0,0.0,15843.0,15843.0,0.0,0.0,23639.0,23939.0,300.0,0.0,2633.0,-266.48
26/04/2023,0,23650.0,79.19,19397.0,19697.0,300.0,0.0,22688.0,22988.0,300.0,0.0,15843.0,15843.0,0.0,0.0,23639.0,23939.0,300.0,0.0,2633.0,-266.48
27/04/2023,0,23630.0,80.11,19397.0,19697.0,300.0,0.0,22688.0,22988.0,300.0,0.0,15843.0,15843.0,0.0,0.0,23639.0,23939.0,300.0,0.0,2633.0,-266.48
28/04/2023,0,23630.0,81.32,19397.0,19697.0,300.0,0.0,22688.0,22988.0,300.0,0.0,15843.0,15843.0,0.0,0.0,23639.0,23939.0,300.0,0.0,2633.0,-266.48
29/04/2023,0,23630.0,80.16749999999999,19397.0,19697.0,300.0,0.0,22688.0,22988.0,300.0,0.0,15843.0,15843.0,0.0,0.0,23639.0,23939.0,300.0,0.0,2633.0,-266.48
30/04/2023,0,23630.0,79.01499999999999,19397.0,19697.0,300.0,0.0,22688.0,22988.0,300.0,0.0,15843.0,15843.0,0.0,0.0,23639.0,23939.0,300.0,0.0,2633.0,-266.48
01/05/2023,0,23630.0,77.8625,19397.0,19697.0,300.0,0.0,22688.0,22988.0,300.0,0.0,15843.0,15843.0,0.0,0.0,23639.0,23939.0,300.0,0.0,2633.0,-266.48
02/05/2023,0,23630.0,76.71,19397.0,19697.0,300.0,0.0,22688.0,22988.0,300.0,0.0,15843.0,15843.0,0.0,0.0,23639.0,23939.0,300.0,0.0,2633.0,-266.48
03/05/2023,0,23630.0,72.91,19397.0,19697.0,300.0,0.0,22688.0,22988.0,300.0,0.0,15843.0,15843.0,0.0,0.0,23639.0,23939.0,300.0,0.0,2633.0,-266.48
04/05/2023,1,23620.0,73.0,18254.0,18554.0,300.0,0.0,21437.0,21937.0,500.0,0.0,15509.0,15809.0,300.0,0.0,22320.0,22820.0,500.0,0.0,2738.0,-218.75
05/05/2023,0,23620.0,75.85,18254.0,18554.0,300.0,0.0,21437.0,21937.0,500.0,0.0,15509.0,15809.0,300.0,0.0,22320.0,22820.0,500.0,0.0,2738.0,-218.75
06/05/2023,0,23620.0,76.3275,18254.0,18554.0,300.0,0.0,21437.0,21937.0,500.0,0.0,15509.0,15809.0,300.0,0.0,22320.0,22820.0,500.0,0.0,2738.0,-218.75
07/05/2023,0,23620.0,76.805,18254.0,18554.0,300.0,0.0,21437.0,21937.0,500.0,0.0,15509.0,15809.0,300.0,0.0,22320.0,22820.0,500.0,0.0,2738.0,-218.75
08/05/2023,0,23630.0,77.2825,18254.0,18554.0,300.0,0.0,21437.0,21937.0,500.0,0.0,15509.0,15809.0,300.0,0.0,22320.0,22820.0,500.0,0.0,2738.0,-218.75
09/05/2023,0,23630.0,77.76,18254.0,18554.0,300.0,0.0,21437.0,21937.0,500.0,0.0,15509.0,15809.0,300.0,0.0,22320.0,22820.0,500.0,0.0,2738.0,-218.75
10/05/2023,0,23640.0,76.7,18254.0,18554.0,300.0,0.0,21437.0,21937.0,500.0,0.0,15509.0,15809.0,300.0,0.0,22320.0,22820.0,500.0,0.0,2738.0,-218.75
11/05/2023,1,23640.0,75.32,17653.0,17953.0,300.0,0.0,20131.0,20431.0,300.0,0.0,14862.0,15162.0,300.0,0.0,21000.0,21300.0,300.0,0.0,2810.0,-188.58
12/05/2023,0,23640.0,74.54,17653.0,17953.0,300.0,0.0,20131.0,20431.0,300.0,0.0,14862.0,15162.0,300.0,0.0,21000.0,21300.0,300.0,0.0,2810.0,-188.58
13/05/2023,0,23640.0,74.84666666666666,17653.0,17953.0,300.0,0.0,20131.0,20431.0,300.0,0.0,14862.0,15162.0,300.0,0.0,21000.0,21300.0,300.0,0.0,2810.0,-188.58
14/05/2023,0,23640.0,75.15333333333334,17653.0,17953.0,300.0,0.0,20131.0,20431.0,300.0,0.0,14862.0,15162.0,300.0,0.0,21000.0,21300.0,300.0,0.0,2810.0,-188.58
15/05/2023,0,23620.0,75.46,17653.0,17953.0,300.0,0.0,20131.0,20431.0,300.0,0.0,14862.0,15162.0,300.0,0.0,21000.0,21300.0,300.0,0.0,2810.0,-188.58
16/05/2023,0,23620.0,75.15,17653.0,17953.0,300.0,0.0,20131.0,20431.0,300.0,0.0,14862.0,15162.0,300.0,0.0,21000.0,21300.0,300.0,0.0,2810.0,-188.58
17/05/2023,0,23625.0,76.98,17653.0,17953.0,300.0,0.0,20131.0,20431.0,300.0,0.0,14862.0,15162.0,300.0,0.0,21000.0,21300.0,300.0,0.0,2810.0,-188.58
18/05/2023,0,23620.0,75.75,17653.0,17953.0,300.0,0.0,20131.0,20431.0,300.0,0.0,14862.0,15162.0,300.0,0.0,21000.0,21300.0,300.0,0.0,2810.0,-188.58
19/05/2023,0,23660.0,75.42,17653.0,17953.0,300.0,0.0,20131.0,20431.0,300.0,0.0,14862.0,15162.0,300.0,0.0,21000.0,21300.0,300.0,0.0,2810.0,-188.58
20/05/2023,0,23660.0,75.53666666666666,17653.0,17953.0,300.0,0.0,20131.0,20431.0,300.0,0.0,14862.0,15162.0,300.0,0.0,21000.0,21300.0,300.0,0.0,2810.0,-188.58
21/05/2023,0,23660.0,75.65333333333334,17653.0,17953.0,300.0,0.0,20131.0,20431.0,300.0,0.0,14862.0,15162.0,300.0,0.0,21000.0,21300.0,300.0,0.0,2810.0,-188.58
22/05/2023,1,23615.0,75.77,17954.0,18254.0,300.0,0.0,20488.0,20788.0,300.0,0.0,15158.0,15458.0,300.0,0.0,21499.0,21799.0,300.0,0.0,2908.0,-139.42
23/05/2023,0,23630.0,76.66,17954.0,18254.0,300.0,0.0,20488.0,20788.0,300.0,0.0,15158.0,15458.0,300.0,0.0,21499.0,21799.0,300.0,0.0,2908.0,-139.42
24/05/2023,0,23660.0,77.99,17954.0,18254.0,300.0,0.0,20488.0,20788.0,300.0,0.0,15158.0,15458.0,300.0,0.0,21499.0,21799.0,300.0,0.0,2908.0,-139.42
25/05/2023,0,23640.0,75.66,17954.0,18254.0,300.0,0.0,20488.0,20788.0,300.0,0.0,15158.0,15458.0,300.0,0.0,21499.0,21799.0,300.0,0.0,2908.0,-139.42
26/05/2023,0,23660.0,76.33,17954.0,18254.0,300.0,0.0,20488.0,20788.0,300.0,0.0,15158.0,15458.0,300.0,0.0,21499.0,21799.0,300.0,0.0,2908.0,-139.42
27/05/2023,0,23660.0,75.5925,17954.0,18254.0,300.0,0.0,20488.0,20788.0,300.0,0.0,15158.0,15458.0,300.0,0.0,21499.0,21799.0,300.0,0.0,2908.0,-139.42
28/05/2023,0,23660.0,74.85499999999999,17954.0,18254.0,300.0,0.0,20488.0,20788.0,300.0,0.0,15158.0,15458.0,300.0,0.0,21499.0,21799.0,300.0,0.0,2908.0,-139.42
29/05/2023,0,23650.0,74.11749999999999,17954.0,18254.0,300.0,0.0,20488.0,20788.0,300.0,0.0,15158.0,15458.0,300.0,0.0,21499.0,21799.0,300.0,0.0,2908.0,-139.42
30/05/2023,0,23655.0,73.38,17954.0,18254.0,300.0,0.0,20488.0,20788.0,300.0,0.0,15158.0,15458.0,300.0,0.0,21499.0,21799.0,300.0,0.0,2908.0,-139.42
31/05/2023,0,23665.0,71.98,17954.0,18254.0,300.0,0.0,20488.0,20788.0,300.0,0.0,15158.0,15458.0,300.0,0.0,21499.0,21799.0,300.0,0.0,2908.0,-139.42
01/06/2023,1,23650.0,74.18,17943.0,18243.0,300.0,0.0,20878.0,21178.0,300.0,0.0,14883.0,15183.0,300.0,0.0,22015.0,22315.0,300.0,0.0,3005.0,-96.72
02/06/2023,0,23650.0,76.0,17943.0,18243.0,300.0,0.0,20878.0,21178.0,300.0,0.0,14883.0,15183.0,300.0,0.0,22015.0,22315.0,300.0,0.0,3005.0,-96.72
03/06/2023,0,23650.0,76.20333333333333,17943.0,18243.0,300.0,0.0,20878.0,21178.0,300.0,0.0,14883.0,15183.0,300.0,0.0,22015.0,22315.0,300.0,0.0,3005.0,-96.72
04/06/2023,0,23650.0,76.40666666666667,17943.0,18243.0,300.0,0.0,20878.0,21178.0,300.0,0.0,14883.0,15183.0,300.0,0.0,22015.0,22315.0,300.0,0.0,3005.0,-96.72
05/06/2023,0,23670.0,76.61,17943.0,18243.0,300.0,0.0,20878.0,21178.0,300.0,0.0,14883.0,15183.0,300.0,0.0,22015.0,22315.0,300.0,0.0,3005.0,-96.72
06/06/2023,0,23660.0,76.22,17943.0,18243.0,300.0,0.0,20878.0,21178.0,300.0,0.0,14883.0,15183.0,300.0,0.0,22015.0,22315.0,300.0,0.0,3005.0,-96.72
07/06/2023,0,23660.0,76.85,17943.0,18243.0,300.0,0.0,20878.0,21178.0,300.0,0.0,14883.0,15183.0,300.0,0.0,22015.0,22315.0,300.0,0.0,3005.0,-96.72
08/06/2023,0,23660.0,75.88,17943.0,18243.0,300.0,0.0,20878.0,21178.0,300.0,0.0,14883.0,15183.0,300.0,0.0,22015.0,22315.0,300.0,0.0,3005.0,-96.72
09/06/2023,0,23650.0,74.74,17943.0,18243.0,300.0,0.0,20878.0,21178.0,300.0,0.0,14883.0,15183.0,300.0,0.0,22015.0,22315.0,300.0,0.0,3005.0,-96.72
10/06/2023,0,23650.0,73.75999999999999,17943.0,18243.0,300.0,0.0,20878.0,21178.0,300.0,0.0,14883.0,15183.0,300.0,0.0,22015.0,22315.0,300.0,0.0,3005.0,-96.72
11/06/2023,0,23650.0,72.78,17943.0,18243.0,300.0,0.0,20878.0,21178.0,300.0,0.0,14883.0,15183.0,300.0,0.0,22015.0,22315.0,300.0,0.0,3005.0,-96.72
12/06/2023,1,23640.0,71.8,18028.0,18228.0,200.0,0.0,20878.0,21106.0,228.0,0.0,14719.0,14919.0,200.0,0.0,22015.0,22195.0,180.0,0.0,3109.0,-62.7
13/06/2023,0,23660.0,74.24,18028.0,18228.0,200.0,0.0,20878.0,21106.0,228.0,0.0,14719.0,14919.0,200.0,0.0,22015.0,22195.0,180.0,0.0,3109.0,-62.7
14/06/2023,0,23670.0,73.39,18028.0,18228.0,200.0,0.0,20878.0,21106.0,228.0,0.0,14719.0,14919.0,200.0,0.0,22015.0,22195.0,180.0,0.0,3109.0,-62.7
15/06/2023,0,23700.0,75.75,18028.0,18228.0,200.0,0.0,20878.0,21106.0,228.0,0.0,14719.0,14919.0,200.0,0.0,22015.0,22195.0,180.0,0.0,3109.0,-62.7
16/06/2023,0,23700.0,76.76,18028.0,18228.0,200.0,0.0,20878.0,21106.0,228.0,0.0,14719.0,14919.0,200.0,0.0,22015.0,22195.0,180.0,0.0,3109.0,-62.7
17/06/2023,0,23700.0,76.53666666666668,18028.0,18228.0,200.0,0.0,20878.0,21106.0,228.0,0.0,14719.0,14919.0,200.0,0.0,22015.0,22195.0,180.0,0.0,3109.0,-62.7
18/06/2023,0,23700.0,76.31333333333333,18028.0,18228.0,200.0,0.0,20878.0,21106.0,228.0,0.0,14719.0,14919.0,200.0,0.0,22015.0,22195.0,180.0,0.0,3109.0,-62.7
19/06/2023,0,23690.0,76.09,18028.0,18228.0,200.0,0.0,20878.0,21106.0,228.0,0.0,14719.0,14919.0,200.0,0.0,22015.0,22195.0,180.0,0.0,3109.0,-62.7
20/06/2023,0,23690.0,75.79,18028.0,18228.0,200.0,0.0,20878.0,21106.0,228.0,0.0,14719.0,14919.0,200.0,0.0,22015.0,22195.0,180.0,0.0,3109.0,-62.7
21/06/2023,1,23680.0,76.92,18174.0,18274.0,100.0,0.0,20878.0,21069.0,191.0,0.0,14587.0,14687.0,100.0,0.0,22015.0,22154.0,139.0,0.0,3164.0,-38.27
22/06/2023,0,23680.0,73.93,18174.0,18274.0,100.0,0.0,20878.0,21069.0,191.0,0.0,14587.0,14687.0,100.0,0.0,22015.0,22154.0,139.0,0.0,3164.0,-38.27
23/06/2023,0,23690.0,73.56,18174.0,18274.0,100.0,0.0,20878.0,21069.0,191.0,0.0,14587.0,14687.0,100.0,0.0,22015.0,22154.0,139.0,0.0,3164.0,-38.27
24/06/2023,0,23690.0,73.66,18174.0,18274.0,100.0,0.0,20878.0,21069.0,191.0,0.0,14587.0,14687.0,100.0,0.0,22015.0,22154.0,139.0,0.0,3164.0,-38.27
25/06/2023,0,23690.0,73.76,18174.0,18274.0,100.0,0.0,20878.0,21069.0,191.0,0.0,14587.0,14687.0,100.0,0.0,22015.0,22154.0,139.0,0.0,3164.0,-38.27
26/06/2023,0,23700.0,73.86,18174.0,18274.0,100.0,0.0,20878.0,21069.0,191.0,0.0,14587.0,14687.0,100.0,0.0,22015.0,22154.0,139.0,0.0,3164.0,-38.27
27/06/2023,0,23710.0,71.88,18174.0,18274.0,100.0,0.0,20878.0,21069.0,191.0,0.0,14587.0,14687.0,100.0,0.0,22015.0,22154.0,139.0,0.0,3164.0,-38.27
28/06/2023,0,23720.0,73.64,18174.0,18274.0,100.0,0.0,20878.0,21069.0,191.0,0.0,14587.0,14687.0,100.0,0.0,22015.0,22154.0,139.0,0.0,3164.0,-38.27
29/06/2023,0,23730.0,73.86,18174.0,18274.0,100.0,0.0,20878.0,21069.0,191.0,0.0,14587.0,14687.0,100.0,0.0,22015.0,22154.0,139.0,0.0,3164.0,-38.27
30/06/2023,0,23750.0,74.51,18174.0,18274.0,100.0,0.0,20878.0,21069.0,191.0,0.0,14587.0,14687.0,100.0,0.0,22015.0,22154.0,139.0,0.0,3164.0,-38.27
01/07/2023,0,23750.0,74.51333333333334,18174.0,18274.0,100.0,0.0,20878.0,21069.0,191.0,0.0,14587.0,14687.0,100.0,0.0,22015.0,22154.0,139.0,0.0,3164.0,-38.27
02/07/2023,0,23750.0,74.51666666666667,18174.0,18274.0,100.0,0.0,20878.0,21069.0,191.0,0.0,14587.0,14687.0,100.0,0.0,22015.0,22154.0,139.0,0.0,3164.0,-38.27
03/07/2023,1,23820.0,74.52,18169.0,18169.0,0.0,0.0,20470.0,20470.0,0.0,0.0,14623.0,14623.0,0.0,0.0,21428.0,21428.0,0.0,0.0,3205.0,-22.08
04/07/2023,0,23860.0,76.23,18169.0,18169.0,0.0,0.0,20470.0,20470.0,0.0,0.0,14623.0,14623.0,0.0,0.0,21428.0,21428.0,0.0,0.0,3205.0,-22.08
05/07/2023,0,23920.0,76.74,18169.0,18169.0,0.0,0.0,20470.0,20470.0,0.0,0.0,14623.0,14623.0,0.0,0.0,21428.0,21428.0,0.0,0.0,3205.0,-22.08
06/07/2023,0,23900.0,76.72,18169.0,18169.0,0.0,0.0,20470.0,20470.0,0.0,0.0,14623.0,14623.0,0.0,0.0,21428.0,21428.0,0.0,0.0,3205.0,-22.08
07/07/2023,0,23810.0,78.77,18169.0,18169.0,0.0,0.0,20470.0,20470.0,0.0,0.0,14623.0,14623.0,0.0,0.0,21428.0,21428.0,0.0,0.0,3205.0,-22.08
08/07/2023,0,23810.0,78.45666666666666,18169.0,18169.0,0.0,0.0,20470.0,20470.0,0.0,0.0,14623.0,14623.0,0.0,0.0,21428.0,21428.0,0.0,0.0,3205.0,-22.08
09/07/2023,0,23810.0,78.14333333333333,18169.0,18169.0,0.0,0.0,20470.0,20470.0,0.0,0.0,14623.0,14623.0,0.0,0.0,21428.0,21428.0,0.0,0.0,3205.0,-22.08
10/07/2023,0,23820.0,77.83,18169.0,18169.0,0.0,0.0,20470.0,20470.0,0.0,0.0,14623.0,14623.0,0.0,0.0,21428.0,21428.0,0.0,0.0,3205.0,-22.08
11/07/2023,1,23860.0,79.54,18616.0,18616.0,0.0,0.0,20419.0,20419.0,0.0,0.0,15288.0,15288.0,0.0,0.0,21497.0,21497.0,0.0,0.0,3206.0,-22.08
12/07/2023,0,23850.0,80.35,18616.0,18616.0,0.0,0.0,20419.0,20419.0,0.0,0.0,15288.0,15288.0,0.0,0.0,21497.0,21497.0,0.0,0.0,3206.0,-22.08
13/07/2023,0,23815.0,81.31,18616.0,18616.0,0.0,0.0,20419.0,20419.0,0.0,0.0,15288.0,15288.0,0.0,0.0,21497.0,21497.0,0.0,0.0,3206.0,-22.08
14/07/2023,0,23810.0,79.9,18616.0,18616.0,0.0,0.0,20419.0,20419.0,0.0,0.0,15288.0,15288.0,0.0,0.0,21497.0,21497.0,0.0,0.0,3206.0,-22.08
15/07/2023,0,23810.0,79.2,18616.0,18616.0,0.0,0.0,20419.0,20419.0,0.0,0.0,15288.0,15288.0,0.0,0.0,21497.0,21497.0,0.0,0.0,3206.0,-22.08
16/07/2023,0,23810.0,78.5,18616.0,18616.0,0.0,0.0,20419.0,20419.0,0.0,0.0,15288.0,15288.0,0.0,0.0,21497.0,21497.0,0.0,0.0,3206.0,-22.08
17/07/2023,0,23800.0,77.8,18616.0,18616.0,0.0,0.0,20419.0,20419.0,0.0,0.0,15288.0,15288.0,0.0,0.0,21497.0,21497.0,0.0,0.0,3206.0,-22.08
18/07/2023,0,23810.0,79.54,18616.0,18616.0,0.0,0.0,20419.0,20419.0,0.0,0.0,15288.0,15288.0,0.0,0.0,21497.0,21497.0,0.0,0.0,3206.0,-22.08
19/07/2023,0,23805.0,79.38,18616.0,18616.0,0.0,0.0,20419.0,20419.0,0.0,0.0,15288.0,15288.0,0.0,0.0,21497.0,21497.0,0.0,0.0,3206.0,-22.08
20/07/2023,0,23810.0,79.62,18616.0,18616.0,0.0,0.0,20419.0,20419.0,0.0,0.0,15288.0,15288.0,0.0,0.0,21497.0,21497.0,0.0,0.0,3206.0,-22.08
21/07/2023,1,23820.0,81.06,19500.0,19500.0,0.0,0.0,21639.0,21639.0,0.0,0.0,15725.0,15725.0,0.0,0.0,22792.0,22792.0,0.0,0.0,3206.0,-22.08
22/07/2023,0,23820.0,81.55,19500.0,19500.0,0.0,0.0,21639.0,21639.0,0.0,0.0,15725.0,15725.0,0.0,0.0,22792.0,22792.0,0.0,0.0,3206.0,-22.08
23/07/2023,0,23820.0,82.04,19500.0,19500.0,0.0,0.0,21639.0,21639.0,0.0,0.0,15725.0,15725.0,0.0,0.0,22792.0,22792.0,0.0,0.0,3206.0,-22.08
24/07/2023,0,23825.0,82.53,19500.0,19500.0,0.0,0.0,21639.0,21639.0,0.0,0.0,15725.0,15725.0,0.0,0.0,22792.0,22792.0,0.0,0.0,3206.0,-22.08
25/07/2023,0,23830.0,83.46,19500.0,19500.0,0.0,0.0,21639.0,21639.0,0.0,0.0,15725.0,15725.0,0.0,0.0,22792.0,22792.0,0.0,0.0,3206.0,-22.08
26/07/2023,0,23835.0,82.98,19500.0,19500.0,0.0,0.0,21639.0,21639.0,0.0,0.0,15725.0,15725.0,0.0,0.0,22792.0,22792.0,0.0,0.0,3206.0,-22.08
27/07/2023,0,23840.0,84.28,19500.0,19500.0,0.0,0.0,21639.0,21639.0,0.0,0.0,15725.0,15725.0,0.0,0.0,22792.0,22792.0,0.0,0.0,3206.0,-22.08
28/07/2023,0,23860.0,84.49,19500.0,19500.0,0.0,0.0,21639.0,21639.0,0.0,0.0,15725.0,15725.0,0.0,0.0,22792.0,22792.0,0.0,0.0,3206.0,-22.08
29/07/2023,0,23860.0,84.73333333333333,19500.0,19500.0,0.0,0.0,21639.0,21639.0,0.0,0.0,15725.0,15725.0,0.0,0.0,22792.0,22792.0,0.0,0.0,3206.0,-22.08
30/07/2023,0,23860.0,84.97666666666666,19500.0,19500.0,0.0,0.0,21639.0,21639.0,0.0,0.0,15725.0,15725.0,0.0,0.0,22792.0,22792.0,0.0,0.0,3206.0,-22.08
31/07/2023,0,23855.0,85.22,19500.0,19500.0,0.0,0.0,21639.0,21639.0,0.0,0.0,15725.0,15725.0,0.0,0.0,22792.0,22792.0,0.0,0.0,3206.0,-22.08
01/08/2023,1,23860.0,85.34,21012.0,20712.0,0.0,300.0,22791.0,22791.0,0.0,0.0,16531.0,16531.0,0.0,0.0,23963.0,23963.0,0.0,0.0,3207.0,-22.08
02/08/2023,0,23895.0,84.01,21012.0,20712.0,0.0,300.0,22791.0,22791.0,0.0,0.0,16531.0,16531.0,0.0,0.0,23963.0,23963.0,0.0,0.0,3207.0,-22.08
03/08/2023,0,23920.0,86.19,21012.0,20712.0,0.0,300.0,22791.0,22791.0,0.0,0.0,16531.0,16531.0,0.0,0.0,23963.0,23963.0,0.0,0.0,3207.0,-22.08
04/08/2023,0,23890.0,87.38,21012.0,20712.0,0.0,300.0,22791.0,22791.0,0.0,0.0,16531.0,16531.0,0.0,0.0,23963.0,23963.0,0.0,0.0,3207.0,-22.08
05/08/2023,0,23890.0,87.07666666666667,21012.0,20712.0,0.0,300.0,22791.0,22791.0,0.0,0.0,16531.0,16531.0,0.0,0.0,23963.0,23963.0,0.0,0.0,3207.0,-22.08
06/08/2023,0,23890.0,86.77333333333333,21012.0,20712.0,0.0,300.0,22791.0,22791.0,0.0,0.0,16531.0,16531.0,0.0,0.0,23963.0,23963.0,0.0,0.0,3207.0,-22.08
07/08/2023,0,23890.0,86.47,21012.0,20712.0,0.0,300.0,22791.0,22791.0,0.0,0.0,16531.0,16531.0,0.0,0.0,23963.0,23963.0,0.0,0.0,3207.0,-22.08
08/08/2023,0,23895.0,88.0,21012.0,20712.0,0.0,300.0,22791.0,22791.0,0.0,0.0,16531.0,16531.0,0.0,0.0,23963.0,23963.0,0.0,0.0,3207.0,-22.08
09/08/2023,0,23910.0,89.31,21012.0,20712.0,0.0,300.0,22791.0,22791.0,0.0,0.0,16531.0,16531.0,0.0,0.0,23963.0,23963.0,0.0,0.0,3207.0,-22.08
10/08/2023,0,23910.0,87.44,21012.0,20712.0,0.0,300.0,22791.0,22791.0,0.0,0.0,16531.0,16531.0,0.0,0.0,23963.0,23963.0,0.0,0.0,3207.0,-22.08
11/08/2023,1,23910.0,87.93,22425.0,22425.0,0.0,0.0,22822.0,22822.0,0.0,0.0,17818.0,17668.0,0.0,150.0,23993.0,23993.0,0.0,0.0,3167.0,-61.59
12/08/2023,0,23910.0,87.75333333333334,22425.0,22425.0,0.0,0.0,22822.0,22822.0,0.0,0.0,17818.0,17668.0,0.0,150.0,23993.0,23993.0,0.0,0.0,3167.0,-61.59
13/08/2023,0,23910.0,87.57666666666667,22425.0,22425.0,0.0,0.0,22822.0,22822.0,0.0,0.0,17818.0,17668.0,0.0,150.0,23993.0,23993.0,0.0,0.0,3167.0,-61.59
14/08/2023,0,23990.0,87.4,22425.0,22425.0,0.0,0.0,22822.0,22822.0,0.0,0.0,17818.0,17668.0,0.0,150.0,23993.0,23993.0,0.0,0.0,3167.0,-61.59
15/08/2023,0,24140.0,86.28,22425.0,22425.0,0.0,0.0,22822.0,22822.0,0.0,0.0,17818.0,17668.0,0.0,150.0,23993.0,23993.0,0.0,0.0,3167.0,-61.59
16/08/2023,0,24125.0,84.49,22425.0,22425.0,0.0,0.0,22822.0,22822.0,0.0,0.0,17818.0,17668.0,0.0,150.0,23993.0,23993.0,0.0,0.0,3167.0,-61.59
17/08/2023,0,24040.0,85.24,22425.0,22425.0,0.0,0.0,22822.0,22822.0,0.0,0.0,17818.0,17668.0,0.0,150.0,23993.0,23993.0,0.0,0.0,3167.0,-61.59
18/08/2023,0,23970.0,85.92,22425.0,22425.0,0.0,0.0,22822.0,22822.0,0.0,0.0,17818.0,17668.0,0.0,150.0,23993.0,23993.0,0.0,0.0,3167.0,-61.59
19/08/2023,0,23970.0,85.76,22425.0,22425.0,0.0,0.0,22822.0,22822.0,0.0,0.0,17818.0,17668.0,0.0,150.0,23993.0,23993.0,0.0,0.0,3167.0,-61.59
20/08/2023,0,23970.0,85.6,22425.0,22425.0,0.0,0.0,22822.0,22822.0,0.0,0.0,17818.0,17668.0,0.0,150.0,23993.0,23993.0,0.0,0.0,3167.0,-61.59
21/08/2023,1,23970.0,85.44,22354.0,22354.0,0.0,0.0,23339.0,23339.0,0.0,0.0,17981.0,17981.0,0.0,0.0,24601.0,24601.0,0.0,0.0,3156.0,-61.59
22/08/2023,0,24070.0,84.7,22354.0,22354.0,0.0,0.0,23339.0,23339.0,0.0,0.0,17981.0,17981.0,0.0,0.0,24601.0,24601.0,0.0,0.0,3156.0,-61.59
23/08/2023,0,24140.0,83.94,22354.0,22354.0,0.0,0.0,23339.0,23339.0,0.0,0.0,17981.0,17981.0,0.0,0.0,24601.0,24601.0,0.0,0.0,3156.0,-61.59
24/08/2023,0,24150.0,84.07,22354.0,22354.0,0.0,0.0,23339.0,23339.0,0.0,0.0,17981.0,17981.0,0.0,0.0,24601.0,24601.0,0.0,0.0,3156.0,-61.59
25/08/2023,0,24150.0,85.42,22354.0,22354.0,0.0,0.0,23339.0,23339.0,0.0,0.0,17981.0,17981.0,0.0,0.0,24601.0,24601.0,0.0,0.0,3156.0,-61.59
26/08/2023,0,24150.0,85.6575,22354.0,22354.0,0.0,0.0,23339.0,23339.0,0.0,0.0,17981.0,17981.0,0.0,0.0,24601.0,24601.0,0.0,0.0,3156.0,-61.59
27/08/2023,0,24150.0,85.89500000000001,22354.0,22354.0,0.0,0.0,23339.0,23339.0,0.0,0.0,17981.0,17981.0,0.0,0.0,24601.0,24601.0,0.0,0.0,3156.0,-61.59
28/08/2023,0,24260.0,86.13250000000001,22354.0,22354.0,0.0,0.0,23339.0,23339.0,0.0,0.0,17981.0,17981.0,0.0,0.0,24601.0,24601.0,0.0,0.0,3156.0,-61.59
29/08/2023,0,24350.0,86.37,22354.0,22354.0,0.0,0.0,23339.0,23339.0,0.0,0.0,17981.0,17981.0,0.0,0.0,24601.0,24601.0,0.0,0.0,3156.0,-61.59
30/08/2023,0,24315.0,86.62,22354.0,22354.0,0.0,0.0,23339.0,23339.0,0.0,0.0,17981.0,17981.0,0.0,0.0,24601.0,24601.0,0.0,0.0,3156.0,-61.59
31/08/2023,0,24240.0,87.29,22354.0,22354.0,0.0,0.0,23339.0,23339.0,0.0,0.0,17981.0,17981.0,0.0,0.0,24601.0,24601.0,0.0,0.0,3156.0,-61.59
01/09/2023,0,24240.0,89.98,22354.0,22354.0,0.0,0.0,23339.0,23339.0,0.0,0.0,17981.0,17981.0,0.0,0.0,24601.0,24601.0,0.0,0.0,3156.0,-61.59
02/09/2023,0,24240.0,90.12666666666667,22354.0,22354.0,0.0,0.0,23339.0,23339.0,0.0,0.0,17981.0,17981.0,0.0,0.0,24601.0,24601.0,0.0,0.0,3156.0,-61.59
03/09/2023,0,24240.0,90.27333333333334,22354.0,22354.0,0.0,0.0,23339.0,23339.0,0.0,0.0,17981.0,17981.0,0.0,0.0,24601.0,24601.0,0.0,0.0,3156.0,-61.59
04/09/2023,0,24240.0,90.42,22354.0,22354.0,0.0,0.0,23339.0,23339.0,0.0,0.0,17981.0,17981.0,0.0,0.0,24601.0,24601.0,0.0,0.0,3156.0,-61.59
05/09/2023,1,24240.0,91.25,22645.0,22645.0,0.0,0.0,23471.0,23471.0,0.0,0.0,17704.0,17704.0,0.0,0.0,24871.0,24871.0,0.0,0.0,3156.0,-61.59
06/09/2023,0,24220.0,91.79,22645.0,22645.0,0.0,0.0,23471.0,23471.0,0.0,0.0,17704.0,17704.0,0.0,0.0,24871.0,24871.0,0.0,0.0,3156.0,-61.59
07/09/2023,0,24220.0,91.16,22645.0,22645.0,0.0,0.0,23471.0,23471.0,0.0,0.0,17704.0,17704.0,0.0,0.0,24871.0,24871.0,0.0,0.0,3156.0,-61.59
08/09/2023,0,24260.0,91.85,22645.0,22645.0,0.0,0.0,23471.0,23471.0,0.0,0.0,17704.0,17704.0,0.0,0.0,24871.0,24871.0,0.0,0.0,3156.0,-61.59
09/09/2023,0,24260.0,91.89,22645.0,22645.0,0.0,0.0,23471.0,23471.0,0.0,0.0,17704.0,17704.0,0.0,0.0,24871.0,24871.0,0.0,0.0,3156.0,-61.59
10/09/2023,0,24260.0,91.92999999999999,22645.0,22645.0,0.0,0.0,23471.0,23471.0,0.0,0.0,17704.0,17704.0,0.0,0.0,24871.0,24871.0,0.0,0.0,3156.0,-61.59
11/09/2023,1,24225.0,91.97,23055.0,23055.0,0.0,0.0,23493.0,23471.0,0.0,22.0,17731.0,17704.0,0.0,27.0,24885.0,24871.0,0.0,14.0,3156.0,-61.59
12/09/2023,0,24260.0,93.58,23055.0,23055.0,0.0,0.0,23493.0,23471.0,0.0,22.0,17731.0,17704.0,0.0,27.0,24885.0,24871.0,0.0,14.0,3156.0,-61.59
13/09/2023,0,24320.0,93.04,23055.0,23055.0,0.0,0.0,23493.0,23471.0,0.0,22.0,17731.0,17704.0,0.0,27.0,24885.0,24871.0,0.0,14.0,3156.0,-61.59
14/09/2023,0,24385.0,95.2,23055.0,23055.0,0.0,0.0,23493.0,23471.0,0.0,22.0,17731.0,17704.0,0.0,27.0,24885.0,24871.0,0.0,14.0,3156.0,-61.59
15/09/2023,0,24425.0,95.55,23055.0,23055.0,0.0,0.0,23493.0,23471.0,0.0,22.0,17731.0,17704.0,0.0,27.0,24885.0,24871.0,0.0,14.0,3156.0,-61.59
16/09/2023,0,24425.0,95.68333333333334,23055.0,23055.0,0.0,0.0,23493.0,23471.0,0.0,22.0,17731.0,17704.0,0.0,27.0,24885.0,24871.0,0.0,14.0,3156.0,-61.59
17/09/2023,0,24425.0,95.81666666666666,23055.0,23055.0,0.0,0.0,23493.0,23471.0,0.0,22.0,17731.0,17704.0,0.0,27.0,24885.0,24871.0,0.0,14.0,3156.0,-61.59
18/09/2023,0,24530.0,95.95,23055.0,23055.0,0.0,0.0,23493.0,23471.0,0.0,22.0,17731.0,17704.0,0.0,27.0,24885.0,24871.0,0.0,14.0,3156.0,-61.59
19/09/2023,0,24545.0,96.11,23055.0,23055.0,0.0,0.0,23493.0,23471.0,0.0,22.0,17731.0,17704.0,0.0,27.0,24885.0,24871.0,0.0,14.0,3156.0,-61.59
20/09/2023,0,24480.0,94.56,23055.0,23055.0,0.0,0.0,23493.0,23471.0,0.0,22.0,17731.0,17704.0,0.0,27.0,24885.0,24871.0,0.0,14.0,3156.0,-61.59
21/09/2023,0,24460.0,93.7,23055.0,23055.0,0.0,0.0,23493.0,23471.0,0.0,22.0,17731.0,17704.0,0.0,27.0,24885.0,24871.0,0.0,14.0,3154.0,-62.68
22/09/2023,0,24530.0,93.99,23055.0,23055.0,0.0,0.0,23493.0,23471.0,0.0,22.0,17731.0,17704.0,0.0,27.0,24885.0,24871.0,0.0,14.0,3154.0,-62.68
23/09/2023,0,24530.0,93.99666666666667,23055.0,23055.0,0.0,0.0,23493.0,23471.0,0.0,22.0,17731.0,17704.0,0.0,27.0,24885.0,24871.0,0.0,14.0,3154.0,-62.68
24/09/2023,0,24530.0,94.00333333333333,23055.0,23055.0,0.0,0.0,23493.0,23471.0,0.0,22.0,17731.0,17704.0,0.0,27.0,24885.0,24871.0,0.0,14.0,3154.0,-62.68
25/09/2023,0,24535.0,94.01,23055.0,23055.0,0.0,0.0,23493.0,23471.0,0.0,22.0,17731.0,17704.0,0.0,27.0,24885.0,24871.0,0.0,14.0,3154.0,-62.68
26/09/2023,0,24540.0,94.46,23055.0,23055.0,0.0,0.0,23493.0,23471.0,0.0,22.0,17731.0,17704.0,0.0,27.0,24885.0,24871.0,0.0,14.0,3154.0,-62.68
27/09/2023,0,24540.0,97.1,23055.0,23055.0,0.0,0.0,23493.0,23471.0,0.0,22.0,17731.0,17704.0,0.0,27.0,24885.0,24871.0,0.0,14.0,3154.0,-62.68
28/09/2023,0,24560.0,96.64,23055.0,23055.0,0.0,0.0,23493.0,23471.0,0.0,22.0,17731.0,17704.0,0.0,27.0,24885.0,24871.0,0.0,14.0,3154.0,-62.68
29/09/2023,0,24460.0,95.86,23055.0,23055.0,0.0,0.0,23493.0,23471.0,0.0,22.0,17731.0,17704.0,0.0,27.0,24885.0,24871.0,0.0,14.0,3154.0,-62.68
30/09/2023,0,24460.0,94.31,23055.0,23055.0,0.0,0.0,23493.0,23471.0,0.0,22.0,17731.0,17704.0,0.0,27.0,24885.0,24871.0,0.0,14.0,3154.0,-62.68
01/10/2023,0,24460.0,92.75999999999999,23055.0,23055.0,0.0,0.0,23493.0,23471.0,0.0,22.0,17731.0,17704.0,0.0,27.0,24885.0,24871.0,0.0,14.0,3154.0,-62.68
02/10/2023,1,24490.0,91.21,23879.0,23594.0,0.0,285.0,23502.0,23502.0,0.0,0.0,17452.0,17452.0,0.0,0.0,24842.0,24842.0,0.0,0.0,3074.0,-110.75
03/10/2023,0,24550.0,94.46,23879.0,23594.0,0.0,285.0,23502.0,23502.0,0.0,0.0,17452.0,17452.0,0.0,0.0,24842.0,24842.0,0.0,0.0,3074.0,-110.75
04/10/2023,0,24580.0,89.83,23879.0,23594.0,0.0,285.0,23502.0,23502.0,0.0,0.0,17452.0,17452.0,0.0,0.0,24842.0,24842.0,0.0,0.0,3074.0,-110.75
05/10/2023,0,24560.0,88.28,23879.0,23594.0,0.0,285.0,23502.0,23502.0,0.0,0.0,17452.0,17452.0,0.0,0.0,24842.0,24842.0,0.0,0.0,3074.0,-110.75
06/10/2023,0,24550.0,87.86,23879.0,23594.0,0.0,285.0,23502.0,23502.0,0.0,0.0,17452.0,17452.0,0.0,0.0,24842.0,24842.0,0.0,0.0,3074.0,-110.75
07/10/2023,0,24550.0,89.03,23879.0,23594.0,0.0,285.0,23502.0,23502.0,0.0,0.0,17452.0,17452.0,0.0,0.0,24842.0,24842.0,0.0,0.0,3074.0,-110.75
08/10/2023,0,24550.0,90.2,23879.0,23594.0,0.0,285.0,23502.0,23502.0,0.0,0.0,17452.0,17452.0,0.0,0.0,24842.0,24842.0,0.0,0.0,3074.0,-110.75
09/10/2023,0,24550.0,91.37,23879.0,23594.0,0.0,285.0,23502.0,23502.0,0.0,0.0,17452.0,17452.0,0.0,0.0,24842.0,24842.0,0.0,0.0,3074.0,-110.75
10/10/2023,0,24585.0,90.7,23879.0,23594.0,0.0,285.0,23502.0,23502.0,0.0,0.0,17452.0,17452.0,0.0,0.0,24842.0,24842.0,0.0,0.0,3074.0,-110.75
11/10/2023,1,24605.0,87.58,22410.0,22410.0,0.0,0.0,21907.0,21907.0,0.0,0.0,16238.0,16238.0,0.0,0.0,23044.0,23044.0,0.0,0.0,3050.0,-144.32
12/10/2023,0,24610.0,88.4,22410.0,22410.0,0.0,0.0,21907.0,21907.0,0.0,0.0,16238.0,16238.0,0.0,0.0,23044.0,23044.0,0.0,0.0,3050.0,-144.32
13/10/2023,0,24615.0,94.33,22410.0,22410.0,0.0,0.0,21907.0,21907.0,0.0,0.0,16238.0,16238.0,0.0,0.0,23044.0,23044.0,0.0,0.0,3050.0,-144.32
14/10/2023,0,24615.0,93.21666666666667,22410.0,22410.0,0.0,0.0,21907.0,21907.0,0.0,0.0,16238.0,16238.0,0.0,0.0,23044.0,23044.0,0.0,0.0,3050.0,-144.32
15/10/2023,0,24615.0,92.10333333333332,22410.0,22410.0,0.0,0.0,21907.0,21907.0,0.0,0.0,16238.0,16238.0,0.0,0.0,23044.0,23044.0,0.0,0.0,3050.0,-144.32
16/10/2023,0,24630.0,90.99,22410.0,22410.0,0.0,0.0,21907.0,21907.0,0.0,0.0,16238.0,16238.0,0.0,0.0,23044.0,23044.0,0.0,0.0,3050.0,-144.32
17/10/2023,0,24668.0,92.52,22410.0,22410.0,0.0,0.0,21907.0,21907.0,0.0,0.0,16238.0,16238.0,0.0,0.0,23044.0,23044.0,0.0,0.0,3050.0,-144.32
18/10/2023,0,24690.0,91.99,22410.0,22410.0,0.0,0.0,21907.0,21907.0,0.0,0.0,16238.0,16238.0,0.0,0.0,23044.0,23044.0,0.0,0.0,3050.0,-144.32
19/10/2023,0,24710.0,93.12,22410.0,22410.0,0.0,0.0,21907.0,21907.0,0.0,0.0,16238.0,16238.0,0.0,0.0,23044.0,23044.0,0.0,0.0,3050.0,-144.32
20/10/2023,0,24700.0,93.72,22410.0,22410.0,0.0,0.0,21907.0,21907.0,0.0,0.0,16238.0,16238.0,0.0,0.0,23044.0,23044.0,0.0,0.0,3050.0,-144.32
21/10/2023,0,24700.0,93.10666666666667,22410.0,22410.0,0.0,0.0,21907.0,21907.0,0.0,0.0,16238.0,16238.0,0.0,0.0,23044.0,23044.0,0.0,0.0,3050.0,-144.32
22/10/2023,0,24700.0,92.49333333333333,22410.0,22410.0,0.0,0.0,21907.0,21907.0,0.0,0.0,16238.0,16238.0,0.0,0.0,23044.0,23044.0,0.0,0.0,3050.0,-144.32
23/10/2023,1,24760.0,91.88,22489.0,22489.0,0.0,0.0,22365.0,22365.0,0.0,0.0,16613.0,16613.0,0.0,0.0,23513.0,23513.0,0.0,0.0,3048.0,-144.32
24/10/2023,0,24730.0,88.0,22489.0,22489.0,0.0,0.0,22365.0,22365.0,0.0,0.0,16613.0,16613.0,0.0,0.0,23513.0,23513.0,0.0,0.0,3048.0,-144.32
25/10/2023,0,24720.0,90.14,22489.0,22489.0,0.0,0.0,22365.0,22365.0,0.0,0.0,16613.0,16613.0,0.0,0.0,23513.0,23513.0,0.0,0.0,3048.0,-144.32
26/10/2023,0,24760.0,88.45,22489.0,22489.0,0.0,0.0,22365.0,22365.0,0.0,0.0,16613.0,16613.0,0.0,0.0,23513.0,23513.0,0.0,0.0,3048.0,-144.32
27/10/2023,0,24730.0,90.73,22489.0,22489.0,0.0,0.0,22365.0,22365.0,0.0,0.0,16613.0,16613.0,0.0,0.0,23513.0,23513.0,0.0,0.0,3048.0,-144.32
28/10/2023,0,24730.0,90.73,22489.0,22489.0,0.0,0.0,22365.0,22365.0,0.0,0.0,16613.0,16613.0,0.0,0.0,23513.0,23513.0,0.0,0.0,3048.0,-144.32
29/10/2023,0,24730.0,90.73,22489.0,22489.0,0.0,0.0,22365.0,22365.0,0.0,0.0,16613.0,16613.0,0.0,0.0,23513.0,23513.0,0.0,0.0,3048.0,-144.32
30/10/2023,0,24725.0,90.73,22489.0,22489.0,0.0,0.0,22365.0,22365.0,0.0,0.0,16613.0,16613.0,0.0,0.0,23513.0,23513.0,0.0,0.0,3048.0,-144.32
31/10/2023,0,24730.0,86.82,22489.0,22489.0,0.0,0.0,22365.0,22365.0,0.0,0.0,16613.0,16613.0,0.0,0.0,23513.0,23513.0,0.0,0.0,3048.0,-144.32
01/11/2023,1,24750.0,86.92,21940.0,21940.0,0.0,0.0,22614.0,22614.0,0.0,0.0,16240.0,16240.0,0.0,0.0,23929.0,23929.0,0.0,0.0,3048.0,-144.32
02/11/2023,0,24750.0,89.02,21940.0,21940.0,0.0,0.0,22614.0,22614.0,0.0,0.0,16240.0,16240.0,0.0,0.0,23929.0,23929.0,0.0,0.0,3048.0,-144.32
03/11/2023,0,24690.0,87.55,21940.0,21940.0,0.0,0.0,22614.0,22614.0,0.0,0.0,16240.0,16240.0,0.0,0.0,23929.0,23929.0,0.0,0.0,3048.0,-144.32
04/11/2023,0,24690.0,87.47,21940.0,21940.0,0.0,0.0,22614.0,22614.0,0.0,0.0,16240.0,16240.0,0.0,0.0,23929.0,23929.0,0.0,0.0,3048.0,-144.32
05/11/2023,0,24690.0,87.39,21940.0,21940.0,0.0,0.0,22614.0,22614.0,0.0,0.0,16240.0,16240.0,0.0,0.0,23929.0,23929.0,0.0,0.0,3048.0,-144.32
06/11/2023,0,24500.0,87.31,21940.0,21940.0,0.0,0.0,22614.0,22614.0,0.0,0.0,16240.0,16240.0,0.0,0.0,23929.0,23929.0,0.0,0.0,3048.0,-144.32
07/11/2023,0,24490.0,83.43,21940.0,21940.0,0.0,0.0,22614.0,22614.0,0.0,0.0,16240.0,16240.0,0.0,0.0,23929.0,23929.0,0.0,0.0,3048.0,-144.32
08/11/2023,0,24530.0,81.46,21940.0,21940.0,0.0,0.0,22614.0,22614.0,0.0,0.0,16240.0,16240.0,0.0,0.0,23929.0,23929.0,0.0,0.0,3048.0,-144.32
09/11/2023,0,24530.0,81.74,21940.0,21940.0,0.0,0.0,22614.0,22614.0,0.0,0.0,16240.0,16240.0,0.0,0.0,23929.0,23929.0,0.0,0.0,3048.0,-144.32
10/11/2023,0,24470.0,83.66,21940.0,21940.0,0.0,0.0,22614.0,22614.0,0.0,0.0,16240.0,16240.0,0.0,0.0,23929.0,23929.0,0.0,0.0,3048.0,-144.32
11/11/2023,0,24470.0,83.80333333333333,21940.0,21940.0,0.0,0.0,22614.0,22614.0,0.0,0.0,16240.0,16240.0,0.0,0.0,23929.0,23929.0,0.0,0.0,3048.0,-144.32
12/11/2023,0,24470.0,83.94666666666667,21940.0,21940.0,0.0,0.0,22614.0,22614.0,0.0,0.0,16240.0,16240.0,0.0,0.0,23929.0,23929.0,0.0,0.0,3048.0,-144.32
13/11/2023,1,24540.0,84.09,20888.0,20888.0,0.0,0.0,22274.0,22274.0,0.0,0.0,15623.0,15623.0,0.0,0.0,23530.0,23530.0,0.0,0.0,3048.0,-144.32
14/11/2023,0,24530.0,84.2,20888.0,20888.0,0.0,0.0,22274.0,22274.0,0.0,0.0,15623.0,15623.0,0.0,0.0,23530.0,23530.0,0.0,0.0,3048.0,-144.32
15/11/2023,0,24440.0,82.4,20888.0,20888.0,0.0,0.0,22274.0,22274.0,0.0,0.0,15623.0,15623.0,0.0,0.0,23530.0,23530.0,0.0,0.0,3048.0,-144.32
16/11/2023,0,24455.0,77.73,20888.0,20888.0,0.0,0.0,22274.0,22274.0,0.0,0.0,15623.0,15623.0,0.0,0.0,23530.0,23530.0,0.0,0.0,3048.0,-144.32
17/11/2023,0,24415.0,81.22,20888.0,20888.0,0.0,0.0,22274.0,22274.0,0.0,0.0,15623.0,15623.0,0.0,0.0,23530.0,23530.0,0.0,0.0,3048.0,-144.32
18/11/2023,0,24415.0,81.89666666666666,20888.0,20888.0,0.0,0.0,22274.0,22274.0,0.0,0.0,15623.0,15623.0,0.0,0.0,23530.0,23530.0,0.0,0.0,3048.0,-144.32
19/11/2023,0,24415.0,82.57333333333334,20888.0,20888.0,0.0,0.0,22274.0,22274.0,0.0,0.0,15623.0,15623.0,0.0,0.0,23530.0,23530.0,0.0,0.0,3048.0,-144.32
20/11/2023,0,24345.0,83.25,20888.0,20888.0,0.0,0.0,22274.0,22274.0,0.0,0.0,15623.0,15623.0,0.0,0.0,23530.0,23530.0,0.0,0.0,3048.0,-144.32
21/11/2023,0,24290.0,82.42,20888.0,20888.0,0.0,0.0,22274.0,22274.0,0.0,0.0,15623.0,15623.0,0.0,0.0,23530.0,23530.0,0.0,0.0,3048.0,-144.32
22/11/2023,0,24355.0,81.76,20888.0,20888.0,0.0,0.0,22274.0,22274.0,0.0,0.0,15623.0,15623.0,0.0,0.0,23530.0,23530.0,0.0,0.0,3048.0,-144.32
23/11/2023,1,24390.0,80.85,20283.0,20283.0,0.0,0.0,21690.0,21690.0,0.0,0.0,15638.0,15638.0,0.0,0.0,23024.0,23024.0,0.0,0.0,3048.0,-144.32
24/11/2023,0,24420.0,79.82,20283.0,20283.0,0.0,0.0,21690.0,21690.0,0.0,0.0,15638.0,15638.0,0.0,0.0,23024.0,23024.0,0.0,0.0,3048.0,-144.32
25/11/2023,0,24420.0,79.71,20283.0,20283.0,0.0,0.0,21690.0,21690.0,0.0,0.0,15638.0,15638.0,0.0,0.0,23024.0,23024.0,0.0,0.0,3048.0,-144.32
26/11/2023,0,24420.0,79.6,20283.0,20283.0,0.0,0.0,21690.0,21690.0,0.0,0.0,15638.0,15638.0,0.0,0.0,23024.0,23024.0,0.0,0.0,3048.0,-144.32
27/11/2023,0,24415.0,79.49,20283.0,20283.0,0.0,0.0,21690.0,21690.0,0.0,0.0,15638.0,15638.0,0.0,0.0,23024.0,23024.0,0.0,0.0,3048.0,-144.32
28/11/2023,0,24420.0,81.66,20283.0,20283.0,0.0,0.0,21690.0,21690.0,0.0,0.0,15638.0,15638.0,0.0,0.0,23024.0,23024.0,0.0,0.0,3048.0,-144.32
29/11/2023,0,24385.0,82.98,20283.0,20283.0,0.0,0.0,21690.0,21690.0,0.0,0.0,15638.0,15638.0,0.0,0.0,23024.0,23024.0,0.0,0.0,3048.0,-144.32
30/11/2023,0,24430.0,81.72,20283.0,20283.0,0.0,0.0,21690.0,21690.0,0.0,0.0,15638.0,15638.0,0.0,0.0,23024.0,23024.0,0.0,0.0,3048.0,-144.32
01/12/2023,0,24450.0,78.72,20283.0,20283.0,0.0,0.0,21690.0,21690.0,0.0,0.0,15638.0,15638.0,0.0,0.0,23024.0,23024.0,0.0,0.0,3048.0,-144.32
02/12/2023,0,24450.0,78.53333333333333,20283.0,20283.0,0.0,0.0,21690.0,21690.0,0.0,0.0,15638.0,15638.0,0.0,0.0,23024.0,23024.0,0.0,0.0,3048.0,-144.32
03/12/2023,0,24450.0,78.34666666666666,20283.0,20283.0,0.0,0.0,21690.0,21690.0,0.0,0.0,15638.0,15638.0,0.0,0.0,23024.0,23024.0,0.0,0.0,3048.0,-144.32
04/12/2023,0,24405.0,78.16,20283.0,20283.0,0.0,0.0,21690.0,21690.0,0.0,0.0,15638.0,15638.0,0.0,0.0,23024.0,23024.0,0.0,0.0,3048.0,-144.32
05/12/2023,0,24430.0,77.27,20283.0,20283.0,0.0,0.0,21690.0,21690.0,0.0,0.0,15638.0,15638.0,0.0,0.0,23024.0,23024.0,0.0,0.0,3048.0,-144.32
06/12/2023,0,24435.0,74.33,20283.0,20283.0,0.0,0.0,21690.0,21690.0,0.0,0.0,15638.0,15638.0,0.0,0.0,23024.0,23024.0,0.0,0.0,3048.0,-144.32
07/12/2023,1,24430.0,74.21,19721.0,19721.0,0.0,0.0,21290.0,21290.0,0.0,0.0,15527.0,15527.0,0.0,0.0,22322.0,22322.0,0.0,0.0,3048.0,-144.32
08/12/2023,0,24390.0,75.94,19721.0,19721.0,0.0,0.0,21290.0,21290.0,0.0,0.0,15527.0,15527.0,0.0,0.0,22322.0,22322.0,0.0,0.0,3048.0,-144.32
09/12/2023,0,24390.0,75.87666666666667,19721.0,19721.0,0.0,0.0,21290.0,21290.0,0.0,0.0,15527.0,15527.0,0.0,0.0,22322.0,22322.0,0.0,0.0,3048.0,-144.32
10/12/2023,0,24390.0,75.81333333333333,19721.0,19721.0,0.0,0.0,21290.0,21290.0,0.0,0.0,15527.0,15527.0,0.0,0.0,22322.0,22322.0,0.0,0.0,3048.0,-144.32
11/12/2023,0,24400.0,75.75,19721.0,19721.0,0.0,0.0,21290.0,21290.0,0.0,0.0,15527.0,15527.0,0.0,0.0,22322.0,22322.0,0.0,0.0,3048.0,-144.32
12/12/2023,0,24430.0,74.11,19721.0,19721.0,0.0,0.0,21290.0,21290.0,0.0,0.0,15527.0,15527.0,0.0,0.0,22322.0,22322.0,0.0,0.0,3048.0,-144.32
13/12/2023,0,24420.0,74.14,19721.0,19721.0,0.0,0.0,21290.0,21290.0,0.0,0.0,15527.0,15527.0,0.0,0.0,22322.0,22322.0,0.0,0.0,3048.0,-144.32
14/12/2023,1,24420.0,77.05,19010.0,19010.0,0.0,0.0,20512.0,20512.0,0.0,0.0,14978.0,15278.0,300.0,0.0,21405.0,21405.0,0.0,0.0,3048.0,-144.32
15/12/2023,0,24410.0,76.84,19010.0,19010.0,0.0,0.0,20512.0,20512.0,0.0,0.0,14978.0,15278.0,300.0,0.0,21405.0,21405.0,0.0,0.0,3048.0,-144.32
16/12/2023,0,24410.0,77.52333333333334,19010.0,19010.0,0.0,0.0,20512.0,20512.0,0.0,0.0,14978.0,15278.0,300.0,0.0,21405.0,21405.0,0.0,0.0,3048.0,-144.32
17/12/2023,0,24410.0,78.20666666666666,19010.0,19010.0,0.0,0.0,20512.0,20512.0,0.0,0.0,14978.0,15278.0,300.0,0.0,21405.0,21405.0,0.0,0.0,3048.0,-144.32
18/12/2023,0,24480.0,78.89,19010.0,19010.0,0.0,0.0,20512.0,20512.0,0.0,0.0,14978.0,15278.0,300.0,0.0,21405.0,21405.0,0.0,0.0,3048.0,-144.32
19/12/2023,0,24515.0,79.82,19010.0,19010.0,0.0,0.0,20512.0,20512.0,0.0,0.0,14978.0,15278.0,300.0,0.0,21405.0,21405.0,0.0,0.0,3048.0,-144.32
20/12/2023,0,24510.0,81.1,19010.0,19010.0,0.0,0.0,20512.0,20512.0,0.0,0.0,14978.0,15278.0,300.0,0.0,21405.0,21405.0,0.0,0.0,3048.0,-144.32
21/12/2023,1,24500.0,80.73,19524.0,19524.0,0.0,0.0,21199.0,21199.0,0.0,0.0,15265.0,15565.0,300.0,0.0,22145.0,22145.0,0.0,0.0,3050.0,-144.32
22/12/2023,0,24400.0,80.23,19524.0,19524.0,0.0,0.0,21199.0,21199.0,0.0,0.0,15265.0,15565.0,300.0,0.0,22145.0,22145.0,0.0,0.0,3050.0,-144.32
23/12/2023,0,24400.0,80.378,19524.0,19524.0,0.0,0.0,21199.0,21199.0,0.0,0.0,15265.0,15565.0,300.0,0.0,22145.0,22145.0,0.0,0.0,3050.0,-144.32
24/12/2023,0,24400.0,80.526,19524.0,19524.0,0.0,0.0,21199.0,21199.0,0.0,0.0,15265.0,15565.0,300.0,0.0,22145.0,22145.0,0.0,0.0,3050.0,-144.32
25/12/2023,0,24400.0,80.674,19524.0,19524.0,0.0,0.0,21199.0,21199.0,0.0,0.0,15265.0,15565.0,300.0,0.0,22145.0,22145.0,0.0,0.0,3050.0,-144.32
26/12/2023,0,24470.0,80.822,19524.0,19524.0,0.0,0.0,21199.0,21199.0,0.0,0.0,15265.0,15565.0,300.0,0.0,22145.0,22145.0,0.0,0.0,3050.0,-144.32
27/12/2023,0,24480.0,80.97,19524.0,19524.0,0.0,0.0,21199.0,21199.0,0.0,0.0,15265.0,15565.0,300.0,0.0,22145.0,22145.0,0.0,0.0,3050.0,-144.32
28/12/2023,1,24400.0,79.04,19788.0,19788.0,0.0,0.0,21186.0,21186.0,0.0,0.0,15685.0,15985.0,300.0,0.0,22148.0,22148.0,0.0,0.0,3052.0,-144.32
29/12/2023,0,24420.0,77.69,19788.0,19788.0,0.0,0.0,21186.0,21186.0,0.0,0.0,15685.0,15985.0,300.0,0.0,22148.0,22148.0,0.0,0.0,3052.0,-144.32
30/12/2023,0,24420.0,77.3275,19788.0,19788.0,0.0,0.0,21186.0,21186.0,0.0,0.0,15685.0,15985.0,300.0,0.0,22148.0,22148.0,0.0,0.0,3052.0,-144.32
31/12/2023,0,24420.0,76.965,19788.0,19788.0,0.0,0.0,21186.0,21186.0,0.0,0.0,15685.0,15985.0,300.0,0.0,22148.0,22148.0,0.0,0.0,3052.0,-144.32
01/01/2024,0,24420.0,76.60249999999999,19788.0,19788.0,0.0,0.0,21186.0,21186.0,0.0,0.0,15685.0,15985.0,300.0,0.0,22148.0,22148.0,0.0,0.0,3052.0,-144.32
02/01/2024,0,24495.0,76.24,19788.0,19788.0,0.0,0.0,21186.0,21186.0,0.0,0.0,15685.0,15985.0,300.0,0.0,22148.0,22148.0,0.0,0.0,3052.0,-144.32
03/01/2024,0,24520.0,77.18,19788.0,19788.0,0.0,0.0,21186.0,21186.0,0.0,0.0,15685.0,15985.0,300.0,0.0,22148.0,22148.0,0.0,0.0,3052.0,-144.32
04/01/2024,1,24530.0,75.79,19368.0,19368.0,0.0,0.0,21006.0,21006.0,0.0,0.0,15495.0,15795.0,300.0,0.0,21916.0,21916.0,0.0,0.0,3053.0,-144.32
05/01/2024,0,24530.0,78.31,19368.0,19368.0,0.0,0.0,21006.0,21006.0,0.0,0.0,15495.0,15795.0,300.0,0.0,21916.0,21916.0,0.0,0.0,3053.0,-144.32
06/01/2024,0,24530.0,77.36333333333333,19368.0,19368.0,0.0,0.0,21006.0,21006.0,0.0,0.0,15495.0,15795.0,300.0,0.0,21916.0,21916.0,0.0,0.0,3053.0,-144.32
07/01/2024,0,24530.0,76.41666666666667,19368.0,19368.0,0.0,0.0,21006.0,21006.0,0.0,0.0,15495.0,15795.0,300.0,0.0,21916.0,21916.0,0.0,0.0,3053.0,-144.32
08/01/2024,0,24515.0,75.47,19368.0,19368.0,0.0,0.0,21006.0,21006.0,0.0,0.0,15495.0,15795.0,300.0,0.0,21916.0,21916.0,0.0,0.0,3053.0,-144.32
09/01/2024,0,24525.0,77.97,19368.0,19368.0,0.0,0.0,21006.0,21006.0,0.0,0.0,15495.0,15795.0,300.0,0.0,21916.0,21916.0,0.0,0.0,3053.0,-144.32
10/01/2024,0,24555.0,78.46,19368.0,19368.0,0.0,0.0,21006.0,21006.0,0.0,0.0,15495.0,15795.0,300.0,0.0,21916.0,21916.0,0.0,0.0,3053.0,-144.32
11/01/2024,1,24635.0,80.21,19707.0,19707.0,0.0,0.0,21041.0,21041.0,0.0,0.0,15815.0,16115.0,300.0,0.0,21935.0,21935.0,0.0,0.0,3055.0,-144.32
12/01/2024,0,24630.0,79.89,19707.0,19707.0,0.0,0.0,21041.0,21041.0,0.0,0.0,15815.0,16115.0,300.0,0.0,21935.0,21935.0,0.0,0.0,3055.0,-144.32
13/01/2024,0,24630.0,79.84666666666666,19707.0,19707.0,0.0,0.0,21041.0,21041.0,0.0,0.0,15815.0,16115.0,300.0,0.0,21935.0,21935.0,0.0,0.0,3055.0,-144.32
14/01/2024,0,24630.0,79.80333333333334,19707.0,19707.0,0.0,0.0,21041.0,21041.0,0.0,0.0,15815.0,16115.0,300.0,0.0,21935.0,21935.0,0.0,0.0,3055.0,-144.32
15/01/2024,0,24635.0,79.76,19707.0,19707.0,0.0,0.0,21041.0,21041.0,0.0,0.0,15815.0,16115.0,300.0,0.0,21935.0,21935.0,0.0,0.0,3055.0,-144.32
16/01/2024,0,24710.0,80.15,19707.0,19707.0,0.0,0.0,21041.0,21041.0,0.0,0.0,15815.0,16115.0,300.0,0.0,21935.0,21935.0,0.0,0.0,3055.0,-144.32
17/01/2024,0,24700.0,78.88,19707.0,19707.0,0.0,0.0,21041.0,21041.0,0.0,0.0,15815.0,16115.0,300.0,0.0,21935.0,21935.0,0.0,0.0,3055.0,-144.32
18/01/2024,1,24725.0,81.04,20194.0,20194.0,0.0,0.0,21418.0,21418.0,0.0,0.0,15508.0,15808.0,300.0,0.0,22482.0,22482.0,0.0,0.0,3056.0,-144.32
19/01/2024,0,24715.0,80.71,20194.0,20194.0,0.0,0.0,21418.0,21418.0,0.0,0.0,15508.0,15808.0,300.0,0.0,22482.0,22482.0,0.0,0.0,3056.0,-144.32
20/01/2024,0,24715.0,81.03999999999999,20194.0,20194.0,0.0,0.0,21418.0,21418.0,0.0,0.0,15508.0,15808.0,300.0,0.0,22482.0,22482.0,0.0,0.0,3056.0,-144.32
21/01/2024,0,24715.0,81.37,20194.0,20194.0,0.0,0.0,21418.0,21418.0,0.0,0.0,15508.0,15808.0,300.0,0.0,22482.0,22482.0,0.0,0.0,3056.0,-144.32
22/01/2024,0,24705.0,81.7,20194.0,20194.0,0.0,0.0,21418.0,21418.0,0.0,0.0,15508.0,15808.0,300.0,0.0,22482.0,22482.0,0.0,0.0,3056.0,-144.32
23/01/2024,0,24730.0,82.04,20194.0,20194.0,0.0,0.0,21418.0,21418.0,0.0,0.0,15508.0,15808.0,300.0,0.0,22482.0,22482.0,0.0,0.0,3056.0,-144.32
24/01/2024,0,24770.0,82.15,20194.0,20194.0,0.0,0.0,21418.0,21418.0,0.0,0.0,15508.0,15808.0,300.0,0.0,22482.0,22482.0,0.0,0.0,3056.0,-144.32
25/01/2024,1,24770.0,82.33,20376.0,20376.0,0.0,0.0,22171.0,22171.0,0.0,0.0,15494.0,15794.0,300.0,0.0,23407.0,23407.0,0.0,0.0,3058.0,-144.32
26/01/2024,0,24765.0,83.34,20376.0,20376.0,0.0,0.0,22171.0,22171.0,0.0,0.0,15494.0,15794.0,300.0,0.0,23407.0,23407.0,0.0,0.0,3058.0,-144.32
27/01/2024,0,24765.0,83.55666666666667,20376.0,20376.0,0.0,0.0,22171.0,22171.0,0.0,0.0,15494.0,15794.0,300.0,0.0,23407.0,23407.0,0.0,0.0,3058.0,-144.32
28/01/2024,0,24765.0,83.77333333333333,20376.0,20376.0,0.0,0.0,22171.0,22171.0,0.0,0.0,15494.0,15794.0,300.0,0.0,23407.0,23407.0,0.0,0.0,3058.0,-144.32
29/01/2024,0,24715.0,83.99,20376.0,20376.0,0.0,0.0,22171.0,22171.0,0.0,0.0,15494.0,15794.0,300.0,0.0,23407.0,23407.0,0.0,0.0,3058.0,-144.32
30/01/2024,0,24575.0,84.14,20376.0,20376.0,0.0,0.0,22171.0,22171.0,0.0,0.0,15494.0,15794.0,300.0,0.0,23407.0,23407.0,0.0,0.0,3058.0,-144.32
31/01/2024,0,24595.0,82.98,20376.0,20376.0,0.0,0.0,22171.0,22171.0,0.0,0.0,15494.0,15794.0,300.0,0.0,23407.0,23407.0,0.0,0.0,3058.0,-144.32
01/02/2024,1,24580.0,82.2,20999.0,20999.0,0.0,0.0,22913.0,22913.0,0.0,0.0,16087.0,16387.0,300.0,0.0,24160.0,24160.0,0.0,0.0,3060.0,-144.32
02/02/2024,0,24500.0,79.54,20999.0,20999.0,0.0,0.0,22913.0,22913.0,0.0,0.0,16087.0,16387.0,300.0,0.0,24160.0,24160.0,0.0,0.0,3060.0,-144.32
03/02/2024,0,24500.0,79.46000000000001,20999.0,20999.0,0.0,0.0,22913.0,22913.0,0.0,0.0,16087.0,16387.0,300.0,0.0,24160.0,24160.0,0.0,0.0,3060.0,-144.32
04/02/2024,0,24500.0,79.38,20999.0,20999.0,0.0,0.0,22913.0,22913.0,0.0,0.0,16087.0,16387.0,300.0,0.0,24160.0,24160.0,0.0,0.0,3060.0,-144.32
05/02/2024,0,24540.0,79.3,20999.0,20999.0,0.0,0.0,22913.0,22913.0,0.0,0.0,16087.0,16387.0,300.0,0.0,24160.0,24160.0,0.0,0.0,3060.0,-144.32
06/02/2024,0,24530.0,80.46,20999.0,20999.0,0.0,0.0,22913.0,22913.0,0.0,0.0,16087.0,16387.0,300.0,0.0,24160.0,24160.0,0.0,0.0,3060.0,-144.32
07/02/2024,0,24570.0,81.18,20999.0,20999.0,0.0,0.0,22913.0,22913.0,0.0,0.0,16087.0,16387.0,300.0,0.0,24160.0,24160.0,0.0,0.0,3060.0,-144.32
08/02/2024,1,24570.0,83.01,20707.0,20707.0,0.0,0.0,22120.0,22120.0,0.0,0.0,15598.0,15898.0,300.0,0.0,23262.0,23262.0,0.0,0.0,3062.0,-144.32
09/02/2024,0,24570.0,83.58,20707.0,20707.0,0.0,0.0,22120.0,22120.0,0.0,0.0,15598.0,15898.0,300.0,0.0,23262.0,23262.0,0.0,0.0,3062.0,-144.32
10/02/2024,0,24570.0,83.67999999999999,20707.0,20707.0,0.0,0.0,22120.0,22120.0,0.0,0.0,15598.0,15898.0,300.0,0.0,23262.0,23262.0,0.0,0.0,3062.0,-144.32
11/02/2024,0,24570.0,83.78,20707.0,20707.0,0.0,0.0,22120.0,22120.0,0.0,0.0,15598.0,15898.0,300.0,0.0,23262.0,23262.0,0.0,0.0,3062.0,-144.32
12/02/2024,0,24570.0,83.88,20707.0,20707.0,0.0,0.0,22120.0,22120.0,0.0,0.0,15598.0,15898.0,300.0,0.0,23262.0,23262.0,0.0,0.0,3062.0,-144.32
13/02/2024,0,24570.0,84.72,20707.0,20707.0,0.0,0.0,22120.0,22120.0,0.0,0.0,15598.0,15898.0,300.0,0.0,23262.0,23262.0,0.0,0.0,3062.0,-144.32
14/02/2024,0,24570.0,84.41,20707.0,20707.0,0.0,0.0,22120.0,22120.0,0.0,0.0,15598.0,15898.0,300.0,0.0,23262.0,23262.0,0.0,0.0,3062.0,-144.32
15/02/2024,1,24610.0,84.33,21361.0,21361.0,0.0,0.0,22831.0,22831.0,0.0,0.0,15906.0,16206.0,300.0,0.0,23919.0,23919.0,0.0,0.0,3062.0,-144.32
16/02/2024,0,24680.0,84.88,21361.0,21361.0,0.0,0.0,22831.0,22831.0,0.0,0.0,15906.0,16206.0,300.0,0.0,23919.0,23919.0,0.0,0.0,3062.0,-144.32
17/02/2024,0,24680.0,85.09333333333333,21361.0,21361.0,0.0,0.0,22831.0,22831.0,0.0,0.0,15906.0,16206.0,300.0,0.0,23919.0,23919.0,0.0,0.0,3062.0,-144.32
18/02/2024,0,24680.0,85.30666666666666,21361.0,21361.0,0.0,0.0,22831.0,22831.0,0.0,0.0,15906.0,16206.0,300.0,0.0,23919.0,23919.0,0.0,0.0,3062.0,-144.32
19/02/2024,0,24700.0,85.52,21361.0,21361.0,0.0,0.0,22831.0,22831.0,0.0,0.0,15906.0,16206.0,300.0,0.0,23919.0,23919.0,0.0,0.0,3062.0,-144.32
20/02/2024,0,24700.0,84.78,21361.0,21361.0,0.0,0.0,22831.0,22831.0,0.0,0.0,15906.0,16206.0,300.0,0.0,23919.0,23919.0,0.0,0.0,3062.0,-144.32
21/02/2024,0,24680.0,84.77,21361.0,21361.0,0.0,0.0,22831.0,22831.0,0.0,0.0,15906.0,16206.0,300.0,0.0,23919.0,23919.0,0.0,0.0,3062.0,-144.32
22/02/2024,1,24760.0,85.84,20910.0,20910.0,0.0,0.0,22475.0,22475.0,0.0,0.0,15929.0,16229.0,300.0,0.0,23599.0,23599.0,0.0,0.0,3063.0,-144.32
23/02/2024,0,24790.0,84.18,20910.0,20910.0,0.0,0.0,22475.0,22475.0,0.0,0.0,15929.0,16229.0,300.0,0.0,23599.0,23599.0,0.0,0.0,3063.0,-144.32
24/02/2024,0,24790.0,84.12333333333333,20910.0,20910.0,0.0,0.0,22475.0,22475.0,0.0,0.0,15929.0,16229.0,300.0,0.0,23599.0,23599.0,0.0,0.0,3063.0,-144.32
25/02/2024,0,24790.0,84.06666666666668,20910.0,20910.0,0.0,0.0,22475.0,22475.0,0.0,0.0,15929.0,16229.0,300.0,0.0,23599.0,23599.0,0.0,0.0,3063.0,-144.32
26/02/2024,0,24840.0,84.01,20910.0,20910.0,0.0,0.0,22475.0,22475.0,0.0,0.0,15929.0,16229.0,300.0,0.0,23599.0,23599.0,0.0,0.0,3063.0,-144.32
27/02/2024,0,24800.0,83.8,20910.0,20910.0,0.0,0.0,22475.0,22475.0,0.0,0.0,15929.0,16229.0,300.0,0.0,23599.0,23599.0,0.0,0.0,3063.0,-144.32
28/02/2024,0,24790.0,84.08,20910.0,20910.0,0.0,0.0,22475.0,22475.0,0.0,0.0,15929.0,16229.0,300.0,0.0,23599.0,23599.0,0.0,0.0,3063.0,-144.32
29/02/2024,1,24820.0,84.57,20773.0,20773.0,0.0,0.0,22752.0,22752.0,0.0,0.0,15959.0,16259.0,300.0,0.0,23929.0,23929.0,0.0,0.0,3065.0,-144.32
01/03/2024,0,24810.0,84.82,20773.0,20773.0,0.0,0.0,22752.0,22752.0,0.0,0.0,15959.0,16259.0,300.0,0.0,23929.0,23929.0,0.0,0.0,3065.0,-144.32
02/03/2024,0,24810.0,85.40666666666667,20773.0,20773.0,0.0,0.0,22752.0,22752.0,0.0,0.0,15959.0,16259.0,300.0,0.0,23929.0,23929.0,0.0,0.0,3065.0,-144.32
03/03/2024,0,24810.0,85.99333333333333,20773.0,20773.0,0.0,0.0,22752.0,22752.0,0.0,0.0,15959.0,16259.0,300.0,0.0,23929.0,23929.0,0.0,0.0,3065.0,-144.32
04/03/2024,0,24840.0,86.58,20773.0,20773.0,0.0,0.0,22752.0,22752.0,0.0,0.0,15959.0,16259.0,300.0,0.0,23929.0,23929.0,0.0,0.0,3065.0,-144.32
05/03/2024,0,24850.0,85.82,20773.0,20773.0,0.0,0.0,22752.0,22752.0,0.0,0.0,15959.0,16259.0,300.0,0.0,23929.0,23929.0,0.0,0.0,3065.0,-144.32
06/03/2024,0,24860.0,86.59,20773.0,20773.0,0.0,0.0,22752.0,22752.0,0.0,0.0,15959.0,16259.0,300.0,0.0,23929.0,23929.0,0.0,0.0,3065.0,-144.32
07/03/2024,1,24870.0,84.88,20471.0,20471.0,0.0,0.0,22512.0,22512.0,0.0,0.0,16133.0,16433.0,300.0,0.0,23557.0,23557.0,0.0,0.0,3067.0,-144.32
08/03/2024,0,24840.0,84.29,20471.0,20471.0,0.0,0.0,22512.0,22512.0,0.0,0.0,16133.0,16433.0,300.0,0.0,23557.0,23557.0,0.0,0.0,3067.0,-144.32
09/03/2024,0,24840.0,84.00666666666667,20471.0,20471.0,0.0,0.0,22512.0,22512.0,0.0,0.0,16133.0,16433.0,300.0,0.0,23557.0,23557.0,0.0,0.0,3067.0,-144.32
10/03/2024,0,24840.0,83.72333333333333,20471.0,20471.0,0.0,0.0,22512.0,22512.0,0.0,0.0,16133.0,16433.0,300.0,0.0,23557.0,23557.0,0.0,0.0,3067.0,-144.32
11/03/2024,0,24790.0,83.44,20471.0,20471.0,0.0,0.0,22512.0,22512.0,0.0,0.0,16133.0,16433.0,300.0,0.0,23557.0,23557.0,0.0,0.0,3067.0,-144.32
12/03/2024,0,24800.0,83.66,20471.0,20471.0,0.0,0.0,22512.0,22512.0,0.0,0.0,16133.0,16433.0,300.0,0.0,23557.0,23557.0,0.0,0.0,3067.0,-144.32
13/03/2024,0,24820.0,83.95,20471.0,20471.0,0.0,0.0,22512.0,22512.0,0.0,0.0,16133.0,16433.0,300.0,0.0,23557.0,23557.0,0.0,0.0,3067.0,-144.32
14/03/2024,1,24870.0,86.16,20549.0,20549.0,0.0,0.0,22490.0,22490.0,0.0,0.0,16432.0,16732.0,300.0,0.0,23543.0,23543.0,0.0,0.0,3069.0,-144.32
15/03/2024,0,24890.0,85.39,20549.0,20549.0,0.0,0.0,22490.0,22490.0,0.0,0.0,16432.0,16732.0,300.0,0.0,23543.0,23543.0,0.0,0.0,3069.0,-144.32
16/03/2024,0,24890.0,85.75,20549.0,20549.0,0.0,0.0,22490.0,22490.0,0.0,0.0,16432.0,16732.0,300.0,0.0,23543.0,23543.0,0.0,0.0,3069.0,-144.32
17/03/2024,0,24890.0,86.11,20549.0,20549.0,0.0,0.0,22490.0,22490.0,0.0,0.0,16432.0,16732.0,300.0,0.0,23543.0,23543.0,0.0,0.0,3069.0,-144.32
18/03/2024,0,24880.0,86.47,20549.0,20549.0,0.0,0.0,22490.0,22490.0,0.0,0.0,16432.0,16732.0,300.0,0.0,23543.0,23543.0,0.0,0.0,3069.0,-144.32
19/03/2024,0,24910.0,87.36,20549.0,20549.0,0.0,0.0,22490.0,22490.0,0.0,0.0,16432.0,16732.0,300.0,0.0,23543.0,23543.0,0.0,0.0,3069.0,-144.32
20/03/2024,0,24950.0,85.77,20549.0,20549.0,0.0,0.0,22490.0,22490.0,0.0,0.0,16432.0,16732.0,300.0,0.0,23543.0,23543.0,0.0,0.0,3069.0,-144.32
21/03/2024,1,24950.0,84.92,21014.0,21014.0,0.0,0.0,23219.0,23219.0,0.0,0.0,17099.0,17399.0,300.0,0.0,24284.0,24284.0,0.0,0.0,3071.0,-144.32
22/03/2024,0,24950.0,84.87,21014.0,21014.0,0.0,0.0,23219.0,23219.0,0.0,0.0,17099.0,17399.0,300.0,0.0,24284.0,24284.0,0.0,0.0,3071.0,-144.32
23/03/2024,0,24950.0,85.30666666666667,21014.0,21014.0,0.0,0.0,23219.0,23219.0,0.0,0.0,17099.0,17399.0,300.0,0.0,24284.0,24284.0,0.0,0.0,3071.0,-144.32
24/03/2024,0,24950.0,85.74333333333334,21014.0,21014.0,0.0,0.0,23219.0,23219.0,0.0,0.0,17099.0,17399.0,300.0,0.0,24284.0,24284.0,0.0,0.0,3071.0,-144.32
25/03/2024,0,24930.0,86.18,21014.0,21014.0,0.0,0.0,23219.0,23219.0,0.0,0.0,17099.0,17399.0,300.0,0.0,24284.0,24284.0,0.0,0.0,3071.0,-144.32
26/03/2024,0,24950.0,85.91,21014.0,21014.0,0.0,0.0,23219.0,23219.0,0.0,0.0,17099.0,17399.0,300.0,0.0,24284.0,24284.0,0.0,0.0,3071.0,-144.32
27/03/2024,0,24950.0,84.94,21014.0,21014.0,0.0,0.0,23219.0,23219.0,0.0,0.0,17099.0,17399.0,300.0,0.0,24284.0,24284.0,0.0,0.0,3071.0,-144.32
28/03/2024,1,24950.0,86.17,20693.0,20693.0,0.0,0.0,23625.0,23625.0,0.0,0.0,17145.0,17445.0,300.0,0.0,24816.0,24816.0,0.0,0.0,3072.0,-144.32
29/03/2024,0,24970.0,86.462,20693.0,20693.0,0.0,0.0,23625.0,23625.0,0.0,0.0,17145.0,17445.0,300.0,0.0,24816.0,24816.0,0.0,0.0,3072.0,-144.32
30/03/2024,0,24970.0,86.754,20693.0,20693.0,0.0,0.0,23625.0,23625.0,0.0,0.0,17145.0,17445.0,300.0,0.0,24816.0,24816.0,0.0,0.0,3072.0,-144.32
31/03/2024,0,24970.0,87.04599999999999,20693.0,20693.0,0.0,0.0,23625.0,23625.0,0.0,0.0,17145.0,17445.0,300.0,0.0,24816.0,24816.0,0.0,0.0,3072.0,-144.32
01/04/2024,0,24970.0,87.338,20693.0,20693.0,0.0,0.0,23625.0,23625.0,0.0,0.0,17145.0,17445.0,300.0,0.0,24816.0,24816.0,0.0,0.0,3072.0,-144.32
02/04/2024,0,25050.0,87.63,20693.0,20693.0,0.0,0.0,23625.0,23625.0,0.0,0.0,17145.0,17445.0,300.0,0.0,24816.0,24816.0,0.0,0.0,3072.0,-144.32
03/04/2024,0,25130.0,90.6,20693.0,20693.0,0.0,0.0,23625.0,23625.0,0.0,0.0,17145.0,17445.0,300.0,0.0,24816.0,24816.0,0.0,0.0,3072.0,-144.32
04/04/2024,0,25110.0,90.32,20693.0,20693.0,0.0,0.0,23625.0,23625.0,0.0,0.0,17145.0,17445.0,300.0,0.0,24816.0,24816.0,0.0,0.0,3073.0,-144.32
05/04/2024,0,25120.0,92.81,20693.0,20693.0,0.0,0.0,23625.0,23625.0,0.0,0.0,17145.0,17445.0,300.0,0.0,24816.0,24816.0,0.0,0.0,3073.0,-144.32
06/04/2024,0,25120.0,92.45,20693.0,20693.0,0.0,0.0,23625.0,23625.0,0.0,0.0,17145.0,17445.0,300.0,0.0,24816.0,24816.0,0.0,0.0,3073.0,-144.32
07/04/2024,0,25120.0,92.09,20693.0,20693.0,0.0,0.0,23625.0,23625.0,0.0,0.0,17145.0,17445.0,300.0,0.0,24816.0,24816.0,0.0,0.0,3073.0,-144.32
08/04/2024,0,25130.0,91.73,20693.0,20693.0,0.0,0.0,23625.0,23625.0,0.0,0.0,17145.0,17445.0,300.0,0.0,24816.0,24816.0,0.0,0.0,3073.0,-144.32
09/04/2024,0,25130.0,92.13,20693.0,20693.0,0.0,0.0,23625.0,23625.0,0.0,0.0,17145.0,17445.0,300.0,0.0,24816.0,24816.0,0.0,0.0,3073.0,-144.32
10/04/2024,0,25130.0,91.57,20693.0,20693.0,0.0,0.0,23625.0,23625.0,0.0,0.0,17145.0,17445.0,300.0,0.0,24816.0,24816.0,0.0,0.0,3073.0,-144.32
11/04/2024,1,25170.0,91.49,21610.0,21610.0,0.0,0.0,23848.0,23848.0,0.0,0.0,17008.0,17008.0,0.0,0.0,24821.0,24821.0,0.0,0.0,3076.0,-144.32
12/04/2024,0,25180.0,93.12,21610.0,21610.0,0.0,0.0,23848.0,23848.0,0.0,0.0,17008.0,17008.0,0.0,0.0,24821.0,24821.0,0.0,0.0,3076.0,-144.32
13/04/2024,0,25180.0,92.36,21610.0,21610.0,0.0,0.0,23848.0,23848.0,0.0,0.0,17008.0,17008.0,0.0,0.0,24821.0,24821.0,0.0,0.0,3076.0,-144.32
14/04/2024,0,25180.0,91.60000000000001,21610.0,21610.0,0.0,0.0,23848.0,23848.0,0.0,0.0,17008.0,17008.0,0.0,0.0,24821.0,24821.0,0.0,0.0,3076.0,-144.32
15/04/2024,0,25300.0,90.84,21610.0,21610.0,0.0,0.0,23848.0,23848.0,0.0,0.0,17008.0,17008.0,0.0,0.0,24821.0,24821.0,0.0,0.0,3076.0,-144.32
16/04/2024,0,25348.0,91.29,21610.0,21610.0,0.0,0.0,23848.0,23848.0,0.0,0.0,17008.0,17008.0,0.0,0.0,24821.0,24821.0,0.0,0.0,3076.0,-144.32
17/04/2024,1,25440.0,89.54,21446.0,21446.0,0.0,0.0,24226.0,24226.0,0.0,0.0,17206.0,17206.0,0.0,0.0,25237.0,25237.0,0.0,0.0,3077.0,-144.32
18/04/2024,0,25440.0,88.34,21446.0,21446.0,0.0,0.0,24226.0,24226.0,0.0,0.0,17206.0,17206.0,0.0,0.0,25237.0,25237.0,0.0,0.0,3077.0,-144.32
19/04/2024,0,25473.0,87.96,21446.0,21446.0,0.0,0.0,24226.0,24226.0,0.0,0.0,17206.0,17206.0,0.0,0.0,25237.0,25237.0,0.0,0.0,3077.0,-144.32
20/04/2024,0,25473.0,87.74,21446.0,21446.0,0.0,0.0,24226.0,24226.0,0.0,0.0,17206.0,17206.0,0.0,0.0,25237.0,25237.0,0.0,0.0,3077.0,-144.32
21/04/2024,0,25473.0,87.52,21446.0,21446.0,0.0,0.0,24226.0,24226.0,0.0,0.0,17206.0,17206.0,0.0,0.0,25237.0,25237.0,0.0,0.0,3077.0,-144.32
22/04/2024,0,25485.0,87.3,21446.0,21446.0,0.0,0.0,24226.0,24226.0,0.0,0.0,17206.0,17206.0,0.0,0.0,25237.0,25237.0,0.0,0.0,3077.0,-144.32
23/04/2024,0,25488.0,88.29,21446.0,21446.0,0.0,0.0,24226.0,24226.0,0.0,0.0,17206.0,17206.0,0.0,0.0,25237.0,25237.0,0.0,0.0,3077.0,-144.32
24/04/2024,0,25487.0,89.02,21446.0,21446.0,0.0,0.0,24226.0,24226.0,0.0,0.0,17206.0,17206.0,0.0,0.0,25237.0,25237.0,0.0,0.0,3077.0,-144.32
25/04/2024,1,25477.0,88.1,20716.0,20716.0,0.0,0.0,23919.0,23919.0,0.0,0.0,17408.0,17408.0,0.0,0.0,24915.0,24915.0,0.0,0.0,3077.0,-144.32
26/04/2024,0,25458.0,89.95,20716.0,20716.0,0.0,0.0,23919.0,23919.0,0.0,0.0,17408.0,17408.0,0.0,0.0,24915.0,24915.0,0.0,0.0,3077.0,-144.32
27/04/2024,0,25458.0,89.44666666666667,20716.0,20716.0,0.0,0.0,23919.0,23919.0,0.0,0.0,17408.0,17408.0,0.0,0.0,24915.0,24915.0,0.0,0.0,3077.0,-144.32
28/04/2024,0,25458.0,88.94333333333333,20716.0,20716.0,0.0,0.0,23919.0,23919.0,0.0,0.0,17408.0,17408.0,0.0,0.0,24915.0,24915.0,0.0,0.0,3077.0,-144.32
29/04/2024,0,25458.0,88.44,20716.0,20716.0,0.0,0.0,23919.0,23919.0,0.0,0.0,17408.0,17408.0,0.0,0.0,24915.0,24915.0,0.0,0.0,3077.0,-144.32
30/04/2024,0,25458.0,88.23,20716.0,20716.0,0.0,0.0,23919.0,23919.0,0.0,0.0,17408.0,17408.0,0.0,0.0,24915.0,24915.0,0.0,0.0,3077.0,-144.32
01/05/2024,0,25458.0,83.55,20716.0,20716.0,0.0,0.0,23919.0,23919.0,0.0,0.0,17408.0,17408.0,0.0,0.0,24915.0,24915.0,0.0,0.0,3077.0,-144.32
02/05/2024,1,25454.0,84.81,20606.0,20606.0,0.0,0.0,23911.0,23911.0,0.0,0.0,17663.0,17663.0,0.0,0.0,24955.0,24955.0,0.0,0.0,3077.0,-144.32
03/05/2024,0,25453.0,83.6,20606.0,20606.0,0.0,0.0,23911.0,23911.0,0.0,0.0,17663.0,17663.0,0.0,0.0,24955.0,24955.0,0.0,0.0,3077.0,-144.32
04/05/2024,0,25457.0,83.3725,20606.0,20606.0,0.0,0.0,23911.0,23911.0,0.0,0.0,17663.0,17663.0,0.0,0.0,24955.0,24955.0,0.0,0.0,3077.0,-144.32
05/05/2024,0,25457.0,83.145,20606.0,20606.0,0.0,0.0,23911.0,23911.0,0.0,0.0,17663.0,17663.0,0.0,0.0,24955.0,24955.0,0.0,0.0,3077.0,-144.32
06/05/2024,0,25457.0,82.91749999999999,20606.0,20606.0,0.0,0.0,23911.0,23911.0,0.0,0.0,17663.0,17663.0,0.0,0.0,24955.0,24955.0,0.0,0.0,3077.0,-144.32
07/05/2024,0,25455.0,82.69,20606.0,20606.0,0.0,0.0,23911.0,23911.0,0.0,0.0,17663.0,17663.0,0.0,0.0,24955.0,24955.0,0.0,0.0,3077.0,-144.32
08/05/2024,0,25461.0,82.44,20606.0,20606.0,0.0,0.0,23911.0,23911.0,0.0,0.0,17663.0,17663.0,0.0,0.0,24955.0,24955.0,0.0,0.0,3077.0,-144.32
09/05/2024,1,25478.0,83.27,19847.0,19847.0,0.0,0.0,22623.0,22623.0,0.0,0.0,17503.0,17503.0,0.0,0.0,23544.0,23544.0,0.0,0.0,3077.0,-144.32
10/05/2024,0,25484.0,83.39,19847.0,19847.0,0.0,0.0,22623.0,22623.0,0.0,0.0,17503.0,17503.0,0.0,0.0,23544.0,23544.0,0.0,0.0,3077.0,-144.32
11/05/2024,0,25484.0,83.32000000000001,19847.0,19847.0,0.0,0.0,22623.0,22623.0,0.0,0.0,17503.0,17503.0,0.0,0.0,23544.0,23544.0,0.0,0.0,3077.0,-144.32
12/05/2024,0,25484.0,83.25,19847.0,19847.0,0.0,0.0,22623.0,22623.0,0.0,0.0,17503.0,17503.0,0.0,0.0,23544.0,23544.0,0.0,0.0,3077.0,-144.32
13/05/2024,0,25479.0,83.18,19847.0,19847.0,0.0,0.0,22623.0,22623.0,0.0,0.0,17503.0,17503.0,0.0,0.0,23544.0,23544.0,0.0,0.0,3077.0,-144.32
14/05/2024,0,25482.0,81.0,19847.0,19847.0,0.0,0.0,22623.0,22623.0,0.0,0.0,17503.0,17503.0,0.0,0.0,23544.0,23544.0,0.0,0.0,3077.0,-144.32
15/05/2024,0,25482.0,79.98,19847.0,19847.0,0.0,0.0,22623.0,22623.0,0.0,0.0,17503.0,17503.0,0.0,0.0,23544.0,23544.0,0.0,0.0,3077.0,-144.32
16/05/2024,1,25452.0,81.65,19873.0,19873.0,0.0,0.0,22115.0,22115.0,0.0,0.0,17418.0,17418.0,0.0,0.0,23135.0,23135.0,0.0,0.0,3077.0,-144.32
17/05/2024,0,25450.0,82.24,19873.0,19873.0,0.0,0.0,22115.0,22115.0,0.0,0.0,17418.0,17418.0,0.0,0.0,23135.0,23135.0,0.0,0.0,3077.0,-144.32
18/05/2024,0,25450.0,82.13,19873.0,19873.0,0.0,0.0,22115.0,22115.0,0.0,0.0,17418.0,17418.0,0.0,0.0,23135.0,23135.0,0.0,0.0,3077.0,-144.32
19/05/2024,0,25450.0,82.02,19873.0,19873.0,0.0,0.0,22115.0,22115.0,0.0,0.0,17418.0,17418.0,0.0,0.0,23135.0,23135.0,0.0,0.0,3077.0,-144.32
20/05/2024,0,25459.0,81.91,19873.0,19873.0,0.0,0.0,22115.0,22115.0,0.0,0.0,17418.0,17418.0,0.0,0.0,23135.0,23135.0,0.0,0.0,3077.0,-144.32
21/05/2024,0,25463.0,81.22,19873.0,19873.0,0.0,0.0,22115.0,22115.0,0.0,0.0,17418.0,17418.0,0.0,0.0,23135.0,23135.0,0.0,0.0,3077.0,-144.32
22/05/2024,0,25466.0,79.9,19873.0,19873.0,0.0,0.0,22115.0,22115.0,0.0,0.0,17418.0,17418.0,0.0,0.0,23135.0,23135.0,0.0,0.0,3077.0,-144.32
23/05/2024,1,25470.0,79.25,19837.0,19837.0,0.0,0.0,22277.0,22277.0,0.0,0.0,17513.0,17513.0,0.0,0.0,23213.0,23213.0,0.0,0.0,3077.0,-144.32
24/05/2024,0,25477.0,78.92,19837.0,19837.0,0.0,0.0,22277.0,22277.0,0.0,0.0,17513.0,17513.0,0.0,0.0,23213.0,23213.0,0.0,0.0,3077.0,-144.32
25/05/2024,0,25477.0,79.525,19837.0,19837.0,0.0,0.0,22277.0,22277.0,0.0,0.0,17513.0,17513.0,0.0,0.0,23213.0,23213.0,0.0,0.0,3077.0,-144.32
26/05/2024,0,25477.0,80.13,19837.0,19837.0,0.0,0.0,22277.0,22277.0,0.0,0.0,17513.0,17513.0,0.0,0.0,23213.0,23213.0,0.0,0.0,3077.0,-144.32
27/05/2024,0,25481.0,80.735,19837.0,19837.0,0.0,0.0,22277.0,22277.0,0.0,0.0,17513.0,17513.0,0.0,0.0,23213.0,23213.0,0.0,0.0,3077.0,-144.32
28/05/2024,0,25468.0,81.34,19837.0,19837.0,0.0,0.0,22277.0,22277.0,0.0,0.0,17513.0,17513.0,0.0,0.0,23213.0,23213.0,0.0,0.0,3077.0,-144.32
29/05/2024,0,25465.0,81.5,19837.0,19837.0,0.0,0.0,22277.0,22277.0,0.0,0.0,17513.0,17513.0,0.0,0.0,23213.0,23213.0,0.0,0.0,3077.0,-144.32
30/05/2024,1,25470.0,81.42,19747.0,19747.0,0.0,0.0,21759.0,21759.0,0.0,0.0,17538.0,17538.0,0.0,0.0,22519.0,22519.0,0.0,0.0,3077.0,-138.42
31/05/2024,0,25474.0,79.41,19747.0,19747.0,0.0,0.0,21759.0,21759.0,0.0,0.0,17538.0,17538.0,0.0,0.0,22519.0,22519.0,0.0,0.0,3077.0,-138.42
01/06/2024,0,25474.0,78.42333333333333,19747.0,19747.0,0.0,0.0,21759.0,21759.0,0.0,0.0,17538.0,17538.0,0.0,0.0,22519.0,22519.0,0.0,0.0,3077.0,-138.42
02/06/2024,0,25474.0,77.43666666666667,19747.0,19747.0,0.0,0.0,21759.0,21759.0,0.0,0.0,17538.0,17538.0,0.0,0.0,22519.0,22519.0,0.0,0.0,3077.0,-138.42
03/06/2024,0,25474.0,76.45,19747.0,19747.0,0.0,0.0,21759.0,21759.0,0.0,0.0,17538.0,17538.0,0.0,0.0,22519.0,22519.0,0.0,0.0,3077.0,-138.42
04/06/2024,0,25458.0,75.33,19747.0,19747.0,0.0,0.0,21759.0,21759.0,0.0,0.0,17538.0,17538.0,0.0,0.0,22519.0,22519.0,0.0,0.0,3077.0,-138.42
05/06/2024,0,25453.0,75.41,19747.0,19747.0,0.0,0.0,21759.0,21759.0,0.0,0.0,17538.0,17538.0,0.0,0.0,22519.0,22519.0,0.0,0.0,3077.0,-138.42
06/06/2024,1,25453.0,77.62,19422.0,19422.0,0.0,0.0,21141.0,21141.0,0.0,0.0,17285.0,17285.0,0.0,0.0,21977.0,21977.0,0.0,0.0,3077.0,-138.42
07/06/2024,0,25453.0,78.12,19422.0,19422.0,0.0,0.0,21141.0,21141.0,0.0,0.0,17285.0,17285.0,0.0,0.0,21977.0,21977.0,0.0,0.0,3077.0,-138.42
08/06/2024,0,25453.0,78.61,19422.0,19422.0,0.0,0.0,21141.0,21141.0,0.0,0.0,17285.0,17285.0,0.0,0.0,21977.0,21977.0,0.0,0.0,3077.0,-138.42
09/06/2024,0,25453.0,79.10000000000001,19422.0,19422.0,0.0,0.0,21141.0,21141.0,0.0,0.0,17285.0,17285.0,0.0,0.0,21977.0,21977.0,0.0,0.0,3077.0,-138.42
10/06/2024,0,25454.0,79.59,19422.0,19422.0,0.0,0.0,21141.0,21141.0,0.0,0.0,17285.0,17285.0,0.0,0.0,21977.0,21977.0,0.0,0.0,3077.0,-138.42
11/06/2024,0,25462.0,80.15,19422.0,19422.0,0.0,0.0,21141.0,21141.0,0.0,0.0,17285.0,17285.0,0.0,0.0,21977.0,21977.0,0.0,0.0,3077.0,-138.42
12/06/2024,0,25466.0,80.52,19422.0,19422.0,0.0,0.0,21141.0,21141.0,0.0,0.0,17285.0,17285.0,0.0,0.0,21977.0,21977.0,0.0,0.0,3077.0,-138.42
13/06/2024,1,25457.0,81.44,19640.0,19640.0,0.0,0.0,21310.0,21310.0,0.0,0.0,16889.0,16889.0,0.0,0.0,22235.0,22235.0,0.0,0.0,3077.0,-138.42
14/06/2024,0,25461.0,81.49,19640.0,19640.0,0.0,0.0,21310.0,21310.0,0.0,0.0,16889.0,16889.0,0.0,0.0,22235.0,22235.0,0.0,0.0,3077.0,-138.42
15/06/2024,0,25461.0,81.81,19640.0,19640.0,0.0,0.0,21310.0,21310.0,0.0,0.0,16889.0,16889.0,0.0,0.0,22235.0,22235.0,0.0,0.0,3077.0,-138.42
16/06/2024,0,25461.0,82.13,19640.0,19640.0,0.0,0.0,21310.0,21310.0,0.0,0.0,16889.0,16889.0,0.0,0.0,22235.0,22235.0,0.0,0.0,3077.0,-138.42
17/06/2024,0,25471.0,82.45,19640.0,19640.0,0.0,0.0,21310.0,21310.0,0.0,0.0,16889.0,16889.0,0.0,0.0,22235.0,22235.0,0.0,0.0,3077.0,-138.42
18/06/2024,0,25471.0,84.79,19640.0,19640.0,0.0,0.0,21310.0,21310.0,0.0,0.0,16889.0,16889.0,0.0,0.0,22235.0,22235.0,0.0,0.0,3077.0,-138.42
19/06/2024,0,25469.0,85.64,19640.0,19640.0,0.0,0.0,21310.0,21310.0,0.0,0.0,16889.0,16889.0,0.0,0.0,22235.0,22235.0,0.0,0.0,3077.0,-138.42
20/06/2024,1,25467.0,85.92,20360.0,20360.0,0.0,0.0,21508.0,21508.0,0.0,0.0,17223.0,17223.0,0.0,0.0,22466.0,22466.0,0.0,0.0,3077.0,-138.42
21/06/2024,0,25468.0,86.42,20360.0,20360.0,0.0,0.0,21508.0,21508.0,0.0,0.0,17223.0,17223.0,0.0,0.0,22466.0,22466.0,0.0,0.0,3077.0,-138.42
22/06/2024,0,25468.0,86.53,20360.0,20360.0,0.0,0.0,21508.0,21508.0,0.0,0.0,17223.0,17223.0,0.0,0.0,22466.0,22466.0,0.0,0.0,3077.0,-138.42
23/06/2024,0,25468.0,86.64,20360.0,20360.0,0.0,0.0,21508.0,21508.0,0.0,0.0,17223.0,17223.0,0.0,0.0,22466.0,22466.0,0.0,0.0,3077.0,-138.42
24/06/2024,0,25475.0,86.75,20360.0,20360.0,0.0,0.0,21508.0,21508.0,0.0,0.0,17223.0,17223.0,0.0,0.0,22466.0,22466.0,0.0,0.0,3077.0,-138.42
25/06/2024,0,25465.0,86.81,20360.0,20360.0,0.0,0.0,21508.0,21508.0,0.0,0.0,17223.0,17223.0,0.0,0.0,22466.0,22466.0,0.0,0.0,3077.0,-138.42
26/06/2024,0,25470.0,85.76,20360.0,20360.0,0.0,0.0,21508.0,21508.0,0.0,0.0,17223.0,17223.0,0.0,0.0,22466.0,22466.0,0.0,0.0,3077.0,-138.42
27/06/2024,1,25477.0,87.0,20689.0,20689.0,0.0,0.0,22014.0,22014.0,0.0,0.0,17446.0,17446.0,0.0,0.0,23010.0,23010.0,0.0,0.0,3077.0,-138.42
28/06/2024,0,25473.0,87.26,20689.0,20689.0,0.0,0.0,22014.0,22014.0,0.0,0.0,17446.0,17446.0,0.0,0.0,23010.0,23010.0,0.0,0.0,3077.0,-138.42
29/06/2024,0,25473.0,87.03,20689.0,20689.0,0.0,0.0,22014.0,22014.0,0.0,0.0,17446.0,17446.0,0.0,0.0,23010.0,23010.0,0.0,0.0,3077.0,-138.42
30/06/2024,0,25473.0,86.8,20689.0,20689.0,0.0,0.0,22014.0,22014.0,0.0,0.0,17446.0,17446.0,0.0,0.0,23010.0,23010.0,0.0,0.0,3077.0,-138.42
01/07/2024,0,25464.0,86.57,20689.0,20689.0,0.0,0.0,22014.0,22014.0,0.0,0.0,17446.0,17446.0,0.0,0.0,23010.0,23010.0,0.0,0.0,3077.0,-138.42
02/07/2024,0,25465.0,88.28,20689.0,20689.0,0.0,0.0,22014.0,22014.0,0.0,0.0,17446.0,17446.0,0.0,0.0,23010.0,23010.0,0.0,0.0,3077.0,-138.42
03/07/2024,0,25470.0,88.25,20689.0,20689.0,0.0,0.0,22014.0,22014.0,0.0,0.0,17446.0,17446.0,0.0,0.0,23010.0,23010.0,0.0,0.0,3077.0,-138.42
04/07/2024,1,25463.0,88.34,21176.0,21176.0,0.0,0.0,22461.0,22461.0,0.0,0.0,17534.0,17534.0,0.0,0.0,23552.0,23552.0,0.0,0.0,3078.0,-138.42
05/07/2024,0,25458.0,88.66,21176.0,21176.0,0.0,0.0,22461.0,22461.0,0.0,0.0,17534.0,17534.0,0.0,0.0,23552.0,23552.0,0.0,0.0,3078.0,-138.42
06/07/2024,0,25458.0,88.15666666666667,21176.0,21176.0,0.0,0.0,22461.0,22461.0,0.0,0.0,17534.0,17534.0,0.0,0.0,23552.0,23552.0,0.0,0.0,3078.0,-138.42
07/07/2024,0,25458.0,87.65333333333334,21176.0,21176.0,0.0,0.0,22461.0,22461.0,0.0,0.0,17534.0,17534.0,0.0,0.0,23552.0,23552.0,0.0,0.0,3078.0,-138.42
08/07/2024,0,25455.0,87.15,21176.0,21176.0,0.0,0.0,22461.0,22461.0,0.0,0.0,17534.0,17534.0,0.0,0.0,23552.0,23552.0,0.0,0.0,3078.0,-138.42
09/07/2024,0,25454.0,86.48,21176.0,21176.0,0.0,0.0,22461.0,22461.0,0.0,0.0,17534.0,17534.0,0.0,0.0,23552.0,23552.0,0.0,0.0,3078.0,-138.42
10/07/2024,0,25459.0,86.55,21176.0,21176.0,0.0,0.0,22461.0,22461.0,0.0,0.0,17534.0,17534.0,0.0,0.0,23552.0,23552.0,0.0,0.0,3078.0,-138.42
11/07/2024,1,25465.0,86.49,20834.0,20834.0,0.0,0.0,22282.0,22282.0,0.0,0.0,17784.0,17784.0,0.0,0.0,23294.0,23294.0,0.0,0.0,3078.0,-138.42
12/07/2024,0,25460.0,87.35,20834.0,20834.0,0.0,0.0,22282.0,22282.0,0.0,0.0,17784.0,17784.0,0.0,0.0,23294.0,23294.0,0.0,0.0,3078.0,-138.42
13/07/2024,0,25460.0,87.03999999999999,20834.0,20834.0,0.0,0.0,22282.0,22282.0,0.0,0.0,17784.0,17784.0,0.0,0.0,23294.0,23294.0,0.0,0.0,3078.0,-138.42
14/07/2024,0,25460.0,86.73,20834.0,20834.0,0.0,0.0,22282.0,22282.0,0.0,0.0,17784.0,17784.0,0.0,0.0,23294.0,23294.0,0.0,0.0,3078.0,-138.42
15/07/2024,0,25457.0,86.42,20834.0,20834.0,0.0,0.0,22282.0,22282.0,0.0,0.0,17784.0,17784.0,0.0,0.0,23294.0,23294.0,0.0,0.0,3078.0,-138.42
16/07/2024,0,25457.0,86.6,20834.0,20834.0,0.0,0.0,22282.0,22282.0,0.0,0.0,17784.0,17784.0,0.0,0.0,23294.0,23294.0,0.0,0.0,3078.0,-138.42
17/07/2024,0,25468.0,85.76,20834.0,20834.0,0.0,0.0,22282.0,22282.0,0.0,0.0,17784.0,17784.0,0.0,0.0,23294.0,23294.0,0.0,0.0,3078.0,-138.42
18/07/2024,1,25450.0,86.26,20504.0,20504.0,0.0,0.0,22174.0,22174.0,0.0,0.0,17611.0,17611.0,0.0,0.0,23178.0,23178.0,0.0,0.0,3078.0,-138.42
19/07/2024,0,25458.0,85.19,20504.0,20504.0,0.0,0.0,22174.0,22174.0,0.0,0.0,17611.0,17611.0,0.0,0.0,23178.0,23178.0,0.0,0.0,3078.0,-138.42
20/07/2024,0,25458.0,84.60666666666667,20504.0,20504.0,0.0,0.0,22174.0,22174.0,0.0,0.0,17611.0,17611.0,0.0,0.0,23178.0,23178.0,0.0,0.0,3078.0,-138.42
21/07/2024,0,25458.0,84.02333333333333,20504.0,20504.0,0.0,0.0,22174.0,22174.0,0.0,0.0,17611.0,17611.0,0.0,0.0,23178.0,23178.0,0.0,0.0,3078.0,-138.42
22/07/2024,0,25474.0,83.44,20504.0,20504.0,0.0,0.0,22174.0,22174.0,0.0,0.0,17611.0,17611.0,0.0,0.0,23178.0,23178.0,0.0,0.0,3078.0,-138.42
23/07/2024,0,25477.0,82.2,20504.0,20504.0,0.0,0.0,22174.0,22174.0,0.0,0.0,17611.0,17611.0,0.0,0.0,23178.0,23178.0,0.0,0.0,3078.0,-138.42
24/07/2024,0,25477.0,83.01,20504.0,20504.0,0.0,0.0,22174.0,22174.0,0.0,0.0,17611.0,17611.0,0.0,0.0,23178.0,23178.0,0.0,0.0,3078.0,-138.42
25/07/2024,1,25460.0,82.58,20194.0,20194.0,0.0,0.0,21900.0,21900.0,0.0,0.0,17178.0,17178.0,0.0,0.0,22884.0,22884.0,0.0,0.0,472.0,-138.42
26/07/2024,0,25461.0,81.35,20194.0,20194.0,0.0,0.0,21900.0,21900.0,0.0,0.0,17178.0,17178.0,0.0,0.0,22884.0,22884.0,0.0,0.0,472.0,-138.42
27/07/2024,0,25461.0,81.21333333333332,20194.0,20194.0,0.0,0.0,21900.0,21900.0,0.0,0.0,17178.0,17178.0,0.0,0.0,22884.0,22884.0,0.0,0.0,472.0,-138.42
28/07/2024,0,25461.0,81.07666666666667,20194.0,20194.0,0.0,0.0,21900.0,21900.0,0.0,0.0,17178.0,17178.0,0.0,0.0,22884.0,22884.0,0.0,0.0,472.0,-138.42
29/07/2024,0,25455.0,80.94,20194.0,20194.0,0.0,0.0,21900.0,21900.0,0.0,0.0,17178.0,17178.0,0.0,0.0,22884.0,22884.0,0.0,0.0,472.0,-138.42
30/07/2024,0,25460.0,79.26,20194.0,20194.0,0.0,0.0,21900.0,21900.0,0.0,0.0,17178.0,17178.0,0.0,0.0,22884.0,22884.0,0.0,0.0,472.0,-138.42
31/07/2024,0,25420.0,81.39,20194.0,20194.0,0.0,0.0,21900.0,21900.0,0.0,0.0,17178.0,17178.0,0.0,0.0,22884.0,22884.0,0.0,0.0,472.0,-138.42
01/08/2024,1,25400.0,81.37,19878.0,19878.0,0.0,0.0,21616.0,21616.0,0.0,0.0,16886.0,16886.0,0.0,0.0,22603.0,22603.0,0.0,0.0,472.0,-138.42
02/08/2024,0,25380.0,78.35,19878.0,19878.0,0.0,0.0,21616.0,21616.0,0.0,0.0,16886.0,16886.0,0.0,0.0,22603.0,22603.0,0.0,0.0,472.0,-138.42
03/08/2024,0,25380.0,78.07,19878.0,19878.0,0.0,0.0,21616.0,21616.0,0.0,0.0,16886.0,16886.0,0.0,0.0,22603.0,22603.0,0.0,0.0,472.0,-138.42
04/08/2024,0,25380.0,77.79,19878.0,19878.0,0.0,0.0,21616.0,21616.0,0.0,0.0,16886.0,16886.0,0.0,0.0,22603.0,22603.0,0.0,0.0,472.0,-138.42
05/08/2024,0,25270.0,77.51,19878.0,19878.0,0.0,0.0,21616.0,21616.0,0.0,0.0,16886.0,16886.0,0.0,0.0,22603.0,22603.0,0.0,0.0,472.0,-138.42
06/08/2024,0,25320.0,76.62,19878.0,19878.0,0.0,0.0,21616.0,21616.0,0.0,0.0,16886.0,16886.0,0.0,0.0,22603.0,22603.0,0.0,0.0,472.0,-138.42
07/08/2024,0,25335.0,78.26,19878.0,19878.0,0.0,0.0,21616.0,21616.0,0.0,0.0,16886.0,16886.0,0.0,0.0,22603.0,22603.0,0.0,0.0,472.0,-138.42
08/08/2024,1,25320.0,80.76,19141.0,19141.0,0.0,0.0,20715.0,20715.0,0.0,0.0,16028.0,16028.0,0.0,0.0,21673.0,21673.0,0.0,0.0,472.0,-138.42
09/08/2024,0,25270.0,81.07,19141.0,19141.0,0.0,0.0,20715.0,20715.0,0.0,0.0,16028.0,16028.0,0.0,0.0,21673.0,21673.0,0.0,0.0,472.0,-138.42
10/08/2024,0,25270.0,81.73333333333333,19141.0,19141.0,0.0,0.0,20715.0,20715.0,0.0,0.0,16028.0,16028.0,0.0,0.0,21673.0,21673.0,0.0,0.0,472.0,-138.42
11/08/2024,0,25270.0,82.39666666666666,19141.0,19141.0,0.0,0.0,20715.0,20715.0,0.0,0.0,16028.0,16028.0,0.0,0.0,21673.0,21673.0,0.0,0.0,472.0,-138.42
12/08/2024,0,25280.0,83.06,19141.0,19141.0,0.0,0.0,20715.0,20715.0,0.0,0.0,16028.0,16028.0,0.0,0.0,21673.0,21673.0,0.0,0.0,472.0,-138.42
13/08/2024,0,25290.0,82.51,19141.0,19141.0,0.0,0.0,20715.0,20715.0,0.0,0.0,16028.0,16028.0,0.0,0.0,21673.0,21673.0,0.0,0.0,472.0,-138.42
14/08/2024,0,25190.0,82.15,19141.0,19141.0,0.0,0.0,20715.0,20715.0,0.0,0.0,16028.0,16028.0,0.0,0.0,21673.0,21673.0,0.0,0.0,472.0,-138.42
15/08/2024,1,25210.0,83.09,19230.0,19230.0,0.0,0.0,20882.0,20882.0,0.0,0.0,16245.0,16245.0,0.0,0.0,21852.0,21852.0,0.0,0.0,472.0,-138.42
16/08/2024,0,25230.0,81.56,19230.0,19230.0,0.0,0.0,20882.0,20882.0,0.0,0.0,16245.0,16245.0,0.0,0.0,21852.0,21852.0,0.0,0.0,472.0,-138.42
17/08/2024,0,25230.0,81.40333333333334,19230.0,19230.0,0.0,0.0,20882.0,20882.0,0.0,0.0,16245.0,16245.0,0.0,0.0,21852.0,21852.0,0.0,0.0,472.0,-138.42
18/08/2024,0,25230.0,81.24666666666667,19230.0,19230.0,0.0,0.0,20882.0,20882.0,0.0,0.0,16245.0,16245.0,0.0,0.0,21852.0,21852.0,0.0,0.0,472.0,-138.42
19/08/2024,0,25160.0,81.09,19230.0,19230.0,0.0,0.0,20882.0,20882.0,0.0,0.0,16245.0,16245.0,0.0,0.0,21852.0,21852.0,0.0,0.0,472.0,-138.42
20/08/2024,0,25080.0,78.85,19230.0,19230.0,0.0,0.0,20882.0,20882.0,0.0,0.0,16245.0,16245.0,0.0,0.0,21852.0,21852.0,0.0,0.0,472.0,-138.42
21/08/2024,0,25100.0,78.77,19230.0,19230.0,0.0,0.0,20882.0,20882.0,0.0,0.0,16245.0,16245.0,0.0,0.0,21852.0,21852.0,0.0,0.0,472.0,-138.42
22/08/2024,1,25120.0,78.8,18776.0,18776.0,0.0,0.0,20424.0,20424.0,0.0,0.0,15756.0,15756.0,0.0,0.0,21317.0,21317.0,0.0,0.0,472.0,-138.42
23/08/2024,0,25150.0,80.34,18776.0,18776.0,0.0,0.0,20424.0,20424.0,0.0,0.0,15756.0,15756.0,0.0,0.0,21317.0,21317.0,0.0,0.0,472.0,-138.42
24/08/2024,0,25150.0,80.63250000000001,18776.0,18776.0,0.0,0.0,20424.0,20424.0,0.0,0.0,15756.0,15756.0,0.0,0.0,21317.0,21317.0,0.0,0.0,472.0,-138.42
25/08/2024,0,25150.0,80.92500000000001,18776.0,18776.0,0.0,0.0,20424.0,20424.0,0.0,0.0,15756.0,15756.0,0.0,0.0,21317.0,21317.0,0.0,0.0,472.0,-138.42
26/08/2024,0,25050.0,81.2175,18776.0,18776.0,0.0,0.0,20424.0,20424.0,0.0,0.0,15756.0,15756.0,0.0,0.0,21317.0,21317.0,0.0,0.0,472.0,-138.42
27/08/2024,0,25000.0,81.51,18776.0,18776.0,0.0,0.0,20424.0,20424.0,0.0,0.0,15756.0,15756.0,0.0,0.0,21317.0,21317.0,0.0,0.0,472.0,-138.42
28/08/2024,0,25020.0,80.04,18776.0,18776.0,0.0,0.0,20424.0,20424.0,0.0,0.0,15756.0,15756.0,0.0,0.0,21317.0,21317.0,0.0,0.0,472.0,-138.42
29/08/2024,0,25030.0,81.55,18776.0,18776.0,0.0,0.0,20424.0,20424.0,0.0,0.0,15756.0,15756.0,0.0,0.0,21317.0,21317.0,0.0,0.0,472.0,-138.42
30/08/2024,0,25030.0,80.2,18776.0,18776.0,0.0,0.0,20424.0,20424.0,0.0,0.0,15756.0,15756.0,0.0,0.0,21317.0,21317.0,0.0,0.0,472.0,-138.42
31/08/2024,0,25030.0,79.40666666666667,18776.0,18776.0,0.0,0.0,20424.0,20424.0,0.0,0.0,15756.0,15756.0,0.0,0.0,21317.0,21317.0,0.0,0.0,472.0,-138.42
01/09/2024,0,25030.0,78.61333333333333,18776.0,18776.0,0.0,0.0,20424.0,20424.0,0.0,0.0,15756.0,15756.0,0.0,0.0,21317.0,21317.0,0.0,0.0,472.0,-138.42
02/09/2024,0,25030.0,77.82,18776.0,18776.0,0.0,0.0,20424.0,20424.0,0.0,0.0,15756.0,15756.0,0.0,0.0,21317.0,21317.0,0.0,0.0,472.0,-138.42
03/09/2024,0,25030.0,76.46,18776.0,18776.0,0.0,0.0,20424.0,20424.0,0.0,0.0,15756.0,15756.0,0.0,0.0,21317.0,21317.0,0.0,0.0,472.0,-138.42
04/09/2024,0,25015.0,74.67,18776.0,18776.0,0.0,0.0,20424.0,20424.0,0.0,0.0,15756.0,15756.0,0.0,0.0,21317.0,21317.0,0.0,0.0,472.0,-138.42
05/09/2024,0,24920.0,74.47,18776.0,18776.0,0.0,0.0,20424.0,20424.0,0.0,0.0,15756.0,15756.0,0.0,0.0,21317.0,21317.0,0.0,0.0,472.0,-138.42
06/09/2024,0,24770.0,72.82,18776.0,18776.0,0.0,0.0,20424.0,20424.0,0.0,0.0,15756.0,15756.0,0.0,0.0,21317.0,21317.0,0.0,0.0,472.0,-138.42
07/09/2024,0,24770.0,72.67,18776.0,18776.0,0.0,0.0,20424.0,20424.0,0.0,0.0,15756.0,15756.0,0.0,0.0,21317.0,21317.0,0.0,0.0,472.0,-138.42
08/09/2024,0,24770.0,72.52,18776.0,18776.0,0.0,0.0,20424.0,20424.0,0.0,0.0,15756.0,15756.0,0.0,0.0,21317.0,21317.0,0.0,0.0,472.0,-138.42
09/09/2024,0,24840.0,72.37,18776.0,18776.0,0.0,0.0,20424.0,20424.0,0.0,0.0,15756.0,15756.0,0.0,0.0,21317.0,21317.0,0.0,0.0,472.0,-138.42
10/09/2024,0,24830.0,70.34,18776.0,18776.0,0.0,0.0,20424.0,20424.0,0.0,0.0,15756.0,15756.0,0.0,0.0,21317.0,21317.0,0.0,0.0,472.0,-138.42
11/09/2024,0,24725.0,70.31,18776.0,18776.0,0.0,0.0,20424.0,20424.0,0.0,0.0,15756.0,15756.0,0.0,0.0,21317.0,21317.0,0.0,0.0,472.0,-138.42
12/09/2024,1,24750.0,73.81,17165.0,17165.0,0.0,0.0,18890.0,18890.0,0.0,0.0,14467.0,14467.0,0.0,0.0,19635.0,19635.0,0.0,0.0,472.0,-138.42
13/09/2024,0,24730.0,73.68,17165.0,17165.0,0.0,0.0,18890.0,18890.0,0.0,0.0,14467.0,14467.0,0.0,0.0,19635.0,19635.0,0.0,0.0,472.0,-138.42
14/09/2024,0,24730.0,73.77333333333334,17165.0,17165.0,0.0,0.0,18890.0,18890.0,0.0,0.0,14467.0,14467.0,0.0,0.0,19635.0,19635.0,0.0,0.0,472.0,-138.42
15/09/2024,0,24730.0,73.86666666666666,17165.0,17165.0,0.0,0.0,18890.0,18890.0,0.0,0.0,14467.0,14467.0,0.0,0.0,19635.0,19635.0,0.0,0.0,472.0,-138.42
16/09/2024,0,24720.0,73.96,17165.0,17165.0,0.0,0.0,18890.0,18890.0,0.0,0.0,14467.0,14467.0,0.0,0.0,19635.0,19635.0,0.0,0.0,472.0,-138.42
17/09/2024,0,24770.0,74.55,17165.0,17165.0,0.0,0.0,18890.0,18890.0,0.0,0.0,14467.0,14467.0,0.0,0.0,19635.0,19635.0,0.0,0.0,472.0,-138.42
18/09/2024,0,24810.0,74.52,17165.0,17165.0,0.0,0.0,18890.0,18890.0,0.0,0.0,14467.0,14467.0,0.0,0.0,19635.0,19635.0,0.0,0.0,472.0,-138.42
19/09/2024,1,24750.0,75.93,17043.0,17043.0,0.0,0.0,18941.0,18941.0,0.0,0.0,14826.0,14826.0,0.0,0.0,19762.0,19762.0,0.0,0.0,472.0,-138.42
20/09/2024,0,24740.0,75.96,17043.0,17043.0,0.0,0.0,18941.0,18941.0,0.0,0.0,14826.0,14826.0,0.0,0.0,19762.0,19762.0,0.0,0.0,472.0,-138.42
21/09/2024,0,24740.0,75.62333333333333,17043.0,17043.0,0.0,0.0,18941.0,18941.0,0.0,0.0,14826.0,14826.0,0.0,0.0,19762.0,19762.0,0.0,0.0,472.0,-138.42
22/09/2024,0,24740.0,75.28666666666666,17043.0,17043.0,0.0,0.0,18941.0,18941.0,0.0,0.0,14826.0,14826.0,0.0,0.0,19762.0,19762.0,0.0,0.0,472.0,-138.42
23/09/2024,0,24800.0,74.95,17043.0,17043.0,0.0,0.0,18941.0,18941.0,0.0,0.0,14826.0,14826.0,0.0,0.0,19762.0,19762.0,0.0,0.0,472.0,-138.42
24/09/2024,0,24770.0,75.29,17043.0,17043.0,0.0,0.0,18941.0,18941.0,0.0,0.0,14826.0,14826.0,0.0,0.0,19762.0,19762.0,0.0,0.0,472.0,-138.42
25/09/2024,0,24750.0,75.4,17043.0,17043.0,0.0,0.0,18941.0,18941.0,0.0,0.0,14826.0,14826.0,0.0,0.0,19762.0,19762.0,0.0,0.0,472.0,-138.42
26/09/2024,1,24800.0,73.06,17506.0,17506.0,0.0,0.0,19620.0,19620.0,0.0,0.0,15357.0,15357.0,0.0,0.0,20518.0,20518.0,0.0,0.0,472.0,-138.42
27/09/2024,0,24760.0,71.63,17506.0,17506.0,0.0,0.0,19620.0,19620.0,0.0,0.0,15357.0,15357.0,0.0,0.0,20518.0,20518.0,0.0,0.0,472.0,-138.42
28/09/2024,0,24760.0,71.86999999999999,17506.0,17506.0,0.0,0.0,19620.0,19620.0,0.0,0.0,15357.0,15357.0,0.0,0.0,20518.0,20518.0,0.0,0.0,472.0,-138.42
29/09/2024,0,24760.0,72.11,17506.0,17506.0,0.0,0.0,19620.0,19620.0,0.0,0.0,15357.0,15357.0,0.0,0.0,20518.0,20518.0,0.0,0.0,472.0,-138.42
30/09/2024,0,24740.0,72.35,17506.0,17506.0,0.0,0.0,19620.0,19620.0,0.0,0.0,15357.0,15357.0,0.0,0.0,20518.0,20518.0,0.0,0.0,472.0,-138.42
01/10/2024,0,24770.0,75.3,17506.0,17506.0,0.0,0.0,19620.0,19620.0,0.0,0.0,15357.0,15357.0,0.0,0.0,20518.0,20518.0,0.0,0.0,472.0,-138.42
02/10/2024,0,24820.0,74.86,17506.0,17506.0,0.0,0.0,19620.0,19620.0,0.0,0.0,15357.0,15357.0,0.0,0.0,20518.0,20518.0,0.0,0.0,472.0,-138.42
03/10/2024,1,24920.0,77.57,17401.0,17401.0,0.0,0.0,18850.0,18850.0,0.0,0.0,15003.0,15003.0,0.0,0.0,19803.0,19803.0,0.0,0.0,472.0,-138.42
04/10/2024,0,24940.0,79.32,17401.0,17401.0,0.0,0.0,18850.0,18850.0,0.0,0.0,15003.0,15003.0,0.0,0.0,19803.0,19803.0,0.0,0.0,472.0,-138.42
05/10/2024,0,24940.0,80.12666666666667,17401.0,17401.0,0.0,0.0,18850.0,18850.0,0.0,0.0,15003.0,15003.0,0.0,0.0,19803.0,19803.0,0.0,0.0,472.0,-138.42
06/10/2024,0,24940.0,80.93333333333332,17401.0,17401.0,0.0,0.0,18850.0,18850.0,0.0,0.0,15003.0,15003.0,0.0,0.0,19803.0,19803.0,0.0,0.0,472.0,-138.42
07/10/2024,0,25030.0,81.74,17401.0,17401.0,0.0,0.0,18850.0,18850.0,0.0,0.0,15003.0,15003.0,0.0,0.0,19803.0,19803.0,0.0,0.0,472.0,-138.42
08/10/2024,0,25025.0,78.19,17401.0,17401.0,0.0,0.0,18850.0,18850.0,0.0,0.0,15003.0,15003.0,0.0,0.0,19803.0,19803.0,0.0,0.0,472.0,-138.42
09/10/2024,0,25025.0,77.06,17401.0,17401.0,0.0,0.0,18850.0,18850.0,0.0,0.0,15003.0,15003.0,0.0,0.0,19803.0,19803.0,0.0,0.0,472.0,-138.42
10/10/2024,1,25030.0,79.45,18500.0,18500.0,0.0,0.0,19846.0,19846.0,0.0,0.0,15911.0,15911.0,0.0,0.0,21061.0,21061.0,0.0,0.0,473.0,-138.42
11/10/2024,0,25000.0,80.27,18500.0,18500.0,0.0,0.0,19846.0,19846.0,0.0,0.0,15911.0,15911.0,0.0,0.0,21061.0,21061.0,0.0,0.0,473.0,-138.42
12/10/2024,0,25000.0,79.67,18500.0,18500.0,0.0,0.0,19846.0,19846.0,0.0,0.0,15911.0,15911.0,0.0,0.0,21061.0,21061.0,0.0,0.0,473.0,-138.42
13/10/2024,0,25000.0,79.07,18500.0,18500.0,0.0,0.0,19846.0,19846.0,0.0,0.0,15911.0,15911.0,0.0,0.0,21061.0,21061.0,0.0,0.0,473.0,-138.42
14/10/2024,0,25020.0,78.47,18500.0,18500.0,0.0,0.0,19846.0,19846.0,0.0,0.0,15911.0,15911.0,0.0,0.0,21061.0,21061.0,0.0,0.0,473.0,-138.42
15/10/2024,0,25125.0,73.68,18500.0,18500.0,0.0,0.0,19846.0,19846.0,0.0,0.0,15911.0,15911.0,0.0,0.0,21061.0,21061.0,0.0,0.0,473.0,-138.42
16/10/2024,0,25170.0,73.65,18500.0,18500.0,0.0,0.0,19846.0,19846.0,0.0,0.0,15911.0,15911.0,0.0,0.0,21061.0,21061.0,0.0,0.0,473.0,-138.42
17/10/2024,1,25370.0,74.37,18321.0,18321.0,0.0,0.0,19730.0,19730.0,0.0,0.0,16090.0,16090.0,0.0,0.0,20962.0,20962.0,0.0,0.0,473.0,-138.42
18/10/2024,0,25340.0,72.75,18321.0,18321.0,0.0,0.0,19730.0,19730.0,0.0,0.0,16090.0,16090.0,0.0,0.0,20962.0,20962.0,0.0,0.0,473.0,-138.42
19/10/2024,0,25340.0,72.93,18321.0,18321.0,0.0,0.0,19730.0,19730.0,0.0,0.0,16090.0,16090.0,0.0,0.0,20962.0,20962.0,0.0,0.0,473.0,-138.42
20/10/2024,0,25340.0,73.11,18321.0,18321.0,0.0,0.0,19730.0,19730.0,0.0,0.0,16090.0,16090.0,0.0,0.0,20962.0,20962.0,0.0,0.0,473.0,-138.42
21/10/2024,0,25430.0,73.29,18321.0,18321.0,0.0,0.0,19730.0,19730.0,0.0,0.0,16090.0,16090.0,0.0,0.0,20962.0,20962.0,0.0,0.0,473.0,-138.42
22/10/2024,0,25452.0,75.59,18321.0,18321.0,0.0,0.0,19730.0,19730.0,0.0,0.0,16090.0,16090.0,0.0,0.0,20962.0,20962.0,0.0,0.0,473.0,-138.42
23/10/2024,0,25462.0,74.68,18321.0,18321.0,0.0,0.0,19730.0,19730.0,0.0,0.0,16090.0,16090.0,0.0,0.0,20962.0,20962.0,0.0,0.0,473.0,-138.42
24/10/2024,1,25473.0,74.27,18057.0,18057.0,0.0,0.0,19692.0,19692.0,0.0,0.0,16229.0,16229.0,0.0,0.0,20894.0,20894.0,0.0,0.0,473.0,-138.42
25/10/2024,0,25467.0,75.62,18057.0,18057.0,0.0,0.0,19692.0,19692.0,0.0,0.0,16229.0,16229.0,0.0,0.0,20894.0,20894.0,0.0,0.0,473.0,-138.42
26/10/2024,0,25467.0,74.37,18057.0,18057.0,0.0,0.0,19692.0,19692.0,0.0,0.0,16229.0,16229.0,0.0,0.0,20894.0,20894.0,0.0,0.0,473.0,-138.42
27/10/2024,0,25467.0,73.12,18057.0,18057.0,0.0,0.0,19692.0,19692.0,0.0,0.0,16229.0,16229.0,0.0,0.0,20894.0,20894.0,0.0,0.0,473.0,-138.42
28/10/2024,0,25464.0,71.87,18057.0,18057.0,0.0,0.0,19692.0,19692.0,0.0,0.0,16229.0,16229.0,0.0,0.0,20894.0,20894.0,0.0,0.0,473.0,-138.42
29/10/2024,0,25464.0,71.09,18057.0,18057.0,0.0,0.0,19692.0,19692.0,0.0,0.0,16229.0,16229.0,0.0,0.0,20894.0,20894.0,0.0,0.0,473.0,-138.42
30/10/2024,0,25458.0,73.21,18057.0,18057.0,0.0,0.0,19692.0,19692.0,0.0,0.0,16229.0,16229.0,0.0,0.0,20894.0,20894.0,0.0,0.0,473.0,-138.42
31/10/2024,1,25450.0,73.25,18148.0,18148.0,0.0,0.0,19408.0,19408.0,0.0,0.0,16461.0,16461.0,0.0,0.0,20503.0,20503.0,0.0,0.0,473.0,-138.42
01/11/2024,0,25454.0,73.63,18148.0,18148.0,0.0,0.0,19408.0,19408.0,0.0,0.0,16461.0,16461.0,0.0,0.0,20503.0,20503.0,0.0,0.0,473.0,-138.42
02/11/2024,0,25454.0,74.05,18148.0,18148.0,0.0,0.0,19408.0,19408.0,0.0,0.0,16461.0,16461.0,0.0,0.0,20503.0,20503.0,0.0,0.0,473.0,-138.42
03/11/2024,0,25454.0,74.47,18148.0,18148.0,0.0,0.0,19408.0,19408.0,0.0,0.0,16461.0,16461.0,0.0,0.0,20503.0,20503.0,0.0,0.0,473.0,-138.42
04/11/2024,0,25465.0,74.89,18148.0,18148.0,0.0,0.0,19408.0,19408.0,0.0,0.0,16461.0,16461.0,0.0,0.0,20503.0,20503.0,0.0,0.0,473.0,-138.42
05/11/2024,0,25460.0,76.98,18148.0,18148.0,0.0,0.0,19408.0,19408.0,0.0,0.0,16461.0,16461.0,0.0,0.0,20503.0,20503.0,0.0,0.0,473.0,-138.42
06/11/2024,0,25470.0,76.52,18148.0,18148.0,0.0,0.0,19408.0,19408.0,0.0,0.0,16461.0,16461.0,0.0,0.0,20503.0,20503.0,0.0,0.0,473.0,-138.42
07/11/2024,1,25497.0,75.73,18917.0,18917.0,0.0,0.0,19744.0,19744.0,0.0,0.0,16394.0,16394.0,0.0,0.0,20854.0,20854.0,0.0,0.0,473.0,-138.42
08/11/2024,0,25470.0,74.04,18917.0,18917.0,0.0,0.0,19744.0,19744.0,0.0,0.0,16394.0,16394.0,0.0,0.0,20854.0,20854.0,0.0,0.0,473.0,-138.42
09/11/2024,0,25470.0,73.42333333333333,18917.0,18917.0,0.0,0.0,19744.0,19744.0,0.0,0.0,16394.0,16394.0,0.0,0.0,20854.0,20854.0,0.0,0.0,473.0,-138.42
10/11/2024,0,25470.0,72.80666666666667,18917.0,18917.0,0.0,0.0,19744.0,19744.0,0.0,0.0,16394.0,16394.0,0.0,0.0,20854.0,20854.0,0.0,0.0,473.0,-138.42
11/11/2024,0,25476.0,72.19,18917.0,18917.0,0.0,0.0,19744.0,19744.0,0.0,0.0,16394.0,16394.0,0.0,0.0,20854.0,20854.0,0.0,0.0,473.0,-138.42
12/11/2024,0,25480.0,72.56,18917.0,18917.0,0.0,0.0,19744.0,19744.0,0.0,0.0,16394.0,16394.0,0.0,0.0,20854.0,20854.0,0.0,0.0,473.0,-138.42
13/11/2024,0,25502.0,72.86,18917.0,18917.0,0.0,0.0,19744.0,19744.0,0.0,0.0,16394.0,16394.0,0.0,0.0,20854.0,20854.0,0.0,0.0,473.0,-138.42
14/11/2024,1,25504.0,73.39,18573.0,18573.0,0.0,0.0,19452.0,19452.0,0.0,0.0,16009.0,16009.0,0.0,0.0,20607.0,20607.0,0.0,0.0,473.0,-138.42
15/11/2024,0,25512.0,73.45,18573.0,18573.0,0.0,0.0,19452.0,19452.0,0.0,0.0,16009.0,16009.0,0.0,0.0,20607.0,20607.0,0.0,0.0,473.0,-138.42
16/11/2024,0,25512.0,73.75,18573.0,18573.0,0.0,0.0,19452.0,19452.0,0.0,0.0,16009.0,16009.0,0.0,0.0,20607.0,20607.0,0.0,0.0,473.0,-138.42
17/11/2024,0,25512.0,74.05,18573.0,18573.0,0.0,0.0,19452.0,19452.0,0.0,0.0,16009.0,16009.0,0.0,0.0,20607.0,20607.0,0.0,0.0,473.0,-138.42
18/11/2024,0,25502.0,74.35,18573.0,18573.0,0.0,0.0,19452.0,19452.0,0.0,0.0,16009.0,16009.0,0.0,0.0,20607.0,20607.0,0.0,0.0,473.0,-138.42
19/11/2024,0,25507.0,74.32,18573.0,18573.0,0.0,0.0,19452.0,19452.0,0.0,0.0,16009.0,16009.0,0.0,0.0,20607.0,20607.0,0.0,0.0,473.0,-138.42
20/11/2024,0,25499.0,74.33,18573.0,18573.0,0.0,0.0,19452.0,19452.0,0.0,0.0,16009.0,16009.0,0.0,0.0,20607.0,20607.0,0.0,0.0,473.0,-138.42
21/11/2024,1,25504.0,75.09,18509.0,18509.0,0.0,0.0,19343.0,19343.0,0.0,0.0,16014.0,16014.0,0.0,0.0,20528.0,20528.0,0.0,0.0,473.0,-138.42
22/11/2024,0,25509.0,76.1,18509.0,18509.0,0.0,0.0,19343.0,19343.0,0.0,0.0,16014.0,16014.0,0.0,0.0,20528.0,20528.0,0.0,0.0,473.0,-138.42
23/11/2024,0,25509.0,75.49,18509.0,18509.0,0.0,0.0,19343.0,19343.0,0.0,0.0,16014.0,16014.0,0.0,0.0,20528.0,20528.0,0.0,0.0,473.0,-138.42
24/11/2024,0,25509.0,74.88,18509.0,18509.0,0.0,0.0,19343.0,19343.0,0.0,0.0,16014.0,16014.0,0.0,0.0,20528.0,20528.0,0.0,0.0,473.0,-138.42
25/11/2024,0,25506.0,74.27,18509.0,18509.0,0.0,0.0,19343.0,19343.0,0.0,0.0,16014.0,16014.0,0.0,0.0,20528.0,20528.0,0.0,0.0,473.0,-138.42
26/11/2024,0,25509.0,74.56,18509.0,18509.0,0.0,0.0,19343.0,19343.0,0.0,0.0,16014.0,16014.0,0.0,0.0,20528.0,20528.0,0.0,0.0,473.0,-138.42
27/11/2024,0,25509.0,73.91,18509.0,18509.0,0.0,0.0,19343.0,19343.0,0.0,0.0,16014.0,16014.0,0.0,0.0,20528.0,20528.0,0.0,0.0,473.0,-138.42
28/11/2024,1,25484.0,73.92,18777.0,18777.0,0.0,0.0,19840.0,19840.0,0.0,0.0,16125.0,16125.0,0.0,0.0,20857.0,20857.0,0.0,0.0,473.0,-138.42
29/11/2024,0,25463.0,74.16,18777.0,18777.0,0.0,0.0,19840.0,19840.0,0.0,0.0,16125.0,16125.0,0.0,0.0,20857.0,20857.0,0.0,0.0,473.0,-138.42
30/11/2024,0,25463.0,73.71,18777.0,18777.0,0.0,0.0,19840.0,19840.0,0.0,0.0,16125.0,16125.0,0.0,0.0,20857.0,20857.0,0.0,0.0,473.0,-138.42
01/12/2024,0,25463.0,73.26,18777.0,18777.0,0.0,0.0,19840.0,19840.0,0.0,0.0,16125.0,16125.0,0.0,0.0,20857.0,20857.0,0.0,0.0,473.0,-138.42
02/12/2024,0,25452.0,72.81,18777.0,18777.0,0.0,0.0,19840.0,19840.0,0.0,0.0,16125.0,16125.0,0.0,0.0,20857.0,20857.0,0.0,0.0,473.0,-138.42
03/12/2024,0,25473.0,74.8,18777.0,18777.0,0.0,0.0,19840.0,19840.0,0.0,0.0,16125.0,16125.0,0.0,0.0,20857.0,20857.0,0.0,0.0,473.0,-138.42
04/12/2024,0,25475.0,74.68,18777.0,18777.0,0.0,0.0,19840.0,19840.0,0.0,0.0,16125.0,16125.0,0.0,0.0,20857.0,20857.0,0.0,0.0,473.0,-138.42
05/12/2024,1,25479.0,73.78,18382.0,18382.0,0.0,0.0,19864.0,19864.0,0.0,0.0,16125.0,16125.0,0.0,0.0,20563.0,20563.0,0.0,0.0,473.0,-138.42
06/12/2024,0,25467.0,73.78,18382.0,18382.0,0.0,0.0,19864.0,19864.0,0.0,0.0,16125.0,16125.0,0.0,0.0,20563.0,20563.0,0.0,0.0,473.0,-138.42
07/12/2024,0,25467.0,73.76333333333334,18382.0,18382.0,0.0,0.0,19864.0,19864.0,0.0,0.0,16125.0,16125.0,0.0,0.0,20563.0,20563.0,0.0,0.0,473.0,-138.42
08/12/2024,0,25467.0,73.74666666666667,18382.0,18382.0,0.0,0.0,19864.0,19864.0,0.0,0.0,16125.0,16125.0,0.0,0.0,20563.0,20563.0,0.0,0.0,473.0,-138.42
09/12/2024,0,25460.0,73.73,18382.0,18382.0,0.0,0.0,19864.0,19864.0,0.0,0.0,16125.0,16125.0,0.0,0.0,20563.0,20563.0,0.0,0.0,473.0,-138.42
10/12/2024,0,25470.0,73.64,18382.0,18382.0,0.0,0.0,19864.0,19864.0,0.0,0.0,16125.0,16125.0,0.0,0.0,20563.0,20563.0,0.0,0.0,473.0,-138.42
11/12/2024,0,25465.0,74.38,18382.0,18382.0,0.0,0.0,19864.0,19864.0,0.0,0.0,16125.0,16125.0,0.0,0.0,20563.0,20563.0,0.0,0.0,473.0,-138.42
12/12/2024,0,25471.0,73.52,18382.0,18382.0,0.0,0.0,19864.0,19864.0,0.0,0.0,16125.0,16125.0,0.0,0.0,20563.0,20563.0,0.0,0.0,473.0,-138.42
13/12/2024,0,25477.0,74.89,18382.0,18382.0,0.0,0.0,19864.0,19864.0,0.0,0.0,16125.0,16125.0,0.0,0.0,20563.0,20563.0,0.0,0.0,473.0,-138.42
14/12/2024,0,25477.0,74.69333333333333,18382.0,18382.0,0.0,0.0,19864.0,19864.0,0.0,0.0,16125.0,16125.0,0.0,0.0,20563.0,20563.0,0.0,0.0,473.0,-138.42
15/12/2024,0,25477.0,74.49666666666667,18382.0,18382.0,0.0,0.0,19864.0,19864.0,0.0,0.0,16125.0,16125.0,0.0,0.0,20563.0,20563.0,0.0,0.0,473.0,-138.42
16/12/2024,0,25485.0,74.3,18382.0,18382.0,0.0,0.0,19864.0,19864.0,0.0,0.0,16125.0,16125.0,0.0,0.0,20563.0,20563.0,0.0,0.0,473.0,-138.42
17/12/2024,0,25483.0,73.16,18382.0,18382.0,0.0,0.0,19864.0,19864.0,0.0,0.0,16125.0,16125.0,0.0,0.0,20563.0,20563.0,0.0,0.0,473.0,-138.42
18/12/2024,0,25491.0,74.57,18382.0,18382.0,0.0,0.0,19864.0,19864.0,0.0,0.0,16125.0,16125.0,0.0,0.0,20563.0,20563.0,0.0,0.0,473.0,-138.42
19/12/2024,1,25519.0,73.75,18733.0,18733.0,0.0,0.0,20244.0,20244.0,0.0,0.0,15903.0,15903.0,0.0,0.0,21004.0,21004.0,0.0,0.0,473.0,-138.42
20/12/2024,0,25540.0,73.19,18733.0,18733.0,0.0,0.0,20244.0,20244.0,0.0,0.0,15903.0,15903.0,0.0,0.0,21004.0,21004.0,0.0,0.0,473.0,-138.42
21/12/2024,0,25540.0,72.83333333333333,18733.0,18733.0,0.0,0.0,20244.0,20244.0,0.0,0.0,15903.0,15903.0,0.0,0.0,21004.0,21004.0,0.0,0.0,473.0,-138.42
22/12/2024,0,25540.0,72.47666666666667,18733.0,18733.0,0.0,0.0,20244.0,20244.0,0.0,0.0,15903.0,15903.0,0.0,0.0,21004.0,21004.0,0.0,0.0,473.0,-138.42
23/12/2024,0,25530.0,72.12,18733.0,18733.0,0.0,0.0,20244.0,20244.0,0.0,0.0,15903.0,15903.0,0.0,0.0,21004.0,21004.0,0.0,0.0,473.0,-138.42
24/12/2024,0,25523.0,73.5,18733.0,18733.0,0.0,0.0,20244.0,20244.0,0.0,0.0,15903.0,15903.0,0.0,0.0,21004.0,21004.0,0.0,0.0,473.0,-138.42
25/12/2024,0,25536.0,73.59,18733.0,18733.0,0.0,0.0,20244.0,20244.0,0.0,0.0,15903.0,15903.0,0.0,0.0,21004.0,21004.0,0.0,0.0,473.0,-138.42
26/12/2024,1,25525.0,73.67999999999999,18630.0,18630.0,0.0,0.0,19817.0,19817.0,0.0,0.0,15970.0,15970.0,0.0,0.0,20547.0,20547.0,0.0,0.0,3080.0,-138.42
27/12/2024,0,25538.0,73.77,18630.0,18630.0,0.0,0.0,19817.0,19817.0,0.0,0.0,15970.0,15970.0,0.0,0.0,20547.0,20547.0,0.0,0.0,3080.0,-138.42
28/12/2024,0,25538.0,73.92666666666666,18630.0,18630.0,0.0,0.0,19817.0,19817.0,0.0,0.0,15970.0,15970.0,0.0,0.0,20547.0,20547.0,0.0,0.0,3080.0,-138.42
29/12/2024,0,25538.0,74.08333333333333,18630.0,18630.0,0.0,0.0,19817.0,19817.0,0.0,0.0,15970.0,15970.0,0.0,0.0,20547.0,20547.0,0.0,0.0,3080.0,-138.42
30/12/2024,0,25543.0,74.24,18630.0,18630.0,0.0,0.0,19817.0,19817.0,0.0,0.0,15970.0,15970.0,0.0,0.0,20547.0,20547.0,0.0,0.0,3080.0,-138.42
31/12/2024,0,25551.0,74.58,18630.0,18630.0,0.0,0.0,19817.0,19817.0,0.0,0.0,15970.0,15970.0,0.0,0.0,20547.0,20547.0,0.0,0.0,3080.0,-138.42
01/01/2025,0,25551.0,75.36,18630.0,18630.0,0.0,0.0,19817.0,19817.0,0.0,0.0,15970.0,15970.0,0.0,0.0,20547.0,20547.0,0.0,0.0,3080.0,-138.42
02/01/2025,0,25559.0,76.14,18630.0,18630.0,0.0,0.0,19817.0,19817.0,0.0,0.0,15970.0,15970.0,0.0,0.0,20547.0,20547.0,0.0,0.0,3080.0,-138.42
03/01/2025,0,25550.0,76.72,18630.0,18630.0,0.0,0.0,19817.0,19817.0,0.0,0.0,15970.0,15970.0,0.0,0.0,20547.0,20547.0,0.0,0.0,3080.0,-138.42
04/01/2025,0,25550.0,76.90333333333334,18630.0,18630.0,0.0,0.0,19817.0,19817.0,0.0,0.0,15970.0,15970.0,0.0,0.0,20547.0,20547.0,0.0,0.0,3080.0,-138.42
05/01/2025,0,25550.0,77.08666666666666,18630.0,18630.0,0.0,0.0,19817.0,19817.0,0.0,0.0,15970.0,15970.0,0.0,0.0,20547.0,20547.0,0.0,0.0,3080.0,-138.42
06/01/2025,0,25553.0,77.27,18630.0,18630.0,0.0,0.0,19817.0,19817.0,0.0,0.0,15970.0,15970.0,0.0,0.0,20547.0,20547.0,0.0,0.0,3080.0,-138.42
07/01/2025,0,25548.0,77.84,18630.0,18630.0,0.0,0.0,19817.0,19817.0,0.0,0.0,15970.0,15970.0,0.0,0.0,20547.0,20547.0,0.0,0.0,3080.0,-138.42
08/01/2025,0,25546.0,77.37,18630.0,18630.0,0.0,0.0,19817.0,19817.0,0.0,0.0,15970.0,15970.0,0.0,0.0,20547.0,20547.0,0.0,0.0,3080.0,-138.42
09/01/2025,0,25554.0,78.44,18630.0,18630.0,0.0,0.0,19817.0,19817.0,0.0,0.0,15970.0,15970.0,0.0,0.0,20547.0,20547.0,0.0,0.0,3081.0,-138.42
10/01/2025,0,25558.0,79.76,18630.0,18630.0,0.0,0.0,19817.0,19817.0,0.0,0.0,15970.0,15970.0,0.0,0.0,20547.0,20547.0,0.0,0.0,3081.0,-138.42
11/01/2025,0,25558.0,80.73666666666666,18630.0,18630.0,0.0,0.0,19817.0,19817.0,0.0,0.0,15970.0,15970.0,0.0,0.0,20547.0,20547.0,0.0,0.0,3081.0,-138.42
12/01/2025,0,25558.0,81.71333333333334,18630.0,18630.0,0.0,0.0,19817.0,19817.0,0.0,0.0,15970.0,15970.0,0.0,0.0,20547.0,20547.0,0.0,0.0,3081.0,-138.42
13/01/2025,0,25560.0,82.69,18630.0,18630.0,0.0,0.0,19817.0,19817.0,0.0,0.0,15970.0,15970.0,0.0,0.0,20547.0,20547.0,0.0,0.0,3081.0,-138.42
14/01/2025,0,25563.0,82.39,18630.0,18630.0,0.0,0.0,19817.0,19817.0,0.0,0.0,15970.0,15970.0,0.0,0.0,20547.0,20547.0,0.0,0.0,3081.0,-138.42
15/01/2025,0,25554.0,83.48,18630.0,18630.0,0.0,0.0,19817.0,19817.0,0.0,0.0,15970.0,15970.0,0.0,0.0,20547.0,20547.0,0.0,0.0,3081.0,-138.42
16/01/2025,1,25549.0,82.39,19782.0,19782.0,0.0,0.0,20750.0,20750.0,0.0,0.0,17181.0,17181.0,0.0,0.0,21220.0,21220.0,0.0,0.0,3081.0,-138.42
17/01/2025,0,25510.0,83.02,19782.0,19782.0,0.0,0.0,20750.0,20750.0,0.0,0.0,17181.0,17181.0,0.0,0.0,21220.0,21220.0,0.0,0.0,3081.0,-138.42
18/01/2025,0,25510.0,82.57333333333334,19782.0,19782.0,0.0,0.0,20750.0,20750.0,0.0,0.0,17181.0,17181.0,0.0,0.0,21220.0,21220.0,0.0,0.0,3081.0,-138.42
19/01/2025,0,25510.0,82.12666666666667,19782.0,19782.0,0.0,0.0,20750.0,20750.0,0.0,0.0,17181.0,17181.0,0.0,0.0,21220.0,21220.0,0.0,0.0,3081.0,-138.42
20/01/2025,0,25500.0,81.68,19782.0,19782.0,0.0,0.0,20750.0,20750.0,0.0,0.0,17181.0,17181.0,0.0,0.0,21220.0,21220.0,0.0,0.0,3081.0,-138.42
21/01/2025,0,25450.0,80.57,19782.0,19782.0,0.0,0.0,20750.0,20750.0,0.0,0.0,17181.0,17181.0,0.0,0.0,21220.0,21220.0,0.0,0.0,3081.0,-138.42
22/01/2025,0,25320.0,80.0,19782.0,19782.0,0.0,0.0,20750.0,20750.0,0.0,0.0,17181.0,17181.0,0.0,0.0,21220.0,21220.0,0.0,0.0,3081.0,-138.42
23/01/2025,1,25320.0,78.62,20194.0,20194.0,0.0,0.0,20592.0,20592.0,0.0,0.0,17752.0,17752.0,0.0,0.0,21142.0,21142.0,0.0,0.0,3081.0,-138.42
24/01/2025,0,25300.0,78.71,20194.0,20194.0,0.0,0.0,20592.0,20592.0,0.0,0.0,17752.0,17752.0,0.0,0.0,21142.0,21142.0,0.0,0.0,3081.0,-138.42
25/01/2025,0,25300.0,78.24,20194.0,20194.0,0.0,0.0,20592.0,20592.0,0.0,0.0,17752.0,17752.0,0.0,0.0,21142.0,21142.0,0.0,0.0,3081.0,-138.42
26/01/2025,0,25300.0,77.77,20194.0,20194.0,0.0,0.0,20592.0,20592.0,0.0,0.0,17752.0,17752.0,0.0,0.0,21142.0,21142.0,0.0,0.0,3081.0,-138.42
27/01/2025,0,25300.0,77.3,20194.0,20194.0,0.0,0.0,20592.0,20592.0,0.0,0.0,17752.0,17752.0,0.0,0.0,21142.0,21142.0,0.0,0.0,3081.0,-138.42
28/01/2025,0,25300.0,78.01,20194.0,20194.0,0.0,0.0,20592.0,20592.0,0.0,0.0,17752.0,17752.0,0.0,0.0,21142.0,21142.0,0.0,0.0,3081.0,-138.42
29/01/2025,0,25300.0,77.02,20194.0,20194.0,0.0,0.0,20592.0,20592.0,0.0,0.0,17752.0,17752.0,0.0,0.0,21142.0,21142.0,0.0,0.0,3081.0,-138.42
30/01/2025,0,25300.0,77.42,20194.0,20194.0,0.0,0.0,20592.0,20592.0,0.0,0.0,17752.0,17752.0,0.0,0.0,21142.0,21142.0,0.0,0.0,3081.0,-138.42
31/01/2025,0,25300.0,77.11,20194.0,20194.0,0.0,0.0,20592.0,20592.0,0.0,0.0,17752.0,17752.0,0.0,0.0,21142.0,21142.0,0.0,0.0,3081.0,-138.42
01/02/2025,1,25300.0,76.90333333333334,19246.0,19246.0,0.0,0.0,20391.0,20391.0,0.0,0.0,17502.0,17502.0,0.0,0.0,21002.0,21002.0,0.0,0.0,3081.0,-138.42
02/02/2025,0,25300.0,76.69666666666666,19246.0,19246.0,0.0,0.0,20391.0,20391.0,0.0,0.0,17502.0,17502.0,0.0,0.0,21002.0,21002.0,0.0,0.0,3081.0,-138.42
03/02/2025,0,25500.0,76.49,19246.0,19246.0,0.0,0.0,20391.0,20391.0,0.0,0.0,17502.0,17502.0,0.0,0.0,21002.0,21002.0,0.0,0.0,3081.0,-138.42
04/02/2025,0,25360.0,76.58,19246.0,19246.0,0.0,0.0,20391.0,20391.0,0.0,0.0,17502.0,17502.0,0.0,0.0,21002.0,21002.0,0.0,0.0,3081.0,-138.42
05/02/2025,0,25340.0,74.71,19246.0,19246.0,0.0,0.0,20391.0,20391.0,0.0,0.0,17502.0,17502.0,0.0,0.0,21002.0,21002.0,0.0,0.0,3081.0,-138.42
06/02/2025,1,25450.0,74.54,19054.0,19054.0,0.0,0.0,20442.0,20442.0,0.0,0.0,17354.0,17354.0,0.0,0.0,20928.0,20928.0,0.0,0.0,3081.0,-138.42
07/02/2025,0,25470.0,74.68,19054.0,19054.0,0.0,0.0,20442.0,20442.0,0.0,0.0,17354.0,17354.0,0.0,0.0,20928.0,20928.0,0.0,0.0,3081.0,-138.42
08/02/2025,0,25470.0,75.19666666666667,19054.0,19054.0,0.0,0.0,20442.0,20442.0,0.0,0.0,17354.0,17354.0,0.0,0.0,20928.0,20928.0,0.0,0.0,3081.0,-138.42
09/02/2025,0,25470.0,75.71333333333334,19054.0,19054.0,0.0,0.0,20442.0,20442.0,0.0,0.0,17354.0,17354.0,0.0,0.0,20928.0,20928.0,0.0,0.0,3081.0,-138.42
10/02/2025,0,25560.0,76.23,19054.0,19054.0,0.0,0.0,20442.0,20442.0,0.0,0.0,17354.0,17354.0,0.0,0.0,20928.0,20928.0,0.0,0.0,3081.0,-138.42
11/02/2025,0,25700.0,77.65,19054.0,19054.0,0.0,0.0,20442.0,20442.0,0.0,0.0,17354.0,17354.0,0.0,0.0,20928.0,20928.0,0.0,0.0,3081.0,-138.42
12/02/2025,0,25740.0,75.38,19054.0,19054.0,0.0,0.0,20442.0,20442.0,0.0,0.0,17354.0,17354.0,0.0,0.0,20928.0,20928.0,0.0,0.0,3081.0,-138.42
13/02/2025,1,25660.0,75.61,19073.0,19073.0,0.0,0.0,20598.0,20598.0,0.0,0.0,17779.0,17779.0,0.0,0.0,21074.0,21074.0,0.0,0.0,3081.0,-138.42
14/02/2025,0,25580.0,75.19,19073.0,19073.0,0.0,0.0,20598.0,20598.0,0.0,0.0,17779.0,17779.0,0.0,0.0,21074.0,21074.0,0.0,0.0,3081.0,-138.42
15/02/2025,0,25580.0,75.39666666666666,19073.0,19073.0,0.0,0.0,20598.0,20598.0,0.0,0.0,17779.0,17779.0,0.0,0.0,21074.0,21074.0,0.0,0.0,3081.0,-138.42
16/02/2025,0,25580.0,75.60333333333334,19073.0,19073.0,0.0,0.0,20598.0,20598.0,0.0,0.0,17779.0,17779.0,0.0,0.0,21074.0,21074.0,0.0,0.0,3081.0,-138.42
17/02/2025,0,25640.0,75.81,19073.0,19073.0,0.0,0.0,20598.0,20598.0,0.0,0.0,17779.0,17779.0,0.0,0.0,21074.0,21074.0,0.0,0.0,3081.0,-138.42
18/02/2025,0,25700.0,76.46,19073.0,19073.0,0.0,0.0,20598.0,20598.0,0.0,0.0,17779.0,17779.0,0.0,0.0,21074.0,21074.0,0.0,0.0,3081.0,-138.42
19/02/2025,0,25700.0,76.34,19073.0,19073.0,0.0,0.0,20598.0,20598.0,0.0,0.0,17779.0,17779.0,0.0,0.0,21074.0,21074.0,0.0,0.0,3081.0,-138.42
20/02/2025,1,25710.0,76.95,19063.0,19063.0,0.0,0.0,20855.0,20855.0,0.0,0.0,17596.0,17596.0,0.0,0.0,21331.0,21331.0,0.0,0.0,3081.0,-138.42
21/02/2025,0,25680.0,74.88,19063.0,19063.0,0.0,0.0,20855.0,20855.0,0.0,0.0,17596.0,17596.0,0.0,0.0,21331.0,21331.0,0.0,0.0,3081.0,-138.42
22/02/2025,0,25680.0,74.88333333333333,19063.0,19063.0,0.0,0.0,20855.0,20855.0,0.0,0.0,17596.0,17596.0,0.0,0.0,21331.0,21331.0,0.0,0.0,3081.0,-138.42
23/02/2025,0,25680.0,74.88666666666667,19063.0,19063.0,0.0,0.0,20855.0,20855.0,0.0,0.0,17596.0,17596.0,0.0,0.0,21331.0,21331.0,0.0,0.0,3081.0,-138.42
24/02/2025,0,25670.0,74.89,19063.0,19063.0,0.0,0.0,20855.0,20855.0,0.0,0.0,17596.0,17596.0,0.0,0.0,21331.0,21331.0,0.0,0.0,3081.0,-138.42
25/02/2025,0,25690.0,73.11,19063.0,19063.0,0.0,0.0,20855.0,20855.0,0.0,0.0,17596.0,17596.0,0.0,0.0,21331.0,21331.0,0.0,0.0,3081.0,-138.42
26/02/2025,0,25720.0,73.49,19063.0,19063.0,0.0,0.0,20855.0,20855.0,0.0,0.0,17596.0,17596.0,0.0,0.0,21331.0,21331.0,0.0,0.0,3081.0,-138.42
27/02/2025,1,25740.0,75.01,18957.0,18957.0,0.0,0.0,20658.0,20658.0,0.0,0.0,17615.0,17615.0,0.0,0.0,21112.0,21112.0,0.0,0.0,3081.0,-138.42
28/02/2025,0,25730.0,74.76,18957.0,18957.0,0.0,0.0,20658.0,20658.0,0.0,0.0,17615.0,17615.0,0.0,0.0,21112.0,21112.0,0.0,0.0,3081.0,-138.42
01/03/2025,0,25730.0,74.12333333333333,18957.0,18957.0,0.0,0.0,20658.0,20658.0,0.0,0.0,17615.0,17615.0,0.0,0.0,21112.0,21112.0,0.0,0.0,3081.0,-138.42
02/03/2025,0,25730.0,73.48666666666666,18957.0,18957.0,0.0,0.0,20658.0,20658.0,0.0,0.0,17615.0,17615.0,0.0,0.0,21112.0,21112.0,0.0,0.0,3081.0,-138.42
03/03/2025,0,25780.0,72.85,18957.0,18957.0,0.0,0.0,20658.0,20658.0,0.0,0.0,17615.0,17615.0,0.0,0.0,21112.0,21112.0,0.0,0.0,3081.0,-138.42
04/03/2025,0,25750.0,72.31,18957.0,18957.0,0.0,0.0,20658.0,20658.0,0.0,0.0,17615.0,17615.0,0.0,0.0,21112.0,21112.0,0.0,0.0,3081.0,-138.42
05/03/2025,0,25680.0,70.92,18957.0,18957.0,0.0,0.0,20658.0,20658.0,0.0,0.0,17615.0,17615.0,0.0,0.0,21112.0,21112.0,0.0,0.0,3081.0,-138.42
06/03/2025,1,25660.0,71.08,18333.0,18333.0,0.0,0.0,19961.0,19961.0,0.0,0.0,17150.0,17150.0,0.0,0.0,20402.0,20402.0,0.0,0.0,3081.0,-138.42
07/03/2025,0,25690.0,72.49,18333.0,18333.0,0.0,0.0,19961.0,19961.0,0.0,0.0,17150.0,17150.0,0.0,0.0,20402.0,20402.0,0.0,0.0,3081.0,-138.42
08/03/2025,0,25690.0,72.02,18333.0,18333.0,0.0,0.0,19961.0,19961.0,0.0,0.0,17150.0,17150.0,0.0,0.0,20402.0,20402.0,0.0,0.0,3081.0,-138.42
09/03/2025,0,25690.0,71.55,18333.0,18333.0,0.0,0.0,19961.0,19961.0,0.0,0.0,17150.0,17150.0,0.0,0.0,20402.0,20402.0,0.0,0.0,3081.0,-138.42
10/03/2025,0,25700.0,71.08,18333.0,18333.0,0.0,0.0,19961.0,19961.0,0.0,0.0,17150.0,17150.0,0.0,0.0,20402.0,20402.0,0.0,0.0,3081.0,-138.42
11/03/2025,0,25650.0,71.51,18333.0,18333.0,0.0,0.0,19961.0,19961.0,0.0,0.0,17150.0,17150.0,0.0,0.0,20402.0,20402.0,0.0,0.0,3081.0,-138.42
12/03/2025,0,25640.0,72.36,18333.0,18333.0,0.0,0.0,19961.0,19961.0,0.0,0.0,17150.0,17150.0,0.0,0.0,20402.0,20402.0,0.0,0.0,3081.0,-138.42
13/03/2025,1,25680.0,70.82,17898.0,17898.0,0.0,0.0,19281.0,19281.0,0.0,0.0,16995.0,16995.0,0.0,0.0,19649.0,19649.0,0.0,0.0,3082.0,-138.42
14/03/2025,0,25710.0,71.94,17898.0,17898.0,0.0,0.0,19281.0,19281.0,0.0,0.0,16995.0,16995.0,0.0,0.0,19649.0,19649.0,0.0,0.0,3082.0,-138.42
15/03/2025,0,25710.0,71.93666666666667,17898.0,17898.0,0.0,0.0,19281.0,19281.0,0.0,0.0,16995.0,16995.0,0.0,0.0,19649.0,19649.0,0.0,0.0,3082.0,-138.42
16/03/2025,0,25710.0,71.93333333333334,17898.0,17898.0,0.0,0.0,19281.0,19281.0,0.0,0.0,16995.0,16995.0,0.0,0.0,19649.0,19649.0,0.0,0.0,3082.0,-138.42
17/03/2025,0,25720.0,71.93,17898.0,17898.0,0.0,0.0,19281.0,19281.0,0.0,0.0,16995.0,16995.0,0.0,0.0,19649.0,19649.0,0.0,0.0,3082.0,-138.42
18/03/2025,0,25710.0,71.93,17898.0,17898.0,0.0,0.0,19281.0,19281.0,0.0,0.0,16995.0,16995.0,0.0,0.0,19649.0,19649.0,0.0,0.0,3082.0,-138.42
19/03/2025,0,25730.0,71.94,17898.0,17898.0,0.0,0.0,19281.0,19281.0,0.0,0.0,16995.0,16995.0,0.0,0.0,19649.0,19649.0,0.0,0.0,3082.0,-138.42
20/03/2025,1,25740.0,72.61,17893.0,17893.0,0.0,0.0,19695.0,19695.0,0.0,0.0,16955.0,16955.0,0.0,0.0,20087.0,20087.0,0.0,0.0,3082.0,-138.42
21/03/2025,0,25760.0,72.64,17893.0,17893.0,0.0,0.0,19695.0,19695.0,0.0,0.0,16955.0,16955.0,0.0,0.0,20087.0,20087.0,0.0,0.0,3082.0,-138.42
22/03/2025,0,25760.0,73.08,17893.0,17893.0,0.0,0.0,19695.0,19695.0,0.0,0.0,16955.0,16955.0,0.0,0.0,20087.0,20087.0,0.0,0.0,3082.0,-138.42
23/03/2025,0,25760.0,73.52,17893.0,17893.0,0.0,0.0,19695.0,19695.0,0.0,0.0,16955.0,16955.0,0.0,0.0,20087.0,20087.0,0.0,0.0,3082.0,-138.42
24/03/2025,0,25810.0,73.96,17893.0,17893.0,0.0,0.0,19695.0,19695.0,0.0,0.0,16955.0,16955.0,0.0,0.0,20087.0,20087.0,0.0,0.0,3082.0,-138.42
25/03/2025,0,25810.0,73.78,17893.0,17893.0,0.0,0.0,19695.0,19695.0,0.0,0.0,16955.0,16955.0,0.0,0.0,20087.0,20087.0,0.0,0.0,3082.0,-138.42
26/03/2025,0,25750.0,74.6,17893.0,17893.0,0.0,0.0,19695.0,19695.0,0.0,0.0,16955.0,16955.0,0.0,0.0,20087.0,20087.0,0.0,0.0,3082.0,-138.42
27/03/2025,1,25750.0,74.72,18217.0,18217.0,0.0,0.0,20032.0,20032.0,0.0,0.0,16902.0,16902.0,0.0,0.0,20424.0,20424.0,0.0,0.0,3082.0,-138.42
28/03/2025,0,25760.0,74.69,18217.0,18217.0,0.0,0.0,20032.0,20032.0,0.0,0.0,16902.0,16902.0,0.0,0.0,20424.0,20424.0,0.0,0.0,3082.0,-138.42
29/03/2025,0,25760.0,75.53666666666666,18217.0,18217.0,0.0,0.0,20032.0,20032.0,0.0,0.0,16902.0,16902.0,0.0,0.0,20424.0,20424.0,0.0,0.0,3082.0,-138.42
30/03/2025,0,25760.0,76.38333333333334,18217.0,18217.0,0.0,0.0,20032.0,20032.0,0.0,0.0,16902.0,16902.0,0.0,0.0,20424.0,20424.0,0.0,0.0,3082.0,-138.42
31/03/2025,0,25740.0,77.23,18217.0,18217.0,0.0,0.0,20032.0,20032.0,0.0,0.0,16902.0,16902.0,0.0,0.0,20424.0,20424.0,0.0,0.0,3082.0,-138.42
01/04/2025,0,25820.0,77.78,18217.0,18217.0,0.0,0.0,20032.0,20032.0,0.0,0.0,16902.0,16902.0,0.0,0.0,20424.0,20424.0,0.0,0.0,3082.0,-138.42
02/04/2025,0,25820.0,77.27,18217.0,18217.0,0.0,0.0,20032.0,20032.0,0.0,0.0,16902.0,16902.0,0.0,0.0,20424.0,20424.0,0.0,0.0,3082.0,-138.42
03/04/2025,0,25980.0,72.54,18217.0,18217.0,0.0,0.0,20032.0,20032.0,0.0,0.0,16902.0,16902.0,0.0,0.0,20424.0,20424.0,0.0,0.0,3082.0,-138.42
04/04/2025,0,25960.0,68.36,18217.0,18217.0,0.0,0.0,20032.0,20032.0,0.0,0.0,16902.0,16902.0,0.0,0.0,20424.0,20424.0,0.0,0.0,3082.0,-138.42
05/04/2025,0,25960.0,67.61666666666666,18217.0,18217.0,0.0,0.0,20032.0,20032.0,0.0,0.0,16902.0,16902.0,0.0,0.0,20424.0,20424.0,0.0,0.0,3082.0,-138.42
06/04/2025,0,25960.0,66.87333333333333,18217.0,18217.0,0.0,0.0,20032.0,20032.0,0.0,0.0,16902.0,16902.0,0.0,0.0,20424.0,20424.0,0.0,0.0,3082.0,-138.42
07/04/2025,0,25960.0,66.13,18217.0,18217.0,0.0,0.0,20032.0,20032.0,0.0,0.0,16902.0,16902.0,0.0,0.0,20424.0,20424.0,0.0,0.0,3082.0,-138.42
08/04/2025,0,26140.0,64.86,18217.0,18217.0,0.0,0.0,20032.0,20032.0,0.0,0.0,16902.0,16902.0,0.0,0.0,20424.0,20424.0,0.0,0.0,3082.0,-138.42
09/04/2025,0,26182.0,67.3,18217.0,18217.0,0.0,0.0,20032.0,20032.0,0.0,0.0,16902.0,16902.0,0.0,0.0,20424.0,20424.0,0.0,0.0,3082.0,-138.42
10/04/2025,1,25970.0,65.37,17243.0,17243.0,0.0,0.0,18882.0,18882.0,0.0,0.0,15902.0,15902.0,0.0,0.0,19207.0,19207.0,0.0,0.0,3082.0,-138.42
11/04/2025,0,25920.0,66.83,17243.0,17243.0,0.0,0.0,18882.0,18882.0,0.0,0.0,15902.0,15902.0,0.0,0.0,19207.0,19207.0,0.0,0.0,3082.0,-138.42
12/04/2025,0,25920.0,66.94666666666667,17243.0,17243.0,0.0,0.0,18882.0,18882.0,0.0,0.0,15902.0,15902.0,0.0,0.0,19207.0,19207.0,0.0,0.0,3082.0,-138.42
13/04/2025,0,25920.0,67.06333333333333,17243.0,17243.0,0.0,0.0,18882.0,18882.0,0.0,0.0,15902.0,15902.0,0.0,0.0,19207.0,19207.0,0.0,0.0,3082.0,-138.42
14/04/2025,0,26000.0,67.18,17243.0,17243.0,0.0,0.0,18882.0,18882.0,0.0,0.0,15902.0,15902.0,0.0,0.0,19207.0,19207.0,0.0,0.0,3082.0,-138.42
15/04/2025,0,26010.0,66.58,17243.0,17243.0,0.0,0.0,18882.0,18882.0,0.0,0.0,15902.0,15902.0,0.0,0.0,19207.0,19207.0,0.0,0.0,3082.0,-138.42
16/04/2025,0,26010.0,67.94,17243.0,17243.0,0.0,0.0,18882.0,18882.0,0.0,0.0,15902.0,15902.0,0.0,0.0,19207.0,19207.0,0.0,0.0,3082.0,-138.42
17/04/2025,1,26060.0,69.33,17037.0,17037.0,0.0,0.0,18498.0,18498.0,0.0,0.0,15960.0,15960.0,0.0,0.0,18856.0,18856.0,0.0,0.0,3082.0,-138.42
18/04/2025,0,26120.0,69.25,17037.0,17037.0,0.0,0.0,18498.0,18498.0,0.0,0.0,15960.0,15960.0,0.0,0.0,18856.0,18856.0,0.0,0.0,3082.0,-138.42
19/04/2025,0,26120.0,69.17,17037.0,17037.0,0.0,0.0,18498.0,18498.0,0.0,0.0,15960.0,15960.0,0.0,0.0,18856.0,18856.0,0.0,0.0,3082.0,-138.42
20/04/2025,0,26120.0,69.09,17037.0,17037.0,0.0,0.0,18498.0,18498.0,0.0,0.0,15960.0,15960.0,0.0,0.0,18856.0,18856.0,0.0,0.0,3082.0,-138.42
21/04/2025,0,26060.0,69.01,17037.0,17037.0,0.0,0.0,18498.0,18498.0,0.0,0.0,15960.0,15960.0,0.0,0.0,18856.0,18856.0,0.0,0.0,3082.0,-138.42
22/04/2025,0,26115.0,68.93,17037.0,17037.0,0.0,0.0,18498.0,18498.0,0.0,0.0,15960.0,15960.0,0.0,0.0,18856.0,18856.0,0.0,0.0,3082.0,-138.42
23/04/2025,0,26141.0,68.26,17037.0,17037.0,0.0,0.0,18498.0,18498.0,0.0,0.0,15960.0,15960.0,0.0,0.0,18856.0,18856.0,0.0,0.0,3082.0,-138.42
24/04/2025,1,26174.0,67.5,17524.0,17524.0,0.0,0.0,19238.0,19238.0,0.0,0.0,16524.0,16524.0,0.0,0.0,19638.0,19638.0,0.0,0.0,3082.0,-138.42
25/04/2025,0,26195.0,66.99,17524.0,17524.0,0.0,0.0,19238.0,19238.0,0.0,0.0,16524.0,16524.0,0.0,0.0,19638.0,19638.0,0.0,0.0,3082.0,-138.42
26/04/2025,0,26200.0,66.70333333333333,17524.0,17524.0,0.0,0.0,19238.0,19238.0,0.0,0.0,16524.0,16524.0,0.0,0.0,19638.0,19638.0,0.0,0.0,3082.0,-138.42
27/04/2025,0,26200.0,66.41666666666666,17524.0,17524.0,0.0,0.0,19238.0,19238.0,0.0,0.0,16524.0,16524.0,0.0,0.0,19638.0,19638.0,0.0,0.0,3082.0,-138.42
28/04/2025,0,26170.0,66.13,17524.0,17524.0,0.0,0.0,19238.0,19238.0,0.0,0.0,16524.0,16524.0,0.0,0.0,19638.0,19638.0,0.0,0.0,3082.0,-138.42
29/04/2025,0,26180.0,64.04,17524.0,17524.0,0.0,0.0,19238.0,19238.0,0.0,0.0,16524.0,16524.0,0.0,0.0,19638.0,19638.0,0.0,0.0,3082.0,-138.42
30/04/2025,0,26180.0,63.37,17524.0,17524.0,0.0,0.0,19238.0,19238.0,0.0,0.0,16524.0,16524.0,0.0,0.0,19638.0,19638.0,0.0,0.0,3082.0,-138.42
01/05/2025,0,26180.0,62.37,17524.0,17524.0,0.0,0.0,19238.0,19238.0,0.0,0.0,16524.0,16524.0,0.0,0.0,19638.0,19638.0,0.0,0.0,3082.0,-138.42
02/05/2025,0,26180.0,61.57,17524.0,17524.0,0.0,0.0,19238.0,19238.0,0.0,0.0,16524.0,16524.0,0.0,0.0,19638.0,19638.0,0.0,0.0,3082.0,-138.42
03/05/2025,0,26180.0,61.769999999999996,17524.0,17524.0,0.0,0.0,19238.0,19238.0,0.0,0.0,16524.0,16524.0,0.0,0.0,19638.0,19638.0,0.0,0.0,3082.0,-138.42
04/05/2025,0,26180.0,61.97,17524.0,17524.0,0.0,0.0,19238.0,19238.0,0.0,0.0,16524.0,16524.0,0.0,0.0,19638.0,19638.0,0.0,0.0,3082.0,-138.42
05/05/2025,1,26140.0,62.17,17359.0,17359.0,0.0,0.0,19154.0,19154.0,0.0,0.0,16198.0,16198.0,0.0,0.0,19586.0,19586.0,0.0,0.0,3082.0,-138.42
06/05/2025,0,26150.0,62.37,17359.0,17359.0,0.0,0.0,19154.0,19154.0,0.0,0.0,16198.0,16198.0,0.0,0.0,19586.0,19586.0,0.0,0.0,3082.0,-138.42
07/05/2025,0,26130.0,60.31,17359.0,17359.0,0.0,0.0,19154.0,19154.0,0.0,0.0,16198.0,16198.0,0.0,0.0,19586.0,19586.0,0.0,0.0,3082.0,-138.42
08/05/2025,1,26150.0,62.22,16809.0,16809.0,0.0,0.0,18777.0,18777.0,0.0,0.0,15533.0,15533.0,0.0,0.0,19179.0,19179.0,0.0,0.0,3082.0,-138.42
09/05/2025,0,26140.0,64.26,16809.0,16809.0,0.0,0.0,18777.0,18777.0,0.0,0.0,15533.0,15533.0,0.0,0.0,19179.0,19179.0,0.0,0.0,3082.0,-138.42
10/05/2025,0,26140.0,64.60000000000001,16809.0,16809.0,0.0,0.0,18777.0,18777.0,0.0,0.0,15533.0,15533.0,0.0,0.0,19179.0,19179.0,0.0,0.0,3082.0,-138.42
11/05/2025,0,26140.0,64.94,16809.0,16809.0,0.0,0.0,18777.0,18777.0,0.0,0.0,15533.0,15533.0,0.0,0.0,19179.0,19179.0,0.0,0.0,3082.0,-138.42
12/05/2025,0,26140.0,65.28,16809.0,16809.0,0.0,0.0,18777.0,18777.0,0.0,0.0,15533.0,15533.0,0.0,0.0,19179.0,19179.0,0.0,0.0,3082.0,-138.42
13/05/2025,0,26140.0,66.93,16809.0,16809.0,0.0,0.0,18777.0,18777.0,0.0,0.0,15533.0,15533.0,0.0,0.0,19179.0,19179.0,0.0,0.0,3082.0,-138.42
14/05/2025,0,26120.0,65.91,16809.0,16809.0,0.0,0.0,18777.0,18777.0,0.0,0.0,15533.0,15533.0,0.0,0.0,19179.0,19179.0,0.0,0.0,3082.0,-138.42
15/05/2025,1,26110.0,64.36,17228.0,17228.0,0.0,0.0,19180.0,19180.0,0.0,0.0,16160.0,16160.0,0.0,0.0,19594.0,19594.0,0.0,0.0,3083.0,-138.42
16/05/2025,0,26110.0,65.2,17228.0,17228.0,0.0,0.0,19180.0,19180.0,0.0,0.0,16160.0,16160.0,0.0,0.0,19594.0,19594.0,0.0,0.0,3083.0,-138.42
17/05/2025,0,26110.0,65.55,17228.0,17228.0,0.0,0.0,19180.0,19180.0,0.0,0.0,16160.0,16160.0,0.0,0.0,19594.0,19594.0,0.0,0.0,3083.0,-138.42
18/05/2025,0,26110.0,65.9,17228.0,17228.0,0.0,0.0,19180.0,19180.0,0.0,0.0,16160.0,16160.0,0.0,0.0,19594.0,19594.0,0.0,0.0,3083.0,-138.42
19/05/2025,0,26120.0,66.25,17228.0,17228.0,0.0,0.0,19180.0,19180.0,0.0,0.0,16160.0,16160.0,0.0,0.0,19594.0,19594.0,0.0,0.0,3083.0,-138.42
20/05/2025,0,26140.0,66.93,17228.0,17228.0,0.0,0.0,19180.0,19180.0,0.0,0.0,16160.0,16160.0,0.0,0.0,19594.0,19594.0,0.0,0.0,3083.0,-138.42
21/05/2025,0,26140.0,65.86,17228.0,17228.0,0.0,0.0,19180.0,19180.0,0.0,0.0,16160.0,16160.0,0.0,0.0,19594.0,19594.0,0.0,0.0,3083.0,-138.42
22/05/2025,1,26150.0,64.87,17405.0,17405.0,0.0,0.0,19122.0,19122.0,0.0,0.0,16512.0,16512.0,0.0,0.0,19532.0,19532.0,0.0,0.0,3083.0,-138.42
23/05/2025,0,26130.0,65.41,17405.0,17405.0,0.0,0.0,19122.0,19122.0,0.0,0.0,16512.0,16512.0,0.0,0.0,19532.0,19532.0,0.0,0.0,3083.0,-138.42
24/05/2025,0,26130.0,65.13749999999999,17405.0,17405.0,0.0,0.0,19122.0,19122.0,0.0,0.0,16512.0,16512.0,0.0,0.0,19532.0,19532.0,0.0,0.0,3083.0,-138.42
25/05/2025,0,26130.0,64.865,17405.0,17405.0,0.0,0.0,19122.0,19122.0,0.0,0.0,16512.0,16512.0,0.0,0.0,19532.0,19532.0,0.0,0.0,3083.0,-138.42
26/05/2025,0,26090.0,64.5925,17405.0,17405.0,0.0,0.0,19122.0,19122.0,0.0,0.0,16512.0,16512.0,0.0,0.0,19532.0,19532.0,0.0,0.0,3083.0,-138.42
27/05/2025,0,26100.0,64.32,17405.0,17405.0,0.0,0.0,19122.0,19122.0,0.0,0.0,16512.0,16512.0,0.0,0.0,19532.0,19532.0,0.0,0.0,3083.0,-138.42
28/05/2025,0,26140.0,65.72,17405.0,17405.0,0.0,0.0,19122.0,19122.0,0.0,0.0,16512.0,16512.0,0.0,0.0,19532.0,19532.0,0.0,0.0,3083.0,-138.42
29/05/2025,1,26200.0,64.6,17136.0,17136.0,0.0,0.0,19196.0,19196.0,0.0,0.0,16264.0,16264.0,0.0,0.0,19565.0,19565.0,0.0,0.0,3083.0,-138.42
30/05/2025,0,26200.0,64.32,17136.0,17136.0,0.0,0.0,19196.0,19196.0,0.0,0.0,16264.0,16264.0,0.0,0.0,19565.0,19565.0,0.0,0.0,3083.0,-138.42
31/05/2025,0,26200.0,65.06333333333333,17136.0,17136.0,0.0,0.0,19196.0,19196.0,0.0,0.0,16264.0,16264.0,0.0,0.0,19565.0,19565.0,0.0,0.0,3083.0,-138.42
01/06/2025,0,26200.0,65.80666666666666,17136.0,17136.0,0.0,0.0,19196.0,19196.0,0.0,0.0,16264.0,16264.0,0.0,0.0,19565.0,19565.0,0.0,0.0,3083.0,-138.42
02/06/2025,0,26200.0,66.55,17136.0,17136.0,0.0,0.0,19196.0,19196.0,0.0,0.0,16264.0,16264.0,0.0,0.0,19565.0,19565.0,0.0,0.0,3083.0,-138.42
03/06/2025,0,26230.0,67.48,17136.0,17136.0,0.0,0.0,19196.0,19196.0,0.0,0.0,16264.0,16264.0,0.0,0.0,19565.0,19565.0,0.0,0.0,3083.0,-138.42
04/06/2025,0,26254.0,66.69,17136.0,17136.0,0.0,0.0,19196.0,19196.0,0.0,0.0,16264.0,16264.0,0.0,0.0,19565.0,19565.0,0.0,0.0,3083.0,-138.42
05/06/2025,1,26244.0,67.14,17420.0,17420.0,0.0,0.0,19263.0,19263.0,0.0,0.0,16178.0,16178.0,0.0,0.0,19698.0,19698.0,0.0,0.0,3083.0,-138.42
06/06/2025,0,26220.0,68.02,17420.0,17420.0,0.0,0.0,19263.0,19263.0,0.0,0.0,16178.0,16178.0,0.0,0.0,19698.0,19698.0,0.0,0.0,3083.0,-138.42
07/06/2025,0,26220.0,68.25666666666666,17420.0,17420.0,0.0,0.0,19263.0,19263.0,0.0,0.0,16178.0,16178.0,0.0,0.0,19698.0,19698.0,0.0,0.0,3083.0,-138.42
08/06/2025,0,26220.0,68.49333333333334,17420.0,17420.0,0.0,0.0,19263.0,19263.0,0.0,0.0,16178.0,16178.0,0.0,0.0,19698.0,19698.0,0.0,0.0,3083.0,-138.42
09/06/2025,0,26220.0,68.73,17420.0,17420.0,0.0,0.0,19263.0,19263.0,0.0,0.0,16178.0,16178.0,0.0,0.0,19698.0,19698.0,0.0,0.0,3083.0,-138.42
10/06/2025,0,26200.0,68.41,17420.0,17420.0,0.0,0.0,19263.0,19263.0,0.0,0.0,16178.0,16178.0,0.0,0.0,19698.0,19698.0,0.0,0.0,3083.0,-138.42
11/06/2025,0,26200.0,71.29,17420.0,17420.0,0.0,0.0,19263.0,19263.0,0.0,0.0,16178.0,16178.0,0.0,0.0,19698.0,19698.0,0.0,0.0,3083.0,-138.42
12/06/2025,1,26210.0,70.84,17700.0,17700.0,0.0,0.0,19462.0,19462.0,0.0,0.0,16461.0,16461.0,0.0,0.0,19967.0,19967.0,0.0,0.0,3083.0,-138.42
13/06/2025,0,26223.0,76.0,17700.0,17700.0,0.0,0.0,19462.0,19462.0,0.0,0.0,16461.0,16461.0,0.0,0.0,19967.0,19967.0,0.0,0.0,3083.0,-138.42
14/06/2025,0,26223.0,75.68333333333334,17700.0,17700.0,0.0,0.0,19462.0,19462.0,0.0,0.0,16461.0,16461.0,0.0,0.0,19967.0,19967.0,0.0,0.0,3083.0,-138.42
15/06/2025,0,26223.0,75.36666666666666,17700.0,17700.0,0.0,0.0,19462.0,19462.0,0.0,0.0,16461.0,16461.0,0.0,0.0,19967.0,19967.0,0.0,0.0,3083.0,-138.42
16/06/2025,0,26242.0,75.05,17700.0,17700.0,0.0,0.0,19462.0,19462.0,0.0,0.0,16461.0,16461.0,0.0,0.0,19967.0,19967.0,0.0,0.0,3083.0,-138.42
17/06/2025,0,26247.0,78.7,17700.0,17700.0,0.0,0.0,19462.0,19462.0,0.0,0.0,16461.0,16461.0,0.0,0.0,19967.0,19967.0,0.0,0.0,3083.0,-138.42
18/06/2025,0,26243.0,78.38,17700.0,17700.0,0.0,0.0,19462.0,19462.0,0.0,0.0,16461.0,16461.0,0.0,0.0,19967.0,19967.0,0.0,0.0,3083.0,-138.42
19/06/2025,1,26276.0,80.37,19156.0,19156.0,0.0,0.0,20631.0,20631.0,0.0,0.0,17643.0,17643.0,0.0,0.0,21244.0,21244.0,0.0,0.0,3083.0,-138.42
20/06/2025,0,26282.0,78.73,19156.0,19156.0,0.0,0.0,20631.0,20631.0,0.0,0.0,17643.0,17643.0,0.0,0.0,21244.0,21244.0,0.0,0.0,3083.0,-138.42
21/06/2025,0,26282.0,77.26666666666667,19156.0,19156.0,0.0,0.0,20631.0,20631.0,0.0,0.0,17643.0,17643.0,0.0,0.0,21244.0,21244.0,0.0,0.0,3083.0,-138.42
22/06/2025,0,26282.0,75.80333333333334,19156.0,19156.0,0.0,0.0,20631.0,20631.0,0.0,0.0,17643.0,17643.0,0.0,0.0,21244.0,21244.0,0.0,0.0,3083.0,-138.42
23/06/2025,0,26279.0,74.34,19156.0,19156.0,0.0,0.0,20631.0,20631.0,0.0,0.0,17643.0,17643.0,0.0,0.0,21244.0,21244.0,0.0,0.0,3083.0,-138.42
24/06/2025,0,26310.0,69.13,19156.0,19156.0,0.0,0.0,20631.0,20631.0,0.0,0.0,17643.0,17643.0,0.0,0.0,21244.0,21244.0,0.0,0.0,3083.0,-138.42
25/06/2025,0,26307.0,68.4,19156.0,19156.0,0.0,0.0,20631.0,20631.0,0.0,0.0,17643.0,17643.0,0.0,0.0,21244.0,21244.0,0.0,0.0,3083.0,-138.42
26/06/2025,1,26290.0,68.57,19707.0,19707.0,0.0,0.0,20911.0,20911.0,0.0,0.0,17269.0,17269.0,0.0,0.0,21507.0,21507.0,0.0,0.0,3083.0,-138.42
27/06/2025,0,26270.0,69.37,19707.0,19707.0,0.0,0.0,20911.0,20911.0,0.0,0.0,17269.0,17269.0,0.0,0.0,21507.0,21507.0,0.0,0.0,3083.0,-138.42
28/06/2025,0,26270.0,68.96333333333334,19707.0,19707.0,0.0,0.0,20911.0,20911.0,0.0,0.0,17269.0,17269.0,0.0,0.0,21507.0,21507.0,0.0,0.0,3083.0,-138.42
29/06/2025,0,26270.0,68.55666666666667,19707.0,19707.0,0.0,0.0,20911.0,20911.0,0.0,0.0,17269.0,17269.0,0.0,0.0,21507.0,21507.0,0.0,0.0,3083.0,-138.42
30/06/2025,0,26300.0,68.15,19707.0,19707.0,0.0,0.0,20911.0,20911.0,0.0,0.0,17269.0,17269.0,0.0,0.0,21507.0,21507.0,0.0,0.0,3083.0,-138.42
01/07/2025,0,26310.0,67.63,19707.0,19707.0,0.0,0.0,20911.0,20911.0,0.0,0.0,17269.0,17269.0,0.0,0.0,21507.0,21507.0,0.0,0.0,3083.0,-138.42
02/07/2025,0,26323.0,70.8,19707.0,19707.0,0.0,0.0,20911.0,20911.0,0.0,0.0,17269.0,17269.0,0.0,0.0,21507.0,21507.0,0.0,0.0,3083.0,-138.42
03/07/2025,1,26345.0,70.42,18408.0,18408.0,0.0,0.0,19445.0,19445.0,0.0,0.0,15807.0,15807.0,0.0,0.0,19906.0,19906.0,0.0,0.0,3083.0,-138.42
04/07/2025,0,26350.0,71.03,18408.0,18408.0,0.0,0.0,19445.0,19445.0,0.0,0.0,15807.0,15807.0,0.0,0.0,19906.0,19906.0,0.0,0.0,3083.0,-138.42
05/07/2025,0,26350.0,71.33666666666667,18408.0,18408.0,0.0,0.0,19445.0,19445.0,0.0,0.0,15807.0,15807.0,0.0,0.0,19906.0,19906.0,0.0,0.0,3083.0,-138.42
06/07/2025,0,26350.0,71.64333333333333,18408.0,18408.0,0.0,0.0,19445.0,19445.0,0.0,0.0,15807.0,15807.0,0.0,0.0,19906.0,19906.0,0.0,0.0,3083.0,-138.42
07/07/2025,0,26330.0,71.95,18408.0,18408.0,0.0,0.0,19445.0,19445.0,0.0,0.0,15807.0,15807.0,0.0,0.0,19906.0,19906.0,0.0,0.0,3083.0,-138.42
08/07/2025,0,26305.0,72.5,18408.0,18408.0,0.0,0.0,19445.0,19445.0,0.0,0.0,15807.0,15807.0,0.0,0.0,19906.0,19906.0,0.0,0.0,3083.0,-138.42
09/07/2025,0,26320.0,71.98,18408.0,18408.0,0.0,0.0,19445.0,19445.0,0.0,0.0,15807.0,15807.0,0.0,0.0,19906.0,19906.0,0.0,0.0,3083.0,-138.42
10/07/2025,1,26290.0,70.38,18837.0,18837.0,0.0,0.0,19659.0,19659.0,0.0,0.0,15563.0,15563.0,0.0,0.0,20090.0,20090.0,0.0,0.0,3084.0,-138.42
11/07/2025,0,26290.0,72.06,18837.0,18837.0,0.0,0.0,19659.0,19659.0,0.0,0.0,15563.0,15563.0,0.0,0.0,20090.0,20090.0,0.0,0.0,3084.0,-138.42
12/07/2025,0,26290.0,71.69333333333333,18837.0,18837.0,0.0,0.0,19659.0,19659.0,0.0,0.0,15563.0,15563.0,0.0,0.0,20090.0,20090.0,0.0,0.0,3084.0,-138.42
13/07/2025,0,26290.0,71.32666666666667,18837.0,18837.0,0.0,0.0,19659.0,19659.0,0.0,0.0,15563.0,15563.0,0.0,0.0,20090.0,20090.0,0.0,0.0,3084.0,-138.42
14/07/2025,0,26290.0,70.96,18837.0,18837.0,0.0,0.0,19659.0,19659.0,0.0,0.0,15563.0,15563.0,0.0,0.0,20090.0,20090.0,0.0,0.0,3084.0,-138.42
15/07/2025,0,26310.0,70.27,18837.0,18837.0,0.0,0.0,19659.0,19659.0,0.0,0.0,15563.0,15563.0,0.0,0.0,20090.0,20090.0,0.0,0.0,3084.0,-138.42
16/07/2025,0,26330.0,69.67,18837.0,18837.0,0.0,0.0,19659.0,19659.0,0.0,0.0,15563.0,15563.0,0.0,0.0,20090.0,20090.0,0.0,0.0,3084.0,-138.42
17/07/2025,1,26330.0,71.32,18799.0,18799.0,0.0,0.0,19481.0,19481.0,0.0,0.0,15478.0,15478.0,0.0,0.0,19925.0,19925.0,0.0,0.0,3084.0,-138.42
18/07/2025,0,26340.0,71.06,18799.0,18799.0,0.0,0.0,19481.0,19481.0,0.0,0.0,15478.0,15478.0,0.0,0.0,19925.0,19925.0,0.0,0.0,3084.0,-138.42
19/07/2025,0,26340.0,71.34666666666666,18799.0,18799.0,0.0,0.0,19481.0,19481.0,0.0,0.0,15478.0,15478.0,0.0,0.0,19925.0,19925.0,0.0,0.0,3084.0,-138.42
20/07/2025,0,26340.0,71.63333333333334,18799.0,18799.0,0.0,0.0,19481.0,19481.0,0.0,0.0,15478.0,15478.0,0.0,0.0,19925.0,19925.0,0.0,0.0,3084.0,-138.42
21/07/2025,0,26340.0,71.92,18799.0,18799.0,0.0,0.0,19481.0,19481.0,0.0,0.0,15478.0,15478.0,0.0,0.0,19925.0,19925.0,0.0,0.0,3084.0,-138.42
22/07/2025,0,26320.0,69.69,18799.0,18799.0,0.0,0.0,19481.0,19481.0,0.0,0.0,15478.0,15478.0,0.0,0.0,19925.0,19925.0,0.0,0.0,3084.0,-138.42
23/07/2025,0,26320.0,69.17,18799.0,18799.0,0.0,0.0,19481.0,19481.0,0.0,0.0,15478.0,15478.0,0.0,0.0,19925.0,19925.0,0.0,0.0,3084.0,-138.42
24/07/2025,1,26320.0,70.42,19129.0,19129.0,0.0,0.0,19279.0,19279.0,0.0,0.0,15379.0,15379.0,0.0,0.0,19709.0,19709.0,0.0,0.0,3084.0,-138.42
25/07/2025,0,26320.0,69.23,19129.0,19129.0,0.0,0.0,19279.0,19279.0,0.0,0.0,15379.0,15379.0,0.0,0.0,19709.0,19709.0,0.0,0.0,3084.0,-138.42
26/07/2025,0,26320.0,69.77666666666667,19129.0,19129.0,0.0,0.0,19279.0,19279.0,0.0,0.0,15379.0,15379.0,0.0,0.0,19709.0,19709.0,0.0,0.0,3084.0,-138.42
27/07/2025,0,26320.0,70.32333333333334,19129.0,19129.0,0.0,0.0,19279.0,19279.0,0.0,0.0,15379.0,15379.0,0.0,0.0,19709.0,19709.0,0.0,0.0,3084.0,-138.42
28/07/2025,0,26370.0,70.87,19129.0,19129.0,0.0,0.0,19279.0,19279.0,0.0,0.0,15379.0,15379.0,0.0,0.0,19709.0,19709.0,0.0,0.0,3084.0,-138.42
29/07/2025,0,26400.0,73.21,19129.0,19129.0,0.0,0.0,19279.0,19279.0,0.0,0.0,15379.0,15379.0,0.0,0.0,19709.0,19709.0,0.0,0.0,3084.0,-138.42
30/07/2025,0,26390.0,73.98,19129.0,19129.0,0.0,0.0,19279.0,19279.0,0.0,0.0,15379.0,15379.0,0.0,0.0,19709.0,19709.0,0.0,0.0,3084.0,-138.42
31/07/2025,1,26380.0,73.43,19068.0,19068.0,0.0,0.0,19401.0,19401.0,0.0,0.0,15533.0,15533.0,0.0,0.0,19840.0,19840.0,0.0,0.0,3084.0,-138.42
01/08/2025,0,26390.0,70.55,19068.0,19068.0,0.0,0.0,19401.0,19401.0,0.0,0.0,15533.0,15533.0,0.0,0.0,19840.0,19840.0,0.0,0.0,3084.0,-138.42
02/08/2025,0,26390.0,70.22,19068.0,19068.0,0.0,0.0,19401.0,19401.0,0.0,0.0,15533.0,15533.0,0.0,0.0,19840.0,19840.0,0.0,0.0,3084.0,-138.42
03/08/2025,0,26390.0,69.89,19068.0,19068.0,0.0,0.0,19401.0,19401.0,0.0,0.0,15533.0,15533.0,0.0,0.0,19840.0,19840.0,0.0,0.0,3084.0,-138.42
04/08/2025,0,26370.0,69.56,19068.0,19068.0,0.0,0.0,19401.0,19401.0,0.0,0.0,15533.0,15533.0,0.0,0.0,19840.0,19840.0,0.0,0.0,3084.0,-138.42
05/08/2025,0,26420.0,69.14,19068.0,19068.0,0.0,0.0,19401.0,19401.0,0.0,0.0,15533.0,15533.0,0.0,0.0,19840.0,19840.0,0.0,0.0,3084.0,-138.42
06/08/2025,0,26420.0,67.97,19068.0,19068.0,0.0,0.0,19401.0,19401.0,0.0,0.0,15533.0,15533.0,0.0,0.0,19840.0,19840.0,0.0,0.0,3084.0,-138.42
07/08/2025,1,26400.0,66.99,18800.0,18800.0,0.0,0.0,19608.0,19608.0,0.0,0.0,15647.0,15647.0,0.0,0.0,20074.0,20074.0,0.0,0.0,3084.0,-138.42
08/08/2025,0,26400.0,67.17,18800.0,18800.0,0.0,0.0,19608.0,19608.0,0.0,0.0,15647.0,15647.0,0.0,0.0,20074.0,20074.0,0.0,0.0,3084.0,-138.42
09/08/2025,0,26400.0,67.23333333333333,18800.0,18800.0,0.0,0.0,19608.0,19608.0,0.0,0.0,15647.0,15647.0,0.0,0.0,20074.0,20074.0,0.0,0.0,3084.0,-138.42
10/08/2025,0,26400.0,67.29666666666667,18800.0,18800.0,0.0,0.0,19608.0,19608.0,0.0,0.0,15647.0,15647.0,0.0,0.0,20074.0,20074.0,0.0,0.0,3084.0,-138.42
11/08/2025,0,26400.0,67.36,18800.0,18800.0,0.0,0.0,19608.0,19608.0,0.0,0.0,15647.0,15647.0,0.0,0.0,20074.0,20074.0,0.0,0.0,3084.0,-138.42
12/08/2025,0,26450.0,66.8,18800.0,18800.0,0.0,0.0,19608.0,19608.0,0.0,0.0,15647.0,15647.0,0.0,0.0,20074.0,20074.0,0.0,0.0,3084.0,-138.42
13/08/2025,0,26450.0,66.25,18800.0,18800.0,0.0,0.0,19608.0,19608.0,0.0,0.0,15647.0,15647.0,0.0,0.0,20074.0,20074.0,0.0,0.0,3084.0,-138.42
14/08/2025,1,26440.0,68.12,18077.0,18077.0,0.0,0.0,19354.0,19354.0,0.0,0.0,15268.0,15268.0,0.0,0.0,19884.0,19884.0,0.0,0.0,3084.0,-138.42
15/08/2025,0,26450.0,67.3,18077.0,18077.0,0.0,0.0,19354.0,19354.0,0.0,0.0,15268.0,15268.0,0.0,0.0,19884.0,19884.0,0.0,0.0,3084.0,-138.42
16/08/2025,0,26450.0,67.59333333333333,18077.0,18077.0,0.0,0.0,19354.0,19354.0,0.0,0.0,15268.0,15268.0,0.0,0.0,19884.0,19884.0,0.0,0.0,3084.0,-138.42
17/08/2025,0,26450.0,67.88666666666667,18077.0,18077.0,0.0,0.0,19354.0,19354.0,0.0,0.0,15268.0,15268.0,0.0,0.0,19884.0,19884.0,0.0,0.0,3084.0,-138.42
18/08/2025,0,26470.0,68.18,18077.0,18077.0,0.0,0.0,19354.0,19354.0,0.0,0.0,15268.0,15268.0,0.0,0.0,19884.0,19884.0,0.0,0.0,3084.0,-138.42
19/08/2025,0,26490.0,66.62,18077.0,18077.0,0.0,0.0,19354.0,19354.0,0.0,0.0,15268.0,15268.0,0.0,0.0,19884.0,19884.0,0.0,0.0,3084.0,-138.42
20/08/2025,0,26520.0,67.61,18077.0,18077.0,0.0,0.0,19354.0,19354.0,0.0,0.0,15268.0,15268.0,0.0,0.0,19884.0,19884.0,0.0,0.0,3084.0,-138.42
21/08/2025,1,26536.0,68.41,17905.0,17905.0,0.0,0.0,19464.0,19464.0,0.0,0.0,15116.0,15116.0,0.0,0.0,20092.0,20092.0,0.0,0.0,3084.0,-138.42
22/08/2025,0,26520.0,68.29,17905.0,17905.0,0.0,0.0,19464.0,19464.0,0.0,0.0,15116.0,15116.0,0.0,0.0,20092.0,20092.0,0.0,0.0,3084.0,-138.42
23/08/2025,0,26520.0,67.94,17905.0,17905.0,0.0,0.0,19464.0,19464.0,0.0,0.0,15116.0,15116.0,0.0,0.0,20092.0,20092.0,0.0,0.0,3084.0,-138.42
24/08/2025,0,26520.0,67.59,17905.0,17905.0,0.0,0.0,19464.0,19464.0,0.0,0.0,15116.0,15116.0,0.0,0.0,20092.0,20092.0,0.0,0.0,3084.0,-138.42
25/08/2025,0,26480.0,67.24000000000001,17905.0,17905.0,0.0,0.0,19464.0,19464.0,0.0,0.0,15116.0,15116.0,0.0,0.0,20092.0,20092.0,0.0,0.0,3084.0,-138.42
26/08/2025,0,26530.0,66.89,17905.0,17905.0,0.0,0.0,19464.0,19464.0,0.0,0.0,15116.0,15116.0,0.0,0.0,20092.0,20092.0,0.0,0.0,3084.0,-138.42
27/08/2025,0,26536.0,67.75,17905.0,17905.0,0.0,0.0,19464.0,19464.0,0.0,0.0,15116.0,15116.0,0.0,0.0,20092.0,20092.0,0.0,0.0,3084.0,-138.42
28/08/2025,1,26531.0,68.61,18357.0,18357.0,0.0,0.0,19771.0,19771.0,0.0,0.0,15260.0,15260.0,0.0,0.0,20363.0,20363.0,0.0,0.0,3084.0,-138.42
29/08/2025,0,26502.0,67.83,18357.0,18357.0,0.0,0.0,19771.0,19771.0,0.0,0.0,15260.0,15260.0,0.0,0.0,20363.0,20363.0,0.0,0.0,3084.0,-138.42
30/08/2025,0,26502.0,67.58333333333333,18357.0,18357.0,0.0,0.0,19771.0,19771.0,0.0,0.0,15260.0,15260.0,0.0,0.0,20363.0,20363.0,0.0,0.0,3084.0,-138.42
31/08/2025,0,26502.0,67.33666666666667,18357.0,18357.0,0.0,0.0,19771.0,19771.0,0.0,0.0,15260.0,15260.0,0.0,0.0,20363.0,20363.0,0.0,0.0,3084.0,-138.42
01/09/2025,0,26502.0,67.09,18357.0,18357.0,0.0,0.0,19771.0,19771.0,0.0,0.0,15260.0,15260.0,0.0,0.0,20363.0,20363.0,0.0,0.0,3084.0,-138.42
02/09/2025,0,26502.0,68.09,18357.0,18357.0,0.0,0.0,19771.0,19771.0,0.0,0.0,15260.0,15260.0,0.0,0.0,20363.0,20363.0,0.0,0.0,3084.0,-138.42
03/09/2025,0,26508.0,67.76,18357.0,18357.0,0.0,0.0,19771.0,19771.0,0.0,0.0,15260.0,15260.0,0.0,0.0,20363.0,20363.0,0.0,0.0,3084.0,-138.42
04/09/2025,1,26510.0,66.41,18473.0,18473.0,0.0,0.0,19851.0,19851.0,0.0,0.0,15376.0,15376.0,0.0,0.0,20439.0,20439.0,0.0,0.0,3084.0,-138.42
05/09/2025,0,26510.0,64.92,18473.0,18473.0,0.0,0.0,19851.0,19851.0,0.0,0.0,15376.0,15376.0,0.0,0.0,20439.0,20439.0,0.0,0.0,3084.0,-138.42
06/09/2025,0,26510.0,65.09333333333333,18473.0,18473.0,0.0,0.0,19851.0,19851.0,0.0,0.0,15376.0,15376.0,0.0,0.0,20439.0,20439.0,0.0,0.0,3084.0,-138.42
07/09/2025,0,26510.0,65.26666666666667,18473.0,18473.0,0.0,0.0,19851.0,19851.0,0.0,0.0,15376.0,15376.0,0.0,0.0,20439.0,20439.0,0.0,0.0,3084.0,-138.42
08/09/2025,0,26497.0,65.44,18473.0,18473.0,0.0,0.0,19851.0,19851.0,0.0,0.0,15376.0,15376.0,0.0,0.0,20439.0,20439.0,0.0,0.0,3084.0,-138.42
09/09/2025,0,26497.0,67.97,18473.0,18473.0,0.0,0.0,19851.0,19851.0,0.0,0.0,15376.0,15376.0,0.0,0.0,20439.0,20439.0,0.0,0.0,3084.0,-138.42
10/09/2025,0,26482.0,67.62,18473.0,18473.0,0.0,0.0,19851.0,19851.0,0.0,0.0,15376.0,15376.0,0.0,0.0,20439.0,20439.0,0.0,0.0,3084.0,-138.42
11/09/2025,1,26482.0,67.25,18643.0,18643.0,0.0,0.0,19756.0,19756.0,0.0,0.0,15090.0,15090.0,0.0,0.0,20400.0,20400.0,0.0,0.0,3085.0,-138.42
12/09/2025,0,26476.0,67.87,18643.0,18643.0,0.0,0.0,19756.0,19756.0,0.0,0.0,15090.0,15090.0,0.0,0.0,20400.0,20400.0,0.0,0.0,3085.0,-138.42
13/09/2025,0,26476.0,67.87333333333333,18643.0,18643.0,0.0,0.0,19756.0,19756.0,0.0,0.0,15090.0,15090.0,0.0,0.0,20400.0,20400.0,0.0,0.0,3085.0,-138.42
14/09/2025,0,26476.0,67.87666666666667,18643.0,18643.0,0.0,0.0,19756.0,19756.0,0.0,0.0,15090.0,15090.0,0.0,0.0,20400.0,20400.0,0.0,0.0,3085.0,-138.42
15/09/2025,0,26476.0,67.88,18643.0,18643.0,0.0,0.0,19756.0,19756.0,0.0,0.0,15090.0,15090.0,0.0,0.0,20400.0,20400.0,0.0,0.0,3085.0,-138.42
16/09/2025,0,26468.0,69.69,18643.0,18643.0,0.0,0.0,19756.0,19756.0,0.0,0.0,15090.0,15090.0,0.0,0.0,20400.0,20400.0,0.0,0.0,3085.0,-138.42
17/09/2025,0,26457.0,69.19,18643.0,18643.0,0.0,0.0,19756.0,19756.0,0.0,0.0,15090.0,15090.0,0.0,0.0,20400.0,20400.0,0.0,0.0,3085.0,-138.42
18/09/2025,1,26445.0,67.83,18705.0,18705.0,0.0,0.0,19986.0,19986.0,0.0,0.0,15130.0,15130.0,0.0,0.0,20608.0,20608.0,0.0,0.0,3085.0,-138.42
19/09/2025,0,26445.0,67.05,18705.0,18705.0,0.0,0.0,19986.0,19986.0,0.0,0.0,15130.0,15130.0,0.0,0.0,20608.0,20608.0,0.0,0.0,3085.0,-138.42
20/09/2025,0,26445.0,66.99,18705.0,18705.0,0.0,0.0,19986.0,19986.0,0.0,0.0,15130.0,15130.0,0.0,0.0,20608.0,20608.0,0.0,0.0,3085.0,-138.42
21/09/2025,0,26445.0,66.93,18705.0,18705.0,0.0,0.0,19986.0,19986.0,0.0,0.0,15130.0,15130.0,0.0,0.0,20608.0,20608.0,0.0,0.0,3085.0,-138.42
22/09/2025,0,26448.0,66.87,18705.0,18705.0,0.0,0.0,19986.0,19986.0,0.0,0.0,15130.0,15130.0,0.0,0.0,20608.0,20608.0,0.0,0.0,3085.0,-138.42
23/09/2025,0,26448.0,67.96,18705.0,18705.0,0.0,0.0,19986.0,19986.0,0.0,0.0,15130.0,15130.0,0.0,0.0,20608.0,20608.0,0.0,0.0,3085.0,-138.42
24/09/2025,0,26445.0,69.64,18705.0,18705.0,0.0,0.0,19986.0,19986.0,0.0,0.0,15130.0,15130.0,0.0,0.0,20608.0,20608.0,0.0,0.0,3085.0,-138.42
25/09/2025,1,26450.0,70.48,18658.0,18658.0,0.0,0.0,19618.0,19618.0,0.0,0.0,15209.0,15209.0,0.0,0.0,20165.0,20165.0,0.0,0.0,3085.0,-138.42
26/09/2025,0,26453.0,71.15,18658.0,18658.0,0.0,0.0,19618.0,19618.0,0.0,0.0,15209.0,15209.0,0.0,0.0,20165.0,20165.0,0.0,0.0,3085.0,-138.42
27/09/2025,0,26453.0,70.43333333333334,18658.0,18658.0,0.0,0.0,19618.0,19618.0,0.0,0.0,15209.0,15209.0,0.0,0.0,20165.0,20165.0,0.0,0.0,3085.0,-138.42
28/09/2025,0,26453.0,69.71666666666667,18658.0,18658.0,0.0,0.0,19618.0,19618.0,0.0,0.0,15209.0,15209.0,0.0,0.0,20165.0,20165.0,0.0,0.0,3085.0,-138.42
29/09/2025,0,26451.0,69.0,18658.0,18658.0,0.0,0.0,19618.0,19618.0,0.0,0.0,15209.0,15209.0,0.0,0.0,20165.0,20165.0,0.0,0.0,3085.0,-138.42
30/09/2025,0,26446.0,68.52,18658.0,18658.0,0.0,0.0,19618.0,19618.0,0.0,0.0,15209.0,15209.0,0.0,0.0,20165.0,20165.0,0.0,0.0,3085.0,-138.42
01/10/2025,0,26446.0,66.67,18658.0,18658.0,0.0,0.0,19618.0,19618.0,0.0,0.0,15209.0,15209.0,0.0,0.0,20165.0,20165.0,0.0,0.0,3085.0,-138.42
02/10/2025,1,26435.0,65.44,19038.0,19038.0,0.0,0.0,19624.0,19624.0,0.0,0.0,15370.0,15370.0,0.0,0.0,20209.0,20209.0,0.0,0.0,3085.0,-138.42
03/10/2025,0,26420.0,66.13,19038.0,19038.0,0.0,0.0,19624.0,19624.0,0.0,0.0,15370.0,15370.0,0.0,0.0,20209.0,20209.0,0.0,0.0,3085.0,-138.42
04/10/2025,0,26420.0,66.45,19038.0,19038.0,0.0,0.0,19624.0,19624.0,0.0,0.0,15370.0,15370.0,0.0,0.0,20209.0,20209.0,0.0,0.0,3085.0,-138.42
05/10/2025,0,26420.0,66.77,19038.0,19038.0,0.0,0.0,19624.0,19624.0,0.0,0.0,15370.0,15370.0,0.0,0.0,20209.0,20209.0,0.0,0.0,3085.0,-138.42
06/10/2025,0,26403.0,67.09,19038.0,19038.0,0.0,0.0,19624.0,19624.0,0.0,0.0,15370.0,15370.0,0.0,0.0,20209.0,20209.0,0.0,0.0,3085.0,-138.42
07/10/2025,0,26398.0,67.1,19038.0,19038.0,0.0,0.0,19624.0,19624.0,0.0,0.0,15370.0,15370.0,0.0,0.0,20209.0,20209.0,0.0,0.0,3085.0,-138.42
08/10/2025,0,26389.0,67.42,19038.0,19038.0,0.0,0.0,19624.0,19624.0,0.0,0.0,15370.0,15370.0,0.0,0.0,20209.0,20209.0,0.0,0.0,3085.0,-138.42
09/10/2025,1,26386.0,67.23,18604.0,18604.0,0.0,0.0,19138.0,19138.0,0.0,0.0,14808.0,14808.0,0.0,0.0,19729.0,19729.0,0.0,0.0,3085.0,-138.42
10/10/2025,0,26384.0,64.41,18604.0,18604.0,0.0,0.0,19138.0,19138.0,0.0,0.0,14808.0,14808.0,0.0,0.0,19729.0,19729.0,0.0,0.0,3085.0,-138.42
11/10/2025,0,26384.0,64.32333333333334,18604.0,18604.0,0.0,0.0,19138.0,19138.0,0.0,0.0,14808.0,14808.0,0.0,0.0,19729.0,19729.0,0.0,0.0,3085.0,-138.42
12/10/2025,0,26384.0,64.23666666666666,18604.0,18604.0,0.0,0.0,19138.0,19138.0,0.0,0.0,14808.0,14808.0,0.0,0.0,19729.0,19729.0,0.0,0.0,3085.0,-138.42
13/10/2025,0,26367.0,64.15,18604.0,18604.0,0.0,0.0,19138.0,19138.0,0.0,0.0,14808.0,14808.0,0.0,0.0,19729.0,19729.0,0.0,0.0,3085.0,-138.42
14/10/2025,0,26369.0,63.0,18604.0,18604.0,0.0,0.0,19138.0,19138.0,0.0,0.0,14808.0,14808.0,0.0,0.0,19729.0,19729.0,0.0,0.0,3085.0,-138.42
15/10/2025,0,26369.0,62.33,18604.0,18604.0,0.0,0.0,19138.0,19138.0,0.0,0.0,14808.0,14808.0,0.0,0.0,19729.0,19729.0,0.0,0.0,3085.0,-138.42
16/10/2025,1,26364.0,61.08,18423.0,18423.0,0.0,0.0,19226.0,19226.0,0.0,0.0,14371.0,14371.0,0.0,0.0,19903.0,19903.0,0.0,0.0,3085.0,-138.42
17/10/2025,0,26356.0,61.23,18423.0,18423.0,0.0,0.0,19226.0,19226.0,0.0,0.0,14371.0,14371.0,0.0,0.0,19903.0,19903.0,0.0,0.0,3085.0,-138.42
18/10/2025,0,26356.0,61.056666666666665,18423.0,18423.0,0.0,0.0,19226.0,19226.0,0.0,0.0,14371.0,14371.0,0.0,0.0,19903.0,19903.0,0.0,0.0,3085.0,-138.42
19/10/2025,0,26356.0,60.88333333333333,18423.0,18423.0,0.0,0.0,19226.0,19226.0,0.0,0.0,14371.0,14371.0,0.0,0.0,19903.0,19903.0,0.0,0.0,3085.0,-138.42
20/10/2025,0,26356.0,60.71,18423.0,18423.0,0.0,0.0,19226.0,19226.0,0.0,0.0,14371.0,14371.0,0.0,0.0,19903.0,19903.0,0.0,0.0,3085.0,-138.42
21/10/2025,0,26353.0,61.0,18423.0,18423.0,0.0,0.0,19226.0,19226.0,0.0,0.0,14371.0,14371.0,0.0,0.0,19903.0,19903.0,0.0,0.0,3085.0,-138.42
22/10/2025,0,26353.0,62.28,18423.0,18423.0,0.0,0.0,19226.0,19226.0,0.0,0.0,14371.0,14371.0,0.0,0.0,19903.0,19903.0,0.0,0.0,3085.0,-138.42
23/10/2025,0,26352.0,66.32,18423.0,18423.0,0.0,0.0,19226.0,19226.0,0.0,0.0,14371.0,14371.0,0.0,0.0,19903.0,19903.0,0.0,0.0,3085.0,-138.42
24/10/2025,0,26352.0,65.8,18423.0,18423.0,0.0,0.0,19226.0,19226.0,0.0,0.0,14371.0,14371.0,0.0,0.0,19903.0,19903.0,0.0,0.0,3085.0,-138.42
25/10/2025,0,26352.0,65.70666666666666,18423.0,18423.0,0.0,0.0,19226.0,19226.0,0.0,0.0,14371.0,14371.0,0.0,0.0,19903.0,19903.0,0.0,0.0,3085.0,-138.42
26/10/2025,0,26352.0,65.61333333333333,18423.0,18423.0,0.0,0.0,19226.0,19226.0,0.0,0.0,14371.0,14371.0,0.0,0.0,19903.0,19903.0,0.0,0.0,3085.0,-138.42
27/10/2025,0,26351.0,65.52,18423.0,18423.0,0.0,0.0,19226.0,19226.0,0.0,0.0,14371.0,14371.0,0.0,0.0,19903.0,19903.0,0.0,0.0,3085.0,-138.42
28/10/2025,0,26349.0,64.03,18423.0,18423.0,0.0,0.0,19226.0,19226.0,0.0,0.0,14371.0,14371.0,0.0,0.0,19903.0,19903.0,0.0,0.0,3085.0,-138.42
29/10/2025,0,26345.0,65.01,18423.0,18423.0,0.0,0.0,19226.0,19226.0,0.0,0.0,14371.0,14371.0,0.0,0.0,19903.0,19903.0,0.0,0.0,3085.0,-138.42
30/10/2025,1,26345.0,65.11,19203.0,19203.0,0.0,0.0,19760.0,19760.0,0.0,0.0,14639.0,14639.0,0.0,0.0,20488.0,20488.0,0.0,0.0,3085.0,-138.42
31/10/2025,0,26347.0,65.44,19203.0,19203.0,0.0,0.0,19760.0,19760.0,0.0,0.0,14639.0,14639.0,0.0,0.0,20488.0,20488.0,0.0,0.0,3085.0,-138.42
01/11/2025,0,26347.0,65.55666666666667,19203.0,19203.0,0.0,0.0,19760.0,19760.0,0.0,0.0,14639.0,14639.0,0.0,0.0,20488.0,20488.0,0.0,0.0,3085.0,-138.42
02/11/2025,0,26347.0,65.67333333333333,19203.0,19203.0,0.0,0.0,19760.0,19760.0,0.0,0.0,14639.0,14639.0,0.0,0.0,20488.0,20488.0,0.0,0.0,3085.0,-138.42
03/11/2025,0,26347.0,65.79,19203.0,19203.0,0.0,0.0,19760.0,19760.0,0.0,0.0,14639.0,14639.0,0.0,0.0,20488.0,20488.0,0.0,0.0,3085.0,-138.42
04/11/2025,0,26349.0,65.04,19203.0,19203.0,0.0,0.0,19760.0,19760.0,0.0,0.0,14639.0,14639.0,0.0,0.0,20488.0,20488.0,0.0,0.0,3085.0,-138.42
05/11/2025,0,26351.0,63.54,19203.0,19203.0,0.0,0.0,19760.0,19760.0,0.0,0.0,14639.0,14639.0,0.0,0.0,20488.0,20488.0,0.0,0.0,3085.0,-138.42
06/11/2025,1,26355.0,63.41,19323.0,19323.0,0.0,0.0,19682.0,19682.0,0.0,0.0,14320.0,14320.0,0.0,0.0,20416.0,20416.0,0.0,0.0,3085.0,-138.42
07/11/2025,0,26358.0,63.72,19323.0,19323.0,0.0,0.0,19682.0,19682.0,0.0,0.0,14320.0,14320.0,0.0,0.0,20416.0,20416.0,0.0,0.0,3085.0,-138.42
08/11/2025,0,26358.0,63.483333333333334,19323.0,19323.0,0.0,0.0,19682.0,19682.0,0.0,0.0,14320.0,14320.0,0.0,0.0,20416.0,20416.0,0.0,0.0,3085.0,-138.42
09/11/2025,0,26358.0,63.24666666666666,19323.0,19323.0,0.0,0.0,19682.0,19682.0,0.0,0.0,14320.0,14320.0,0.0,0.0,20416.0,20416.0,0.0,0.0,3085.0,-138.42
10/11/2025,0,26361.0,63.01,19323.0,19323.0,0.0,0.0,19682.0,19682.0,0.0,0.0,14320.0,14320.0,0.0,0.0,20416.0,20416.0,0.0,0.0,3085.0,-138.42
11/11/2025,0,26373.0,63.86,19323.0,19323.0,0.0,0.0,19682.0,19682.0,0.0,0.0,14320.0,14320.0,0.0,0.0,20416.0,20416.0,0.0,0.0,3085.0,-138.42
12/11/2025,0,26385.0,61.88,19323.0,19323.0,0.0,0.0,19682.0,19682.0,0.0,0.0,14320.0,14320.0,0.0,0.0,20416.0,20416.0,0.0,0.0,3085.0,-138.42
13/11/2025,1,26381.0,62.14,19864.0,19864.0,0.0,0.0,19844.0,19844.0,0.0,0.0,14074.0,14074.0,0.0,0.0,20576.0,20576.0,0.0,0.0,3086.0,-138.42
14/11/2025,0,26378.0,63.45,19864.0,19864.0,0.0,0.0,19844.0,19844.0,0.0,0.0,14074.0,14074.0,0.0,0.0,20576.0,20576.0,0.0,0.0,3086.0,-138.42
15/11/2025,0,26378.0,63.35333333333333,19864.0,19864.0,0.0,0.0,19844.0,19844.0,0.0,0.0,14074.0,14074.0,0.0,0.0,20576.0,20576.0,0.0,0.0,3086.0,-138.42
16/11/2025,0,26378.0,63.25666666666667,19864.0,19864.0,0.0,0.0,19844.0,19844.0,0.0,0.0,14074.0,14074.0,0.0,0.0,20576.0,20576.0,0.0,0.0,3086.0,-138.42
17/11/2025,0,26376.0,63.16,19864.0,19864.0,0.0,0.0,19844.0,19844.0,0.0,0.0,14074.0,14074.0,0.0,0.0,20576.0,20576.0,0.0,0.0,3086.0,-138.42
18/11/2025,0,26388.0,64.86,19864.0,19864.0,0.0,0.0,19844.0,19844.0,0.0,0.0,14074.0,14074.0,0.0,0.0,20576.0,20576.0,0.0,0.0,3086.0,-138.42
19/11/2025,0,26388.0,63.78,19864.0,19864.0,0.0,0.0,19844.0,19844.0,0.0,0.0,14074.0,14074.0,0.0,0.0,20576.0,20576.0,0.0,0.0,3086.0,-138.42
20/11/2025,1,26386.0,63.64,19826.0,19826.0,0.0,0.0,19807.0,19807.0,0.0,0.0,13739.0,13739.0,0.0,0.0,20542.0,20542.0,0.0,0.0,3086.0,-138.42
21/11/2025,0,26392.0,62.78,19826.0,19826.0,0.0,0.0,19807.0,19807.0,0.0,0.0,13739.0,13739.0,0.0,0.0,20542.0,20542.0,0.0,0.0,3086.0,-138.42
22/11/2025,0,26392.0,63.46333333333333,19826.0,19826.0,0.0,0.0,19807.0,19807.0,0.0,0.0,13739.0,13739.0,0.0,0.0,20542.0,20542.0,0.0,0.0,3086.0,-138.42
23/11/2025,0,26392.0,64.14666666666666,19826.0,19826.0,0.0,0.0,19807.0,19807.0,0.0,0.0,13739.0,13739.0,0.0,0.0,20542.0,20542.0,0.0,0.0,3086.0,-138.42
24/11/2025,0,26401.0,64.83,19826.0,19826.0,0.0,0.0,19807.0,19807.0,0.0,0.0,13739.0,13739.0,0.0,0.0,20542.0,20542.0,0.0,0.0,3086.0,-138.42
25/11/2025,0,26403.0,63.99,19826.0,19826.0,0.0,0.0,19807.0,19807.0,0.0,0.0,13739.0,13739.0,0.0,0.0,20542.0,20542.0,0.0,0.0,3086.0,-138.42
26/11/2025,0,26403.0,64.81,19826.0,19826.0,0.0,0.0,19807.0,19807.0,0.0,0.0,13739.0,13739.0,0.0,0.0,20542.0,20542.0,0.0,0.0,3086.0,-138.42
27/11/2025,1,26409.0,64.18,18800.0,18800.0,0.0,0.0,19288.0,19288.0,0.0,0.0,13488.0,13488.0,0.0,0.0,20009.0,20009.0,0.0,0.0,3086.0,-138.42
28/11/2025,0,26412.0,64.07,18800.0,18800.0,0.0,0.0,19288.0,19288.0,0.0,0.0,13488.0,13488.0,0.0,0.0,20009.0,20009.0,0.0,0.0,3086.0,-138.42
29/11/2025,0,26412.0,64.11999999999999,18800.0,18800.0,0.0,0.0,19288.0,19288.0,0.0,0.0,13488.0,13488.0,0.0,0.0,20009.0,20009.0,0.0,0.0,3086.0,-138.42
30/11/2025,0,26412.0,64.17,18800.0,18800.0,0.0,0.0,19288.0,19288.0,0.0,0.0,13488.0,13488.0,0.0,0.0,20009.0,20009.0,0.0,0.0,3086.0,-138.42
01/12/2025,0,26413.0,64.22,18800.0,18800.0,0.0,0.0,19288.0,19288.0,0.0,0.0,13488.0,13488.0,0.0,0.0,20009.0,20009.0,0.0,0.0,3086.0,-138.42
02/12/2025,0,26410.0,63.37,18800.0,18800.0,0.0,0.0,19288.0,19288.0,0.0,0.0,13488.0,13488.0,0.0,0.0,20009.0,20009.0,0.0,0.0,3086.0,-138.42
03/12/2025,0,26410.0,63.75,18800.0,18800.0,0.0,0.0,19288.0,19288.0,0.0,0.0,13488.0,13488.0,0.0,0.0,20009.0,20009.0,0.0,0.0,3086.0,-138.42
04/12/2025,1,26409.0,64.15,18380.0,18380.0,0.0,0.0,19822.0,19822.0,0.0,0.0,13436.0,13436.0,0.0,0.0,20460.0,20460.0,0.0,0.0,3086.0,-138.42
05/12/2025,0,26408.0,64.42,18380.0,18380.0,0.0,0.0,19822.0,19822.0,0.0,0.0,13436.0,13436.0,0.0,0.0,20460.0,20460.0,0.0,0.0,3086.0,-138.42
06/12/2025,0,26408.0,64.04666666666667,18380.0,18380.0,0.0,0.0,19822.0,19822.0,0.0,0.0,13436.0,13436.0,0.0,0.0,20460.0,20460.0,0.0,0.0,3086.0,-138.42
07/12/2025,0,26408.0,63.67333333333333,18380.0,18380.0,0.0,0.0,19822.0,19822.0,0.0,0.0,13436.0,13436.0,0.0,0.0,20460.0,20460.0,0.0,0.0,3086.0,-138.42
08/12/2025,0,26409.0,63.3,18380.0,18380.0,0.0,0.0,19822.0,19822.0,0.0,0.0,13436.0,13436.0,0.0,0.0,20460.0,20460.0,0.0,0.0,3086.0,-138.42
09/12/2025,0,26412.0,62.62,18380.0,18380.0,0.0,0.0,19822.0,19822.0,0.0,0.0,13436.0,13436.0,0.0,0.0,20460.0,20460.0,0.0,0.0,3086.0,-138.42
10/12/2025,0,26412.0,63.12,18380.0,18380.0,0.0,0.0,19822.0,19822.0,0.0,0.0,13436.0,13436.0,0.0,0.0,20460.0,20460.0,0.0,0.0,3086.0,-138.42
11/12/2025,1,26411.0,61.87,18154.0,18154.0,0.0,0.0,19615.0,19615.0,0.0,0.0,13393.0,13393.0,0.0,0.0,20082.0,20082.0,0.0,0.0,3086.0,-138.42
12/12/2025,0,26405.0,62.11,18154.0,18154.0,0.0,0.0,19615.0,19615.0,0.0,0.0,13393.0,13393.0,0.0,0.0,20082.0,20082.0,0.0,0.0,3086.0,-138.42
13/12/2025,0,26405.0,61.92333333333333,18154.0,18154.0,0.0,0.0,19615.0,19615.0,0.0,0.0,13393.0,13393.0,0.0,0.0,20082.0,20082.0,0.0,0.0,3086.0,-138.42
14/12/2025,0,26405.0,61.736666666666665,18154.0,18154.0,0.0,0.0,19615.0,19615.0,0.0,0.0,13393.0,13393.0,0.0,0.0,20082.0,20082.0,0.0,0.0,3086.0,-138.42
15/12/2025,0,26401.0,61.55,18154.0,18154.0,0.0,0.0,19615.0,19615.0,0.0,0.0,13393.0,13393.0,0.0,0.0,20082.0,20082.0,0.0,0.0,3086.0,-138.42
16/12/2025,0,26398.0,59.93,18154.0,18154.0,0.0,0.0,19615.0,19615.0,0.0,0.0,13393.0,13393.0,0.0,0.0,20082.0,20082.0,0.0,0.0,3086.0,-138.42
17/12/2025,0,26403.0,60.61,18154.0,18154.0,0.0,0.0,19615.0,19615.0,0.0,0.0,13393.0,13393.0,0.0,0.0,20082.0,20082.0,0.0,0.0,3086.0,-138.42
18/12/2025,1,26408.0,60.69,17476.0,17476.0,0.0,0.0,19239.0,19239.0,0.0,0.0,13160.0,13160.0,0.0,0.0,19620.0,19620.0,0.0,0.0,3086.0,-138.42
19/12/2025,0,26405.0,61.35,17476.0,17476.0,0.0,0.0,19239.0,19239.0,0.0,0.0,13160.0,13160.0,0.0,0.0,19620.0,19620.0,0.0,0.0,3086.0,-138.42
20/12/2025,0,26405.0,61.64,17476.0,17476.0,0.0,0.0,19239.0,19239.0,0.0,0.0,13160.0,13160.0,0.0,0.0,19620.0,19620.0,0.0,0.0,3086.0,-138.42
21/12/2025,0,26405.0,61.93,17476.0,17476.0,0.0,0.0,19239.0,19239.0,0.0,0.0,13160.0,13160.0,0.0,0.0,19620.0,19620.0,0.0,0.0,3086.0,-138.42
22/12/2025,0,26406.0,62.22,17476.0,17476.0,0.0,0.0,19239.0,19239.0,0.0,0.0,13160.0,13160.0,0.0,0.0,19620.0,19620.0,0.0,0.0,3086.0,-138.42
23/12/2025,0,26403.0,63.7,17476.0,17476.0,0.0,0.0,19239.0,19239.0,0.0,0.0,13160.0,13160.0,0.0,0.0,19620.0,19620.0,0.0,0.0,3086.0,-138.42
24/12/2025,0,26403.0,63.7,17476.0,17476.0,0.0,0.0,19239.0,19239.0,0.0,0.0,13160.0,13160.0,0.0,0.0,19620.0,19620.0,0.0,0.0,3086.0,-138.42
25/12/2025,1,26389.0,63.580000000000005,17257.0,17257.0,0.0,0.0,18716.0,18716.0,0.0,0.0,13382.0,13382.0,0.0,0.0,19006.0,19006.0,0.0,0.0,3086.0,-138.42
26/12/2025,0,26384.0,63.46,17257.0,17257.0,0.0,0.0,18716.0,18716.0,0.0,0.0,13382.0,13382.0,0.0,0.0,19006.0,19006.0,0.0,0.0,3086.0,-138.42
27/12/2025,0,26384.0,63.34,17257.0,17257.0,0.0,0.0,18716.0,18716.0,0.0,0.0,13382.0,13382.0,0.0,0.0,19006.0,19006.0,0.0,0.0,3086.0,-138.42
28/12/2025,0,26384.0,63.22,17257.0,17257.0,0.0,0.0,18716.0,18716.0,0.0,0.0,13382.0,13382.0,0.0,0.0,19006.0,19006.0,0.0,0.0,3086.0,-138.42
29/12/2025,0,26381.0,63.1,17257.0,17257.0,0.0,0.0,18716.0,18716.0,0.0,0.0,13382.0,13382.0,0.0,0.0,19006.0,19006.0,0.0,0.0,3086.0,-138.42
30/12/2025,0,26380.0,62.3,17257.0,17257.0,0.0,0.0,18716.0,18716.0,0.0,0.0,13382.0,13382.0,0.0,0.0,19006.0,19006.0,0.0,0.0,3086.0,-138.42
31/12/2025,1,26377.0,61.35,17255.0,17255.0,0.0,0.0,18438.0,18438.0,0.0,0.0,13345.0,13345.0,0.0,0.0,18917.0,18917.0,0.0,0.0,3086.0,-138.42
01/01/2026,0,26377.0,61.665,17255.0,17255.0,0.0,0.0,18438.0,18438.0,0.0,0.0,13345.0,13345.0,0.0,0.0,18917.0,18917.0,0.0,0.0,3086.0,-138.42
02/01/2026,0,26377.0,61.98,17255.0,17255.0,0.0,0.0,18438.0,18438.0,0.0,0.0,13345.0,13345.0,0.0,0.0,18917.0,18917.0,0.0,0.0,3086.0,-138.42
03/01/2026,0,26377.0,62.32,17255.0,17255.0,0.0,0.0,18438.0,18438.0,0.0,0.0,13345.0,13345.0,0.0,0.0,18917.0,18917.0,0.0,0.0,3086.0,-138.42
04/01/2026,0,26377.0,62.66,17255.0,17255.0,0.0,0.0,18438.0,18438.0,0.0,0.0,13345.0,13345.0,0.0,0.0,18917.0,18917.0,0.0,0.0,3086.0,-138.42
05/01/2026,0,26380.0,63.0,17255.0,17255.0,0.0,0.0,18438.0,18438.0,0.0,0.0,13345.0,13345.0,0.0,0.0,18917.0,18917.0,0.0,0.0,3086.0,-138.42
06/01/2026,0,26378.0,62.1,17255.0,17255.0,0.0,0.0,18438.0,18438.0,0.0,0.0,13345.0,13345.0,0.0,0.0,18917.0,18917.0,0.0,0.0,3086.0,-138.42
07/01/2026,0,26378.0,61.08,17255.0,17255.0,0.0,0.0,18438.0,18438.0,0.0,0.0,13345.0,13345.0,0.0,0.0,18917.0,18917.0,0.0,0.0,3086.0,-138.42
08/01/2026,1,26381.0,63.34,17061.0,17061.0,0.0,0.0,18233.0,18233.0,0.0,0.0,13403.0,13403.0,0.0,0.0,18560.0,18560.0,0.0,0.0,3087.0,-138.42
09/01/2026,0,26383.0,65.11,17061.0,17061.0,0.0,0.0,18233.0,18233.0,0.0,0.0,13403.0,13403.0,0.0,0.0,18560.0,18560.0,0.0,0.0,3087.0,-138.42
10/01/2026,0,26387.0,65.20666666666666,17061.0,17061.0,0.0,0.0,18233.0,18233.0,0.0,0.0,13403.0,13403.0,0.0,0.0,18560.0,18560.0,0.0,0.0,3087.0,-138.42
11/01/2026,0,26387.0,65.30333333333334,17061.0,17061.0,0.0,0.0,18233.0,18233.0,0.0,0.0,13403.0,13403.0,0.0,0.0,18560.0,18560.0,0.0,0.0,3087.0,-138.42
12/01/2026,0,26385.0,65.4,17061.0,17061.0,0.0,0.0,18233.0,18233.0,0.0,0.0,13403.0,13403.0,0.0,0.0,18560.0,18560.0,0.0,0.0,3087.0,-138.42
13/01/2026,0,26385.0,67.58,17061.0,17061.0,0.0,0.0,18233.0,18233.0,0.0,0.0,13403.0,13403.0,0.0,0.0,18560.0,18560.0,0.0,0.0,3087.0,-138.42
14/01/2026,0,26391.0,68.87,17061.0,17061.0,0.0,0.0,18233.0,18233.0,0.0,0.0,13403.0,13403.0,0.0,0.0,18560.0,18560.0,0.0,0.0,3087.0,-138.42
15/01/2026,0,26391.0,66.16,17061.0,17061.0,0.0,0.0,18233.0,18233.0,0.0,0.0,13403.0,13403.0,0.0,0.0,18560.0,18560.0,0.0,0.0,3087.0,-138.42
16/01/2026,0,26387.0,66.97,17061.0,17061.0,0.0,0.0,18233.0,18233.0,0.0,0.0,13403.0,13403.0,0.0,0.0,18560.0,18560.0,0.0,0.0,3087.0,-138.42
17/01/2026,0,26387.0,66.95,17061.0,17061.0,0.0,0.0,18233.0,18233.0,0.0,0.0,13403.0,13403.0,0.0,0.0,18560.0,18560.0,0.0,0.0,3087.0,-138.42
18/01/2026,0,26387.0,66.92999999999999,17061.0,17061.0,0.0,0.0,18233.0,18233.0,0.0,0.0,13403.0,13403.0,0.0,0.0,18560.0,18560.0,0.0,0.0,3087.0,-138.42
19/01/2026,0,26388.0,66.91,17061.0,17061.0,0.0,0.0,18233.0,18233.0,0.0,0.0,13403.0,13403.0,0.0,0.0,18560.0,18560.0,0.0,0.0,3087.0,-138.42
20/01/2026,0,26386.0,67.68,17061.0,17061.0,0.0,0.0,18233.0,18233.0,0.0,0.0,13403.0,13403.0,0.0,0.0,18560.0,18560.0,0.0,0.0,3087.0,-138.42
21/01/2026,0,26380.0,66.72,17061.0,17061.0,0.0,0.0,18233.0,18233.0,0.0,0.0,13403.0,13403.0,0.0,0.0,18560.0,18560.0,0.0,0.0,3087.0,-138.42
22/01/2026,1,26381.0,65.46,17700.0,17700.0,0.0,0.0,18283.0,18283.0,0.0,0.0,13872.0,13872.0,0.0,0.0,18631.0,18631.0,0.0,0.0,3087.0,-138.42
23/01/2026,0,26381.0,68.16,17700.0,17700.0,0.0,0.0,18283.0,18283.0,0.0,0.0,13872.0,13872.0,0.0,0.0,18631.0,18631.0,0.0,0.0,3087.0,-138.42
24/01/2026,0,26381.0,68.00666666666666,17700.0,17700.0,0.0,0.0,18283.0,18283.0,0.0,0.0,13872.0,13872.0,0.0,0.0,18631.0,18631.0,0.0,0.0,3087.0,-138.42
25/01/2026,0,26381.0,67.85333333333334,17700.0,17700.0,0.0,0.0,18283.0,18283.0,0.0,0.0,13872.0,13872.0,0.0,0.0,18631.0,18631.0,0.0,0.0,3087.0,-138.42
26/01/2026,0,26368.0,67.7,17700.0,17700.0,0.0,0.0,18283.0,18283.0,0.0,0.0,13872.0,13872.0,0.0,0.0,18631.0,18631.0,0.0,0.0,3087.0,-138.42
27/01/2026,0,26330.0,70.28,17700.0,17700.0,0.0,0.0,18283.0,18283.0,0.0,0.0,13872.0,13872.0,0.0,0.0,18631.0,18631.0,0.0,0.0,3087.0,-138.42
28/01/2026,0,26260.0,70.9,17700.0,17700.0,0.0,0.0,18283.0,18283.0,0.0,0.0,13872.0,13872.0,0.0,0.0,18631.0,18631.0,0.0,0.0,3087.0,-138.42
29/01/2026,1,26200.0,71.0,18173.0,18173.0,0.0,0.0,18339.0,18339.0,0.0,0.0,14633.0,14633.0,0.0,0.0,18845.0,18845.0,0.0,0.0,3087.0,-138.42
30/01/2026,0,26110.0,72.25,18173.0,18173.0,0.0,0.0,18339.0,18339.0,0.0,0.0,14633.0,14633.0,0.0,0.0,18845.0,18845.0,0.0,0.0,3087.0,-138.42
31/01/2026,0,26110.0,70.74,18173.0,18173.0,0.0,0.0,18339.0,18339.0,0.0,0.0,14633.0,14633.0,0.0,0.0,18845.0,18845.0,0.0,0.0,3087.0,-138.42
01/02/2026,0,26110.0,69.23,18173.0,18173.0,0.0,0.0,18339.0,18339.0,0.0,0.0,14633.0,14633.0,0.0,0.0,18845.0,18845.0,0.0,0.0,3087.0,-138.42
02/02/2026,0,26180.0,67.72,18173.0,18173.0,0.0,0.0,18339.0,18339.0,0.0,0.0,14633.0,14633.0,0.0,0.0,18845.0,18845.0,0.0,0.0,3087.0,-138.42
03/02/2026,0,26180.0,70.01,18173.0,18173.0,0.0,0.0,18339.0,18339.0,0.0,0.0,14633.0,14633.0,0.0,0.0,18845.0,18845.0,0.0,0.0,3087.0,-138.42
04/02/2026,0,26180.0,71.15,18173.0,18173.0,0.0,0.0,18339.0,18339.0,0.0,0.0,14633.0,14633.0,0.0,0.0,18845.0,18845.0,0.0,0.0,3087.0,-138.42
05/02/2026,1,26150.0,69.87,18453.0,18453.0,0.0,0.0,18439.0,18439.0,0.0,0.0,15150.0,15150.0,0.0,0.0,18880.0,18880.0,0.0,0.0,3087.0,-138.42
06/02/2026,0,26140.0,70.45,18453.0,18453.0,0.0,0.0,18439.0,18439.0,0.0,0.0,15150.0,15150.0,0.0,0.0,18880.0,18880.0,0.0,0.0,3087.0,-138.42
07/02/2026,0,26140.0,70.69666666666667,18453.0,18453.0,0.0,0.0,18439.0,18439.0,0.0,0.0,15150.0,15150.0,0.0,0.0,18880.0,18880.0,0.0,0.0,3087.0,-138.42
08/02/2026,0,26140.0,70.94333333333333,18453.0,18453.0,0.0,0.0,18439.0,18439.0,0.0,0.0,15150.0,15150.0,0.0,0.0,18880.0,18880.0,0.0,0.0,3087.0,-138.42
09/02/2026,0,26100.0,71.19,18453.0,18453.0,0.0,0.0,18439.0,18439.0,0.0,0.0,15150.0,15150.0,0.0,0.0,18880.0,18880.0,0.0,0.0,3087.0,-138.42
10/02/2026,0,26060.0,71.01,18453.0,18453.0,0.0,0.0,18439.0,18439.0,0.0,0.0,15150.0,15150.0,0.0,0.0,18880.0,18880.0,0.0,0.0,3087.0,-138.42
11/02/2026,0,26160.0,71.52,18453.0,18453.0,0.0,0.0,18439.0,18439.0,0.0,0.0,15150.0,15150.0,0.0,0.0,18880.0,18880.0,0.0,0.0,3087.0,-138.42
12/02/2026,1,26160.0,69.8,18463.0,18463.0,0.0,0.0,18834.0,18834.0,0.0,0.0,15569.0,15569.0,0.0,0.0,19298.0,19298.0,0.0,0.0,3088.0,-138.42
13/02/2026,0,26160.0,69.96,18463.0,18463.0,0.0,0.0,18834.0,18834.0,0.0,0.0,15569.0,15569.0,0.0,0.0,19298.0,19298.0,0.0,0.0,3088.0,-138.42
14/02/2026,0,26160.0,70.24333333333333,18463.0,18463.0,0.0,0.0,18834.0,18834.0,0.0,0.0,15569.0,15569.0,0.0,0.0,19298.0,19298.0,0.0,0.0,3088.0,-138.42
15/02/2026,0,26160.0,70.52666666666667,18463.0,18463.0,0.0,0.0,18834.0,18834.0,0.0,0.0,15569.0,15569.0,0.0,0.0,19298.0,19298.0,0.0,0.0,3088.0,-138.42
16/02/2026,0,26160.0,70.81,18463.0,18463.0,0.0,0.0,18834.0,18834.0,0.0,0.0,15569.0,15569.0,0.0,0.0,19298.0,19298.0,0.0,0.0,3088.0,-138.42
17/02/2026,0,26160.0,69.77,18463.0,18463.0,0.0,0.0,18834.0,18834.0,0.0,0.0,15569.0,15569.0,0.0,0.0,19298.0,19298.0,0.0,0.0,3088.0,-138.42
18/02/2026,0,26160.0,71.78,18463.0,18463.0,0.0,0.0,18834.0,18834.0,0.0,0.0,15569.0,15569.0,0.0,0.0,19298.0,19298.0,0.0,0.0,3088.0,-138.42
19/02/2026,0,26160.0,73.17,18463.0,18463.0,0.0,0.0,18834.0,18834.0,0.0,0.0,15569.0,15569.0,0.0,0.0,19298.0,19298.0,0.0,0.0,3088.0,-138.42
20/02/2026,1,26160.0,72.75,18525.0,18525.0,0.0,0.0,18634.0,18634.0,0.0,0.0,15862.0,15862.0,0.0,0.0,19152.0,19152.0,0.0,0.0,3088.0,-138.42
21/02/2026,0,26160.0,72.46666666666667,18525.0,18525.0,0.0,0.0,18634.0,18634.0,0.0,0.0,15862.0,15862.0,0.0,0.0,19152.0,19152.0,0.0,0.0,3088.0,-138.42
22/02/2026,0,26160.0,72.18333333333334,18525.0,18525.0,0.0,0.0,18634.0,18634.0,0.0,0.0,15862.0,15862.0,0.0,0.0,19152.0,19152.0,0.0,0.0,3088.0,-138.42
23/02/2026,0,26290.0,71.9,18525.0,18525.0,0.0,0.0,18634.0,18634.0,0.0,0.0,15862.0,15862.0,0.0,0.0,19152.0,19152.0,0.0,0.0,3088.0,-138.42
24/02/2026,0,26305.0,71.21,18525.0,18525.0,0.0,0.0,18634.0,18634.0,0.0,0.0,15862.0,15862.0,0.0,0.0,19152.0,19152.0,0.0,0.0,3088.0,-138.42
25/02/2026,0,26309.0,70.69,18525.0,18525.0,0.0,0.0,18634.0,18634.0,0.0,0.0,15862.0,15862.0,0.0,0.0,19152.0,19152.0,0.0,0.0,3088.0,-138.42
26/02/2026,1,26260.0,71.66,19279.0,19279.0,0.0,0.0,19523.0,19523.0,0.0,0.0,15689.0,15689.0,0.0,0.0,20151.0,20151.0,0.0,0.0,3088.0,-138.42
27/02/2026,0,26230.0,71.32,19279.0,19279.0,0.0,0.0,19523.0,19523.0,0.0,0.0,15689.0,15689.0,0.0,0.0,20151.0,20151.0,0.0,0.0,3088.0,-138.42
28/02/2026,0,26230.0,73.29333333333332,19279.0,19279.0,0.0,0.0,19523.0,19523.0,0.0,0.0,15689.0,15689.0,0.0,0.0,20151.0,20151.0,0.0,0.0,3088.0,-138.42
01/03/2026,0,26230.0,75.26666666666667,19279.0,19279.0,0.0,0.0,19523.0,19523.0,0.0,0.0,15689.0,15689.0,0.0,0.0,20151.0,20151.0,0.0,0.0,3088.0,-138.42
02/03/2026,0,26289.0,77.24,19279.0,19279.0,0.0,0.0,19523.0,19523.0,0.0,0.0,15689.0,15689.0,0.0,0.0,20151.0,20151.0,0.0,0.0,3088.0,-138.42
03/03/2026,0,26298.0,83.28,19279.0,19279.0,0.0,0.0,19523.0,19523.0,0.0,0.0,15689.0,15689.0,0.0,0.0,20151.0,20151.0,0.0,0.0,3088.0,-138.42
04/03/2026,0,26304.0,81.56,19279.0,19279.0,0.0,0.0,19523.0,19523.0,0.0,0.0,15689.0,15689.0,0.0,0.0,20151.0,20151.0,0.0,0.0,3088.0,-138.42
05/03/2026,1,26307.0,88.59,23037.0,23037.0,0.0,0.0,21449.0,21449.0,0.0,0.0,17496.0,17496.0,0.0,0.0,22340.0,22340.0,0.0,0.0,3088.0,-138.42
06/03/2026,0,26309.0,95.74,23037.0,23037.0,0.0,0.0,21449.0,21449.0,0.0,0.0,17496.0,17496.0,0.0,0.0,22340.0,22340.0,0.0,0.0,3088.0,-138.42
07/03/2026,1,26309.0,95.27666666666666,30239.0,30239.0,0.0,0.0,25226.0,25226.0,0.0,0.0,21327.0,21327.0,0.0,0.0,27047.0,27047.0,0.0,0.0,3088.0,-138.42
08/03/2026,0,26309.0,94.81333333333333,30239.0,30239.0,0.0,0.0,25226.0,25226.0,0.0,0.0,21327.0,21327.0,0.0,0.0,27047.0,27047.0,0.0,0.0,3088.0,-138.42
09/03/2026,0,26311.0,94.35,30239.0,30239.0,0.0,0.0,25226.0,25226.0,0.0,0.0,21327.0,21327.0,0.0,0.0,27047.0,27047.0,0.0,0.0,3088.0,-138.42
10/03/2026,0,26315.0,89.84,30239.0,30239.0,0.0,0.0,25226.0,25226.0,0.0,0.0,21327.0,21327.0,0.0,0.0,27047.0,27047.0,0.0,0.0,3088.0,-138.42
11/03/2026,0,26311.0,90.98,30239.0,30239.0,0.0,0.0,25226.0,25226.0,0.0,0.0,21327.0,21327.0,0.0,0.0,27047.0,27047.0,0.0,0.0,2943.0,-216.96
12/03/2026,0,26314.0,102.38,30239.0,30239.0,0.0,0.0,25226.0,25226.0,0.0,0.0,21327.0,21327.0,0.0,0.0,27047.0,27047.0,0.0,0.0,2799.0,-342.17
13/03/2026,0,26318.0,103.23,30239.0,30239.0,0.0,0.0,25226.0,25226.0,0.0,0.0,21327.0,21327.0,0.0,0.0,27047.0,27047.0,0.0,0.0,2799.0,-402.94
14/03/2026,0,26318.0,102.5,30239.0,30239.0,0.0,0.0,25226.0,25226.0,0.0,0.0,21327.0,21327.0,0.0,0.0,27047.0,27047.0,0.0,0.0,2799.0,-482.54
15/03/2026,0,26318.0,101.77000000000001,30239.0,30239.0,0.0,0.0,25226.0,25226.0,0.0,0.0,21327.0,21327.0,0.0,0.0,27047.0,27047.0,0.0,0.0,2799.0,-557.34
16/03/2026,0,26321.0,101.04,30239.0,30239.0,0.0,0.0,25226.0,25226.0,0.0,0.0,21327.0,21327.0,0.0,0.0,27047.0,27047.0,0.0,0.0,2799.0,-652.05
17/03/2026,0,26321.0,108.39,30239.0,30239.0,0.0,0.0,25226.0,25226.0,0.0,0.0,21327.0,21327.0,0.0,0.0,27047.0,27047.0,0.0,0.0,2799.0,-702.97
18/03/2026,0,26320.0,118.09,30239.0,30239.0,0.0,0.0,25226.0,25226.0,0.0,0.0,21327.0,21327.0,0.0,0.0,27047.0,27047.0,0.0,0.0,2799.0,-793.52
19/03/2026,0,26325.0,111.05,30239.0,30239.0,0.0,0.0,25226.0,25226.0,0.0,0.0,21327.0,21327.0,0.0,0.0,27047.0,27047.0,0.0,0.0,1885.0,-872.58
20/03/2026,0,26339.0,118.42,30239.0,30239.0,0.0,0.0,25226.0,25226.0,0.0,0.0,21327.0,21327.0,0.0,0.0,27047.0,27047.0,0.0,0.0,1885.0,-1027.31
21/03/2026,0,26339.0,113.54333333333334,30239.0,30239.0,0.0,0.0,25226.0,25226.0,0.0,0.0,21327.0,21327.0,0.0,0.0,27047.0,27047.0,0.0,0.0,1885.0,-1061.64
22/03/2026,0,26339.0,108.66666666666667,30239.0,30239.0,0.0,0.0,25226.0,25226.0,0.0,0.0,21327.0,21327.0,0.0,0.0,27047.0,27047.0,0.0,0.0,1885.0,-1122.39
23/03/2026,0,26344.0,103.79,30239.0,30239.0,0.0,0.0,25226.0,25226.0,0.0,0.0,21327.0,21327.0,0.0,0.0,27047.0,27047.0,0.0,0.0,1885.0,-1224.77
24/03/2026,0,26364.0,108.42,30239.0,30239.0,0.0,0.0,25226.0,25226.0,0.0,0.0,21327.0,21327.0,0.0,0.0,27047.0,27047.0,0.0,0.0,1248.0,-1325.88
25/03/2026,0,26359.0,109.14,30239.0,30239.0,0.0,0.0,25226.0,25226.0,0.0,0.0,21327.0,21327.0,0.0,0.0,27047.0,27047.0,0.0,0.0,1111.0,-1329.27
26/03/2026,0,26357.0,113.39,30239.0,30239.0,0.0,0.0,25226.0,25226.0,0.0,0.0,21327.0,21327.0,0.0,0.0,27047.0,27047.0,0.0,0.0,1022.0,-1437.74
27/03/2026,0,26355.0,121.47,30239.0,30239.0,0.0,0.0,25226.0,25226.0,0.0,0.0,21327.0,21327.0,0.0,0.0,27047.0,27047.0,0.0,0.0,1022.0,-1437.74
28/03/2026,0,26355.0,121.60666666666667,30239.0,30239.0,0.0,0.0,25226.0,25226.0,0.0,0.0,21327.0,21327.0,0.0,0.0,27047.0,27047.0,0.0,0.0,1022.0,-1437.74
29/03/2026,0,26355.0,121.74333333333333,30239.0,30239.0,0.0,0.0,25226.0,25226.0,0.0,0.0,21327.0,21327.0,0.0,0.0,27047.0,27047.0,0.0,0.0,1022.0,-1437.74
30/03/2026,0,26355.0,121.88,30239.0,30239.0,0.0,0.0,25226.0,25226.0,0.0,0.0,21327.0,21327.0,0.0,0.0,27047.0,27047.0,0.0,0.0,1022.0,-1437.74
31/03/2026,0,26357.0,126.69,30239.0,30239.0,0.0,0.0,25226.0,25226.0,0.0,0.0,21327.0,21327.0,0.0,0.0,27047.0,27047.0,0.0,0.0,1022.0,-1437.74
01/04/2026,0,26360.0,119.56,30239.0,30239.0,0.0,0.0,25226.0,25226.0,0.0,0.0,21327.0,21327.0,0.0,0.0,27047.0,27047.0,0.0,0.0,1022.0,-1437.74
02/04/2026,0,26362.0,127.61,30239.0,30239.0,0.0,0.0,25226.0,25226.0,0.0,0.0,21327.0,21327.0,0.0,0.0,27047.0,27047.0,0.0,0.0,928.0,-1437.74
03/04/2026,0,26362.0,129.73,30239.0,30239.0,0.0,0.0,25226.0,25226.0,0.0,0.0,21327.0,21327.0,0.0,0.0,27047.0,27047.0,0.0,0.0,928.0,-1437.74
04/04/2026,0,26362.0,131.85,30239.0,30239.0,0.0,0.0,25226.0,25226.0,0.0,0.0,21327.0,21327.0,0.0,0.0,27047.0,27047.0,0.0,0.0,928.0,-1437.74
05/04/2026,0,26362.0,133.97,30239.0,30239.0,0.0,0.0,25226.0,25226.0,0.0,0.0,21327.0,21327.0,0.0,0.0,27047.0,27047.0,0.0,0.0,928.0,-1437.74
06/04/2026,0,26361.0,136.09,30239.0,30239.0,0.0,0.0,25226.0,25226.0,0.0,0.0,21327.0,21327.0,0.0,0.0,27047.0,27047.0,0.0,0.0,928.0,-1437.74
07/04/2026,0,26363.0,138.21,30239.0,30239.0,0.0,0.0,25226.0,25226.0,0.0,0.0,21327.0,21327.0,0.0,0.0,27047.0,27047.0,0.0,0.0,928.0,-1437.74
08/04/2026,1,26361.0,122.11,42841.0,42841.0,0.0,0.0,24737.0,24737.0,0.0,0.0,24271.0,24271.0,0.0,0.0,26536.0,26536.0,0.0,0.0,1069.0,-1765.82
09/04/2026,1,26357.0,119.03,31969.0,32969.0,1000.0,0.0,21544.0,22344.0,800.0,0.0,21749.0,22549.0,800.0,0.0,22743.0,23543.0,800.0,0.0,1074.0,-1765.82
10/04/2026,0,26360.0,119.07,31969.0,32969.0,1000.0,0.0,21544.0,22344.0,800.0,0.0,21749.0,22549.0,800.0,0.0,22743.0,23543.0,800.0,0.0,1074.0,-1765.82
11/04/2026,0,26360.0,120.47333333333333,31969.0,32969.0,1000.0,0.0,21544.0,22344.0,800.0,0.0,21749.0,22549.0,800.0,0.0,22743.0,23543.0,800.0,0.0,1074.0,-1765.82
12/04/2026,0,26360.0,121.87666666666667,31969.0,32969.0,1000.0,0.0,21544.0,22344.0,800.0,0.0,21749.0,22549.0,800.0,0.0,22743.0,23543.0,800.0,0.0,1074.0,-1765.82
13/04/2026,0,26361.0,123.28,31969.0,32969.0,1000.0,0.0,21544.0,22344.0,800.0,0.0,21749.0,22549.0,800.0,0.0,22743.0,23543.0,800.0,0.0,1074.0,-1765.82
14/04/2026,0,26361.0,118.69,31969.0,32969.0,1000.0,0.0,21544.0,22344.0,800.0,0.0,21749.0,22549.0,800.0,0.0,22743.0,23543.0,800.0,0.0,1074.0,-1765.82
15/04/2026,0,26358.0,114.93,31969.0,32969.0,1000.0,0.0,21544.0,22344.0,800.0,0.0,21749.0,22549.0,800.0,0.0,22743.0,23543.0,800.0,0.0,1074.0,-1765.82
16/04/2026,1,26357.0,116.63,31041.0,31441.0,400.0,0.0,22592.0,22592.0,0.0,0.0,20332.0,21132.0,800.0,0.0,23761.0,23761.0,0.0,0.0,1074.0,-1692.18
17/04/2026,0,26357.0,98.63,31041.0,31441.0,400.0,0.0,22592.0,22592.0,0.0,0.0,20332.0,21132.0,800.0,0.0,23761.0,23761.0,0.0,0.0,1074.0,-1692.18
18/04/2026,0,26357.0,100.22,31041.0,31441.0,400.0,0.0,22592.0,22592.0,0.0,0.0,20332.0,21132.0,800.0,0.0,23761.0,23761.0,0.0,0.0,1074.0,-1692.18
19/04/2026,0,26357.0,101.81,31041.0,31441.0,400.0,0.0,22592.0,22592.0,0.0,0.0,20332.0,21132.0,800.0,0.0,23761.0,23761.0,0.0,0.0,1074.0,-1692.18
20/04/2026,0,26358.0,103.4,31041.0,31441.0,400.0,0.0,22592.0,22592.0,0.0,0.0,20332.0,21132.0,800.0,0.0,23761.0,23761.0,0.0,0.0,1074.0,-1692.18
21/04/2026,1,26357.0,106.14,27856.0,28456.0,600.0,0.0,21934.0,22134.0,200.0,0.0,19631.0,20231.0,600.0,0.0,23042.0,23442.0,400.0,0.0,1074.0,-1670.97
22/04/2026,0,26355.0,113.44,27856.0,28456.0,600.0,0.0,21934.0,22134.0,200.0,0.0,19631.0,20231.0,600.0,0.0,23042.0,23442.0,400.0,0.0,1074.0,-1670.97
23/04/2026,1,26360.0,113.25,26697.0,27097.0,400.0,0.0,21834.0,21834.0,0.0,0.0,18811.0,19211.0,400.0,0.0,22880.0,22880.0,0.0,0.0,1074.0,-1651.14
24/04/2026,0,26368.0,111.86,26697.0,27097.0,400.0,0.0,21834.0,21834.0,0.0,0.0,18811.0,19211.0,400.0,0.0,22880.0,22880.0,0.0,0.0,1074.0,-1651.14
25/04/2026,0,26368.0,112.53666666666666,26697.0,27097.0,400.0,0.0,21834.0,21834.0,0.0,0.0,18811.0,19211.0,400.0,0.0,22880.0,22880.0,0.0,0.0,1074.0,-1651.14
26/04/2026,0,26368.0,113.21333333333334,26697.0,27097.0,400.0,0.0,21834.0,21834.0,0.0,0.0,18811.0,19211.0,400.0,0.0,22880.0,22880.0,0.0,0.0,1074.0,-1651.14
27/04/2026,0,26368.0,113.89,26697.0,27097.0,400.0,0.0,21834.0,21834.0,0.0,0.0,18811.0,19211.0,400.0,0.0,22880.0,22880.0,0.0,0.0,1074.0,-1651.14
28/04/2026,0,26366.0,117.62,26697.0,27097.0,400.0,0.0,21834.0,21834.0,0.0,0.0,18811.0,19211.0,400.0,0.0,22880.0,22880.0,0.0,0.0,1074.0,-1651.14
29/04/2026,1,26368.0,124.16,28172.0,28172.0,0.0,0.0,22626.0,22626.0,0.0,0.0,20027.0,20027.0,0.0,0.0,23751.0,23751.0,0.0,0.0,1074.0,-1611.45
30/04/2026,0,26368.0,124.24,28172.0,28172.0,0.0,0.0,22626.0,22626.0,0.0,0.0,20027.0,20027.0,0.0,0.0,23751.0,23751.0,0.0,0.0,1074.0,-1611.45
01/05/2026,0,26368.0,118.26,28172.0,28172.0,0.0,0.0,22626.0,22626.0,0.0,0.0,20027.0,20027.0,0.0,0.0,23751.0,23751.0,0.0,0.0,1074.0,-1611.45
02/05/2026,0,26368.0,117.3225,28172.0,28172.0,0.0,0.0,22626.0,22626.0,0.0,0.0,20027.0,20027.0,0.0,0.0,23751.0,23751.0,0.0,0.0,1074.0,-1611.45
03/05/2026,0,26368.0,116.385,28172.0,28172.0,0.0,0.0,22626.0,22626.0,0.0,0.0,20027.0,20027.0,0.0,0.0,23751.0,23751.0,0.0,0.0,1074.0,-1611.45
04/05/2026,0,26367.0,115.4475,28172.0,28172.0,0.0,0.0,22626.0,22626.0,0.0,0.0,20027.0,20027.0,0.0,0.0,23751.0,23751.0,0.0,0.0,1074.0,-1611.45
05/05/2026,0,26366.0,114.51,28172.0,28172.0,0.0,0.0,22626.0,22626.0,0.0,0.0,20027.0,20027.0,0.0,0.0,23751.0,23751.0,0.0,0.0,1074.0,-1611.45
06/05/2026,0,26368.0,103.7,28172.0,28172.0,0.0,0.0,22626.0,22626.0,0.0,0.0,20027.0,20027.0,0.0,0.0,23751.0,23751.0,0.0,0.0,1074.0,-1611.45
07/05/2026,1,26368.0,101.82,27494.0,27494.0,0.0,0.0,23790.0,23790.0,0.0,0.0,21172.0,21172.0,0.0,0.0,24354.0,24354.0,0.0,0.0,1074.0,-1611.45
08/05/2026,0,26367.0,103.48,27494.0,27494.0,0.0,0.0,23790.0,23790.0,0.0,0.0,21172.0,21172.0,0.0,0.0,24354.0,24354.0,0.0,0.0,1074.0,-1611.45
09/05/2026,0,26367.0,104.35666666666667,27494.0,27494.0,0.0,0.0,23790.0,23790.0,0.0,0.0,21172.0,21172.0,0.0,0.0,24354.0,24354.0,0.0,0.0,1074.0,-1611.45
10/05/2026,0,26367.0,105.23333333333333,27494.0,27494.0,0.0,0.0,23790.0,23790.0,0.0,0.0,21172.0,21172.0,0.0,0.0,24354.0,24354.0,0.0,0.0,1074.0,-1611.45
11/05/2026,0,26373.0,106.11,27494.0,27494.0,0.0,0.0,23790.0,23790.0,0.0,0.0,21172.0,21172.0,0.0,0.0,24354.0,24354.0,0.0,0.0,1074.0,-1611.45
12/05/2026,0,26379.0,111.37,27494.0,27494.0,0.0,0.0,23790.0,23790.0,0.0,0.0,21172.0,21172.0,0.0,0.0,24354.0,24354.0,0.0,0.0,1074.0,-1611.45
13/05/2026,0,26379.0,110.28,27494.0,27494.0,0.0,0.0,23790.0,23790.0,0.0,0.0,21172.0,21172.0,0.0,0.0,24354.0,24354.0,0.0,0.0,1074.0,-1611.45
14/05/2026,1,26382.0,110.91,27226.0,27226.0,0.0,0.0,23134.0,23134.0,0.0,0.0,20585.0,20585.0,0.0,0.0,24078.0,24078.0,0.0,0.0,1074.0,-1611.45
15/05/2026,0,26387.0,113.96,27226.0,27226.0,0.0,0.0,23134.0,23134.0,0.0,0.0,20585.0,20585.0,0.0,0.0,24078.0,24078.0,0.0,0.0,1074.0,-1611.45
16/05/2026,0,26387.0,114.88333333333333,27226.0,27226.0,0.0,0.0,23134.0,23134.0,0.0,0.0,20585.0,20585.0,0.0,0.0,24078.0,24078.0,0.0,0.0,1074.0,-1611.45
17/05/2026,0,26387.0,115.80666666666667,27226.0,27226.0,0.0,0.0,23134.0,23134.0,0.0,0.0,20585.0,20585.0,0.0,0.0,24078.0,24078.0,0.0,0.0,1074.0,-1611.45
18/05/2026,0,26387.0,116.73,27226.0,27226.0,0.0,0.0,23134.0,23134.0,0.0,0.0,20585.0,20585.0,0.0,0.0,24078.0,24078.0,0.0,0.0,1074.0,-1611.45
19/05/2026,0,26389.0,114.64,27226.0,27226.0,0.0,0.0,23134.0,23134.0,0.0,0.0,20585.0,20585.0,0.0,0.0,24078.0,24078.0,0.0,0.0,1074.0,-1611.45
20/05/2026,0,26391.0,108.93,27226.0,27226.0,0.0,0.0,23134.0,23134.0,0.0,0.0,20585.0,20585.0,0.0,0.0,24078.0,24078.0,0.0,0.0,1074.0,-1611.45
21/05/2026,1,26391.0,105.84,28761.0,28761.0,0.0,0.0,24340.0,24340.0,0.0,0.0,21483.0,21483.0,0.0,0.0,25549.0,25549.0,0.0,0.0,1074.0,-1611.45
22/05/2026,0,26390.0,106.9,28761.0,28761.0,0.0,0.0,24340.0,24340.0,0.0,0.0,21483.0,21483.0,0.0,0.0,25549.0,25549.0,0.0,0.0,1074.0,-1611.45
23/05/2026,0,26390.0,105.86250000000001,28761.0,28761.0,0.0,0.0,24340.0,24340.0,0.0,0.0,21483.0,21483.0,0.0,0.0,25549.0,25549.0,0.0,0.0,1074.0,-1611.45
24/05/2026,0,26390.0,104.825,28761.0,28761.0,0.0,0.0,24340.0,24340.0,0.0,0.0,21483.0,21483.0,0.0,0.0,25549.0,25549.0,0.0,0.0,1074.0,-1611.45
25/05/2026,0,26392.0,103.7875,28761.0,28761.0,0.0,0.0,24340.0,24340.0,0.0,0.0,21483.0,21483.0,0.0,0.0,25549.0,25549.0,0.0,0.0,1074.0,-1611.45
26/05/2026,0,26394.0,102.75,28761.0,28761.0,0.0,0.0,24340.0,24340.0,0.0,0.0,21483.0,21483.0,0.0,0.0,25549.0,25549.0,0.0,0.0,1074.0,-1611.45
27/05/2026,0,26393.0,97.11,28761.0,28761.0,0.0,0.0,24340.0,24340.0,0.0,0.0,21483.0,21483.0,0.0,0.0,25549.0,25549.0,0.0,0.0,1074.0,-1611.45
28/05/2026,1,26393.0,95.47,27651.0,27951.0,300.0,0.0,23258.0,23758.0,500.0,0.0,20442.0,21142.0,700.0,0.0,24154.0,24854.0,700.0,0.0,1074.0,-1611.45
29/05/2026,0,26395.0,92.88,27651.0,27951.0,300.0,0.0,23258.0,23758.0,500.0,0.0,20442.0,21142.0,700.0,0.0,24154.0,24854.0,700.0,0.0,1074.0,-1611.45
30/05/2026,0,26395.0,92.88,27651.0,27951.0,300.0,0.0,23258.0,23758.0,500.0,0.0,20442.0,21142.0,700.0,0.0,24154.0,24854.0,700.0,0.0,1074.0,-1611.45
31/05/2026,0,26395.0,92.88,27651.0,27951.0,300.0,0.0,23258.0,23758.0,500.0,0.0,20442.0,21142.0,700.0,0.0,24154.0,24854.0,700.0,0.0,1074.0,-1611.45
